datetime,MA 5/20 (QQQ),TopkDropout,SoftTopk,LightGBM rotation,QQQ buy and hold
2019-01-02,1.0,1.0,1.0,1.0,1.0
2019-01-03,1.0,0.9850463441459694,0.9689511986425486,0.96889521504016,0.9673295617103577
2019-01-04,1.0,1.008006035750749,1.0082566212450061,1.0082986551745772,1.0087163426502386
2019-01-07,1.0,1.0094396385383486,1.0196492490662772,1.0197324391517844,1.0207256664685433
2019-01-08,1.0,1.0083605203338772,1.0284059225229112,1.0285229748745006,1.0299586217867518
2019-01-09,1.0,1.0111246309221515,1.0363579903360791,1.0365143454045884,1.038352274376217
2019-01-10,1.0090499560210358,1.020275264363783,1.0391743930838406,1.039342001965266,1.0413222813751593
2019-01-11,1.0055380731917045,1.013592651955083,1.0355636467171838,1.0357151802119604,1.0375128796830428
2019-01-14,0.997085703461699,1.0122671428795178,1.0268781264197955,1.0269861764571273,1.0283445179884658
2019-01-15,1.0155976111487057,1.0157119197622007,1.0459033242895996,1.0461039525212015,1.0484245909148713
2019-01-16,1.015419046993053,1.0129673062013604,1.045720485278567,1.0459195442150153,1.0482309313823692
2019-01-17,1.0230380870546392,1.008922302423897,1.0535459010944712,1.0537879446080682,1.0564953358114277
2019-01-18,1.0326809147643694,1.0106976833878525,1.0634457584354413,1.063746368337054,1.0669549898611985
2019-01-22,1.0129785490976377,1.0028215053718113,1.0432255635734984,1.0433991722988274,1.0455836039141595
2019-01-23,1.0142284981872063,0.9982399514628754,1.0445069621329561,1.0446900304421314,1.0469394734986457
2019-01-24,1.0204785161134144,1.0003898403271494,1.050924283584059,1.0511446025548459,1.05371887625539
2019-01-25,1.032085640361446,1.0031367313195994,1.062840225699847,1.0631316114506117,1.0663092007390176
2019-01-28,1.0199428236464565,0.9898900689167688,1.0503788078604919,1.050591377636287,1.053137779083437
2019-01-29,1.0107761972938405,0.9795573017651548,1.0409673168266858,1.0411247406567088,1.0431946468411988
2019-01-30,1.0352403948794717,0.9891605533403909,1.0660826301274766,1.0663896165915447,1.0697312568842656
2019-01-31,1.050002364471651,0.9964510369073245,1.081226971510572,1.0816347244269755,1.0857436721743743
2019-02-01,1.0457761341935874,0.9908289897600282,1.0768924227206227,1.0772701756501932,1.0811594298003229
2019-02-04,1.0581570970001948,1.0014093309477534,1.0895856890555684,1.0900563497385873,1.0945891683916593
2019-02-05,1.0670856680873146,1.0017478737375123,1.098733948875259,1.0992771402428274,1.104274040691851
2019-02-06,1.0640499866150976,0.9977365526164638,1.0956243945427142,1.096142105238929,1.100981204639211
2019-02-07,1.0504189838927995,0.9885073572865567,1.081659993006665,1.082064979208499,1.086195487140046
2019-02-08,1.0523832804311009,0.9977047019131806,1.083680870686595,1.0840935643752798,1.0883261561069222
2019-02-11,1.0514308777168722,1.0001871683435193,1.0827070562977612,1.0831099908764652,1.087293047731721
2019-02-12,1.066252338418895,1.0062948151316156,1.0978938463520043,1.098416536881047,1.103370027424711
2019-02-13,1.0669665950415055,1.0095904107496974,1.0986270313141002,1.0991541701057923,1.1041447506519175
2019-02-14,1.0682166349571962,1.0132467809796883,1.0999084495068179,1.100445122047828,1.1055007443067904
2019-02-15,1.0725023563451033,1.0195929154169336,1.1043003977018162,1.1048711089937615,1.1101494939867638
2019-02-19,1.0745261439932479,1.023540519386838,1.106373631708233,1.1069611323296937,1.1123447521042311
2019-02-20,1.0743475798375952,1.0232443869681345,1.1061907228114476,1.1067767240235074,1.112151087134972
2019-02-21,1.0705975509166459,1.0213103617594872,1.102351266539825,1.1029039619961325,1.1080833724938857
2019-02-22,1.0781570998683885,1.0224308698128972,1.11009165654973,1.110710924220034,1.1162832291841651
2019-02-25,1.0819071287893376,1.017612446195237,1.1139334102196996,1.1145836862474092,1.120350953620651
2019-02-26,1.0829785137232535,1.014305622438575,1.11503055577924,1.1156901360845264,1.1215131600318229
2019-02-27,1.0823237482104868,1.017187490231988,1.1143603417834844,1.1150139410289328,1.12080290647573
2019-02-28,1.079942832251037,1.013213622963894,1.1119232506911363,1.1125551010806283,1.1182202896958398
2019-03-01,1.0870856709555086,1.0119751551866298,1.1192343737775194,1.119931714724274,1.1259682161572968
2019-03-04,1.0872642351111612,1.0173521527678029,1.1194189378816293,1.1201161230304604,1.1261619040893012
2019-03-05,1.0880380736697373,1.0163856682226735,1.1202103557005867,1.1209152882230884,1.1270012285903823
2019-03-06,1.0821451840548344,1.0163595234054918,1.1141813315633344,1.1148295327227467,1.1206091711174533
2019-03-07,1.0694665840467654,1.0059683371139732,1.1012043759867496,1.1017359801911313,1.1068565874643863
2019-03-08,1.0679189977557348,0.9943145304942668,1.0996304699759225,1.1001377436046067,1.1051778842833562
2019-03-11,1.0891094586036532,1.0090325909105384,1.1213304821681096,1.1220217380602064,1.1281633384563703
2019-03-12,1.0948237840629036,1.0105978545672782,1.12717754875077,1.127923085254362,1.1343617351517596
2019-03-13,1.1026808793899856,1.0118666468384487,1.1352137187506681,1.1360373321227533,1.1428843825752584
2019-03-14,1.1008952378334593,1.0115561217885634,1.1333879428080478,1.1341932490608901,1.1409474919940223
2019-03-15,1.1106571385889985,1.0157413732474785,1.143367847096835,1.1442746429269102,1.1515362624010694
2019-03-18,1.1112523221658,1.0126105602161717,1.14397562944086,1.1448893060146206,1.1521818611752728
2019-03-19,1.1148237869310968,1.010950692987762,1.1476259868575145,1.1485776597358093,1.1560558399563112
2019-03-20,1.1190499263830387,1.0100430156082654,1.1519442069021555,1.1529421147138597,1.1606400381284403
2019-03-21,1.1357761925135188,1.0270193509394625,1.1690349107225066,1.1702158077160711,1.178783201909585
2019-03-22,1.111907087678567,1.0218164114611588,1.1446576114028881,1.145565501070214,1.1528921106152676
2019-03-25,1.1098833000304225,1.0225371172515623,1.142591960910873,1.1434754777342815,1.15069685418144
2019-03-26,1.1148237869310968,1.0290868542492715,1.1476436113846276,1.1485776597358093,1.156055821247526
2019-03-27,1.1079784946019653,1.0203674682408035,1.1406491714511555,1.1415083307366527,1.1486306854484656
2019-03-28,1.1104189924973806,1.0219029744442443,1.143142397521863,1.1440287026528404,1.1512779038000414
2019-03-29,1.1184547428062372,1.020770092772967,1.1513554328032907,1.1523274516261495,1.1599943453059796
2019-04-01,1.1326213471693714,1.029784363152249,1.165826293195473,1.1669577087764065,1.175360943867043
2019-04-02,1.136728504401626,1.0314364183855187,1.1700195851591741,1.1670669579411947,1.1798160068013457
2019-04-03,1.1429785223278344,1.0359791711824469,1.1764000539127615,1.1670669579411947,1.1865955190846527
2019-04-04,1.1425619029066854,1.0343525668890368,1.1759749041234269,1.1670669579411947,1.186143576082491
2019-04-05,1.1482166464299703,1.0362036735643836,1.1817448393165535,1.1670669579411947,1.1922773377491325
2019-04-08,1.151014272636691,1.0393307315308093,1.1845992882843108,1.1670669579411947,1.195311966788692
2019-04-09,1.1471451706699327,1.0349816682770303,1.1806516007452712,1.1670669579411947,1.191115141360942
2019-04-10,1.1530380602848356,1.0379905558403597,1.186664181210081,1.1670669579411947,1.1975071947646352
2019-04-11,1.1504189982337674,1.0386517444047527,1.1839930257566071,1.1670669579411947,1.1946662477704484
2019-04-12,1.1551809209787893,1.0375588181008664,1.1888501049428608,1.1670669579411947,1.1998315088173808
2019-04-15,1.1553594851344418,1.036625215154954,1.1890322373062507,1.1670669579411947,1.200025172874986
2019-04-16,1.1591690051652346,1.0354292860669791,1.192917738945061,1.1670669579411947,1.2041574350028226
2019-04-17,1.1630380163058713,1.0410371847252247,1.1968646369752882,1.1670669579411947,1.2083541678540586
2019-04-18,1.1644666203772145,1.0396788608003042,1.1983205989878838,1.1670669579411947,1.2099038259305563
2019-04-22,1.1676213748952404,1.0343685274838925,1.2015379774812711,1.1670669579411947,1.2133258690364004
2019-04-23,1.1818475611943398,1.0433480077038855,1.216037621569899,1.1670669579411947,1.228757190933401
2019-04-24,1.178276187255165,1.0431891024375475,1.2123994820804034,1.1670669579411947,1.2248832536331222
2019-04-25,1.1828594550184122,1.0388277053573551,1.2170687661256214,1.1670669579411947,1.229854710177098
2019-04-26,1.1838713488424844,1.0362860535118321,1.2180996589401072,1.1670669579411947,1.2309523800425983
2019-04-29,1.1860737914724035,1.0372122283611893,1.2203432203712337,1.1670669579411947,1.2333413228501646
2019-04-30,1.1772642026049709,1.028281556102218,1.2113689066713433,1.1670669579411947,1.2237854582051622
2019-05-01,1.1736332467298305,1.017831940910644,1.2076738335737192,1.1670669579411947,1.2198469577989963
2019-05-02,1.1687523417651218,1.0165576426551712,1.2026988967433032,1.1670669579411947,1.2145526124154065
2019-05-03,1.1866094839393615,1.0229238748618346,1.2208950341027913,1.1670669579411947,1.2339223669198673
2019-05-06,1.1796452093905427,1.0012994731945668,1.2138128003981852,1.1670669579411947,1.2263681556519743
2019-05-07,1.1576214188742049,0.9920951785760505,1.1913589614889166,1.1670669579411947,1.2024787355285338
2019-05-08,1.1548237926674843,0.9880666944659351,1.188507089449057,1.1670669579411947,1.1994440872494463
2019-05-09,1.1488714119427377,0.9925955144300129,1.1824392274569329,1.1670669579411947,1.1929874621211967
2019-05-10,1.1438469260472695,0.9882822940717326,1.1838354558688984,1.1670669579411947,1.1944724731122298
2019-05-13,1.1438469260472695,0.978438569139631,1.1448258092597932,1.1670669579411947,1.153021031410994
2019-05-14,1.1438469260472695,0.98239881534176,1.1567455270629088,1.1670669579411947,1.165675990772664
2019-05-15,1.1438469260472695,1.000927224552343,1.17225483244009,1.1670669579411947,1.18214031815746
2019-05-16,1.1438469260472695,1.0003903710947482,1.1834344336722533,1.1670669579411947,1.1940204745840837
2019-05-17,1.1438469260472695,0.9991285069024035,1.171950398549385,1.1670669579411947,1.1818175246635436
2019-05-20,1.1438469260472695,0.9849561069752361,1.153172112920024,1.1670669579411947,1.1618666419650772
2019-05-21,1.1438469260472695,0.9857216959346002,1.1646017671539104,1.1670669579411947,1.1740051076837255
2019-05-22,1.1438469260472695,0.9795825497825511,1.1596785057340622,1.1670669579411947,1.168775299607525
2019-05-23,1.1438469260472695,0.9750634886392193,1.1428340026500265,1.1670669579411947,1.1508904881395412
2019-05-24,1.1438469260472695,0.9791241351010425,1.142286550399721,1.1670669579411947,1.150309390934556
2019-05-28,1.1438469260472695,0.9721025379178605,1.1382096001435453,1.1670669579411947,1.1459834961971793
2019-05-29,1.1438469260472695,0.9654571629349197,1.1293247830782562,1.1670669579411947,1.1365567984447225
2019-05-30,1.1438469260472695,0.9659430589753265,1.1338294525381956,1.1670669579411947,1.1413347872954536
2019-05-31,1.1438469260472695,0.9542265266137587,1.1166606103210375,1.1670669579411947,1.1231271364861368
2019-06-03,1.1438469260472695,0.935762415717959,1.093325675310118,1.1670669579411947,1.0983983067468222
2019-06-04,1.1438469260472695,0.9448441518391355,1.1225182759238683,1.1670669579411947,1.1293255104094642
2019-06-05,1.1438469260472695,0.942065768758261,1.1304444726606133,1.1670669579411947,1.1377191779789833
2019-06-06,1.1438469260472695,0.9426934384310521,1.138967079646204,1.1670669579411947,1.1467584259416896
2019-06-07,1.1438469260472695,0.9542361746078146,1.1598382637637692,1.1670669579411947,1.1689045156150364
2019-06-10,1.1438469260472695,0.9593908371723722,1.1726681633985472,1.1670669579411947,1.1825279268750035
2019-06-11,1.1438469260472695,0.9503038905992831,1.174193224729138,1.1670669579411947,1.184142014070724
2019-06-12,1.1394331860000626,0.9469406051501421,1.1677533853384232,1.1670669579411947,1.1772980479038466
2019-06-13,1.1458497468257163,0.9476131732163277,1.1743157043680084,1.1670669579411947,1.1842712228105952
2019-06-14,1.1412155791165688,0.9420982745013353,1.16957624522786,1.1670669579411947,1.1792350466856265
2019-06-17,1.1477509903249972,0.9446260646891574,1.1762603264108737,1.1670669579411947,1.1863373564208888
2019-06-18,1.1636141168149685,0.9543274731258771,1.1924804479064735,1.1670669579411947,1.2035764682107106
2019-06-19,1.1677729736492957,0.9556065055493891,1.1967297354148079,1.1670669579411947,1.2080960093251167
2019-06-20,1.1781107812000062,0.9673618533529874,1.2072954989216613,1.1670669579411947,1.2193305742960205
2019-06-21,1.1764472384662752,0.9661505551837946,1.205596690684389,1.1670669579411947,1.2175227148731214
2019-06-24,1.1740113042289266,0.9650371294810917,1.2031090272230027,1.1670669579411947,1.2148755060875194
2019-06-25,1.1548210016152134,0.949005522315909,1.1835079889703972,1.1670669579411947,1.1940205686306897
2019-06-26,1.1599304801991814,0.9540950676774735,1.1887251819168232,1.1670669579411947,1.1995731874182505
2019-06-27,1.164148807553036,0.9533830864905117,1.1930356427590088,1.1670669579411947,1.2041574899917233
2019-06-28,1.1655747401774967,0.954661769319389,1.194492582324694,1.1670669579411947,1.2057070772539318
2019-07-01,1.1805466247810752,0.9487035796614435,1.2097915810592015,1.1670669579411947,1.2219776249839274
2019-07-02,1.1850025622442002,0.9475160828055055,1.214341159054687,1.1670669579411947,1.226820023175584
2019-07-03,1.1934985968151575,0.9511050521549701,1.2230139886779021,1.1670669579411947,1.236052973589183
2019-07-05,1.1911815129605836,0.9440163587638113,1.2206488426274533,1.1670669579411947,1.2335349265823776
2019-07-08,1.183220259783974,0.9426471058137634,1.2125221697211592,1.165374180204634,1.224883088553009
2019-07-09,1.1888644291060095,0.9375026458276294,1.2182859646697761,1.1709232796175424,1.2310168432714137
2019-07-10,1.200152767750081,0.9400478208233101,1.2298076127482884,1.182021478443359,1.2432842961090327
2019-07-11,1.1993209963832157,0.9404989315757997,1.2289592304013996,1.1812037173628174,1.2423803569904126
2019-07-12,1.2059157874548918,0.9437798910268296,1.2356864761065598,1.1876874263332797,1.2495472227987952
2019-07-15,1.209599333414399,0.9449673721096922,1.239443293869515,1.1891828664223476,1.253550310327202
2019-07-16,1.2036580834635657,0.940551138349006,1.2333846695654247,1.1891828664223476,1.2470936791127851
2019-07-17,1.19801391414153,0.9396569378602592,1.2276278780658407,1.1891828664223476,1.2409599036274468
2019-07-18,1.1993209963832157,0.9440375457859018,1.2289637492441412,1.1947267449165038,1.242380365400679
2019-07-19,1.1909438121950333,0.9492933860818739,1.220425468420379,1.1863995211063074,1.2332765307869986
2019-07-22,1.1999745375040585,0.9535262731306439,1.2296381149493334,1.1953763884077022,1.2430905716309808
2019-07-23,1.207460479805848,0.9575606802048432,1.2372756896347785,1.2028176855759267,1.251225793374731
2019-07-24,1.2155405833652324,0.9665464919819414,1.2455167511610667,1.2108496005054654,1.2600067094046574
2019-07-25,1.2045493253499584,0.962520052366516,1.2343084894627314,1.2058032072638158,1.2480620716830437
2019-07-26,1.2163723547320975,0.9651780351185615,1.2463631483617952,1.2091330123098385,1.2609106149036204
2019-07-29,1.2123917281437928,0.9634148538226717,1.2423048239113157,1.2051876483621569,1.2565847032575381
2019-07-30,1.2074010999426001,0.9655799342131096,1.2372185822257968,1.2002412299668423,1.251161168653687
2019-07-31,1.191478593589381,0.967123448462633,1.2209847683773725,1.184459774176116,1.2338575274558439
2019-08-01,1.1858343336110655,0.9600613335567356,1.2152227413075212,1.1788655142434674,1.227723693736356
2019-08-02,1.1691989062737558,0.952292330297886,1.1982401097807496,1.162377452925752,1.2096452798107986
2019-08-05,1.1448193232539965,0.9380712530644549,1.1580483868881148,1.1233947340449368,1.1669024586113055
2019-08-06,1.1448193232539965,0.9454080952918309,1.1734225174420603,1.1382929329269267,1.1832376307536592
2019-08-07,1.1448193232539965,0.9592749292868016,1.179445403214415,1.144122698084173,1.1896297258083885
2019-08-08,1.1448193232539965,0.962470320629094,1.2038036330615878,1.1677360279274118,1.2155207329231699
2019-08-09,1.1448193232539965,0.9573102583418717,1.1930566622044778,1.1573132369915404,1.20409257977493
2019-08-12,1.1448193232539965,0.9507935406549561,1.1800636170013326,1.1447115959254606,1.1902754418450823
2019-08-13,1.1448193232539965,0.9704867546800189,1.204607474238554,1.1685015771504468,1.2163601374050121
2019-08-14,1.1448193232539965,0.9547188780179472,1.1704085956663404,1.1495675543469566,1.1800094394624765
2019-08-15,1.1448193232539965,0.9515816243053579,1.1691307849295047,1.1495675543469566,1.1786536101064904
2019-08-16,1.1448193232539965,0.9588959393858056,1.1869340598191505,1.1495675543469566,1.1975713998118547
2019-08-19,1.1448193232539965,0.9592921034413988,1.204852848117091,1.1495675543469566,1.216618371731403
2019-08-20,1.1448193232539965,0.9561067472546172,1.1959930437048107,1.1495675543469566,1.20719178558049
2019-08-21,1.1448193232539965,0.9552947817167434,1.2060663973102907,1.148591293861119,1.2179098009897764
2019-08-22,1.1448193232539965,0.9560701721026216,1.2023652688325897,1.1450592697789035,1.213971263377058
2019-08-23,1.1448193232539965,0.9324479527204999,1.166249916573229,1.1106076116105832,1.1755544915457123
2019-08-26,1.1448193232539965,0.941620366308839,1.1829457981393028,1.1265306550653988,1.1933101317172192
2019-08-27,1.1448193232539965,0.9326508541088459,1.1805822062850497,1.1242723931762773,1.1907919575515342
2019-08-28,1.1448193232539965,0.9288834123447074,1.184593509384351,1.12809394480977,1.1950534005186746
2019-08-29,1.1448193232539965,0.9304967931704465,1.2017822271730194,1.1444802146763486,1.2133256507184604
2019-08-30,1.1448193232539965,0.9343632724363876,1.1990535121664996,1.1418746434176597,1.2104202009693712
2019-09-03,1.140402738210512,0.9307586033236285,1.1880078121236801,1.1313364413407077,1.1986690962870752
2019-09-04,1.156054755219239,0.9383974827079484,1.2042769080989573,1.1468542169048583,1.215972805422605
2019-09-05,1.1762037294880785,0.9439201637430238,1.2252085991991413,1.166830381023346,1.2382480793428186
2019-09-06,1.1750940605926143,0.9445190110088149,1.2240569531710515,1.165730229339334,1.23702128703265
2019-09-09,1.1727579812137432,0.9389529367991812,1.221632766450951,1.1634141856319227,1.2344386687591002
2019-09-10,1.1695458052310086,0.9332562824743017,1.2183000251937433,1.1563492251508931,1.2308874867328934
2019-09-11,1.179999880757673,0.9390075013941022,1.2291539967360774,1.1563492251508931,1.2424447822943299
2019-09-12,1.1846721286311312,0.9435862132550623,1.2340055513041714,1.1563492251508931,1.2476101520174727
2019-09-13,1.18064231595422,0.9407850117496407,1.2298238224731108,1.1529163992524392,1.243155043124116
2019-09-16,1.175619665085503,0.9341355249979693,1.2246122744357688,1.1480201152286966,1.2376023751804839
2019-09-17,1.1809928080651952,0.9374144708514167,1.2301897179548,1.1532580731948,1.2435425245392204
2019-09-18,1.1805255743662777,0.9346729818826134,1.229704203809902,1.152802594811938,1.2430259759143762
2019-09-19,1.1823944200462313,0.9336929416461348,1.2316436845627192,1.1546244214697667,1.2450920530492446
2019-09-20,1.1704802726288435,0.9340469676143303,1.2192801453495778,1.1430100267644525,1.231920607758963
2019-09-23,1.1687281685368323,0.9338122165268377,1.2174617073173777,1.141302004547125,1.2299835721010397
2019-09-24,1.153952248131969,0.9369755614974989,1.2021223617628933,1.1268978373243883,1.2136483952983035
2019-09-25,1.1662752584543032,0.9469880565674809,1.21492875287311,1.1389108081923136,1.227271869836018
2019-09-26,1.162187074983421,0.9449031462078702,1.210681227949343,1.134925480934295,1.2227522288849915
2019-09-27,1.163123044426649,0.931231156878825,1.1964245281295611,1.1215460749177837,1.207579130974879
2019-09-30,1.163123044426649,0.9339383932907667,1.2072252243530504,1.1248038351847935,1.2190718944346222
2019-10-01,1.163123044426649,0.9226102827116948,1.1978844135552285,1.1111606416762356,1.209128778840567
2019-10-02,1.163123044426649,0.9157932517021732,1.1783379456181633,1.0930035111420444,1.188338474628233
2019-10-03,1.163123044426649,0.9245674081287285,1.1906094634391218,1.1043940289526832,1.2013809182234128
2019-10-04,1.163123044426649,0.9284577443654273,1.2072461799243284,1.1198444455637342,1.2190719321181358
2019-10-07,1.163123044426649,0.9274351668386501,1.20378582000922,1.1166303410879599,1.2153917294422019
2019-10-08,1.163123044426649,0.9210305270082884,1.1866693322810085,1.10072871944757,1.1971840526444217
2019-10-09,1.163123044426649,0.9212785300348638,1.1976566487574465,1.110935039161566,1.2088704508328747
2019-10-10,1.163123044426649,0.9206361724628567,1.2064586359670777,1.1191113664542816,1.2182324652264853
2019-10-11,1.163123044426649,0.9210448472055154,1.2212068715635869,1.1328138368084633,1.2339220982199062
2019-10-14,1.163123044426649,0.9189327243491796,1.2210855559224374,1.1327010355511287,1.2337929488303725
2019-10-15,1.163123044426649,0.9264398748808327,1.2358203212982317,1.1464035059053104,1.2494825160414678
2019-10-16,1.1630493227223948,0.9225555982683709,1.2329090415369788,1.1436967919821703,1.2463832405177417
2019-10-17,1.165971358934847,0.9187457371771427,1.236001829984413,1.1465726647702381,1.2496762292662436
2019-10-18,1.1553147215428743,0.9162942390050108,1.2247294569030027,1.1360843849339797,1.2376669185980054
2019-10-21,1.1650546382633604,0.9184953161288445,1.2350328977547362,1.145670426795858,1.2486431130681939
2019-10-22,1.1562314422143614,0.921051260536762,1.2257022580736907,1.1369866229083596,1.2387000169512459
2019-10-23,1.1583512822717914,0.9236495417947361,1.2279465029065848,1.1337078557786446,1.2410889340247622
2019-10-24,1.1690651819219964,0.9290258758195529,1.2392832030758807,1.1354125433300246,1.2531627829551084
2019-10-25,1.177945727652523,0.9397988396924448,1.24867711806627,1.1440358613527803,1.2631704776754895
2019-10-28,1.1890034631220066,0.943059889342255,1.2603681393249664,1.154773306151594,1.275631711971997
2019-10-29,1.1802374419079447,0.9367132666682685,1.251103823490855,1.146261195407855,1.2657530497328053
2019-10-30,1.1856804162553383,0.9375471490418558,1.2568562427480177,1.151546512347999,1.2718868596837158
2019-10-31,1.1861960388493138,0.9344924900829529,1.2574017848599515,1.1536185083737378,1.2724678703169827
2019-11-01,1.1964515781637755,0.9374322092081653,1.2682379372133346,1.1536185083737378,1.2840251307157822
2019-11-04,1.2034987699746234,0.9361412929893588,1.2756836721660394,1.1536185083737378,1.2919668964869397
2019-11-05,1.2041290045083588,0.9363621647999039,1.2763491572625303,1.1536185083737378,1.2926770571428794
2019-11-06,1.2015507166918902,0.9344940189706996,1.2736266594867338,1.1513169121688422,1.2897715183559402
2019-11-07,1.2053893861525342,0.9380491705450599,1.2776801614168471,1.1549886602913826,1.294097505628258
2019-11-08,1.2099729020866732,0.9423248145250748,1.2825202008792613,1.1593728658600968,1.2992628759472609
2019-11-11,1.208426034304746,0.9368898352417383,1.2808868129894966,1.1578932623327964,1.2975196542269485
2019-11-12,1.2117489937481192,0.9378140804585781,1.2843944395280515,1.161071725657804,1.3012643697779476
2019-11-13,1.2120354798858708,0.9338276751073471,1.2846973883792014,1.1613457541849297,1.3015871803269095
2019-11-14,1.2111187592143842,0.9355909080236976,1.2837295496027925,1.1560802090695717,1.3005541165043282
2019-11-15,1.2195982942906944,0.9400849038715436,1.2926805637261864,1.1560802090695717,1.3101098917856078
2019-11-18,1.2205150149621813,0.9413078631733365,1.293647933512718,1.1560802090695717,1.3111430044229084
2019-11-19,1.2222337569421005,0.9438036267670493,1.295462156645902,1.1560802090695717,1.3130798793026033
2019-11-20,1.2152439148127798,0.9398569961775023,1.28808676276151,1.1560802090695717,1.3052028319752988
2019-11-21,1.2126657144196062,0.9379919340310241,1.2853656939500129,1.1560802090695717,1.3022973791179369
2019-11-22,1.2134105608931014,0.9354702787918588,1.2861518204532079,1.152972255141261,1.303136793944436
2019-11-25,1.2271037590139908,0.9384110383237928,1.300602224194677,1.1659538549630937,1.318568089986219
2019-11-26,1.2293382110111806,0.9386537911573736,1.3029587693416123,1.1680721885614633,1.3210862027412293
2019-11-27,1.2375311725264444,0.9400710091806829,1.311599123403893,1.1758393841287704,1.3303191196695336
2019-11-29,1.232145635283873,0.9373528799780422,1.305919707098166,1.1707337186230637,1.3242500182513064
2019-12-02,1.2201139168846702,0.9365050243213667,1.2932314395058095,1.1593272559363699,1.3106910945070316
2019-12-03,1.2110042346979195,0.9409478103433649,1.2836324730305344,1.1506909791799511,1.3004251490333674
2019-12-04,1.2168481322762341,0.9446252604214536,1.2898026700931207,1.1562311852802138,1.3070108258442563
2019-12-05,1.219139933954951,0.9423143347117231,1.292221713703075,1.1584038882529928,1.3095934964672242
2019-12-06,1.23157266300837,0.9479495439219046,1.3053383611238105,1.1701905221598332,1.3236042570050808
2019-12-09,1.226244388024031,0.9445845098793229,1.2997178617029728,1.1670693693199632,1.3175996348076366
2019-12-10,1.2252703176710171,0.9441260299413682,1.2986900086888948,1.1644944339311298,1.3165019502993305
2019-12-11,1.2314580510686104,0.9459502192875167,1.3052175059580717,1.1703592290223799,1.3234750755968412
2019-12-12,1.2402239848593772,0.9441298643531907,1.3144628705918489,1.1786676680198174,1.3333537191552742
2019-12-13,1.2441200040015485,0.9466659698012933,1.3185692322806222,1.1823603536079377,1.3377441849429839
2019-12-16,1.2560371104609918,0.9516696664628026,1.3311298475819684,1.193655505317678,1.3511739206978062
2019-12-17,1.2567246072529592,0.9501184130862306,1.33185421545609,1.1939837650556113,1.3519486793417381
2019-12-18,1.2576413279244458,0.9499908638718652,1.3328200219430315,1.192741208603399,1.352981745976224
2019-12-19,1.2651467926477422,0.9543404261483396,1.340727366833065,1.1998314885787367,1.3614398496020863
2019-12-20,1.2700167947196328,0.9577333354738469,1.3458578914210078,1.2044320935303527,1.366928060513139
2019-12-23,1.2705896795718408,0.9560080497091167,1.3464610606168919,1.2049732877329153,1.3675736704851098
2019-12-24,1.271219914105576,0.9559136421364465,1.347124611163684,1.2055686591668042,1.3682839812401604
2019-12-26,1.281933813755781,0.9615513613867263,1.358404878414407,1.2156898909556686,1.3803578696444534
2019-12-27,1.2809025685678297,0.9638422351338223,1.357321914738186,1.2147156918387105,1.37919572481013
2019-12-30,1.2728814812505576,0.9573941142301023,1.348879343091549,1.2071383123048942,1.370156547850559
2019-12-31,1.2751731955059795,0.9535705225735827,1.3512939679394396,1.2093032542896296,1.372739207015776
2020-01-02,1.2955124873602057,0.9601010988874603,1.3727042055415346,1.2285174241063164,1.3956602282995312
2020-01-03,1.2841682657529705,0.9471156580870493,1.360766750730723,1.217800738296321,1.3828760886326987
2020-01-06,1.292074828553778,0.9591724300771826,1.3690913626977697,1.2252699285419706,1.39178615687221
2020-01-07,1.2919029543557858,0.9585981158117187,1.3689100191889492,1.2251075620224776,1.3915924524652157
2020-01-08,1.3011845107405282,0.9646600554358378,1.3786743113836633,1.2338756844240717,1.4020521958830554
2020-01-09,1.3117266236160365,0.9712991374655418,1.38976340805188,1.2438346322806857,1.4139325069114839
2020-01-10,1.308518101265833,0.9644164538180682,1.3863919181231052,1.2408035978799163,1.41031668887132
2020-01-13,1.3229561458602173,0.9672733376182087,1.4015661157569865,1.2544429636280292,1.4265874502219846
2020-01-14,1.3179716192718622,0.9631921099180406,1.3963284965036622,1.249734169388246,1.4209702015944938
2020-01-15,1.318487241865838,0.9627751599334629,1.3968699888490512,1.2502212689467251,1.4215512190638369
2020-01-16,1.3305762225232733,0.9660354126889864,1.4095720861989491,1.2616415154787763,1.4351746170820752
2020-01-17,1.336878567860626,0.9692460439246332,1.416192672328798,1.267595229817663,1.4422769162810518
2020-01-21,1.336305595585123,0.9704747102256351,1.4155912648669098,1.2670539530278577,1.4416312226261456
2020-01-22,1.3396859047100236,0.9742180082229269,1.4191425451780801,1.2702472713608775,1.4454405790391205
2020-01-23,1.3438110603084195,0.9768085132231662,1.423473717799027,1.2741442330031951,1.450089329032194
2020-01-24,1.3329825487184548,0.9802185152149979,1.412109476253196,1.2639147293389212,1.4378863323008686
2020-01-27,1.3066274850879218,0.981126911868507,1.3844488832391126,1.2390175661654934,1.4081859670403547
2020-01-28,1.3258208323911422,0.9867754762628603,1.4046247124659281,1.2571491824025698,1.429815532455882
2020-01-29,1.32788341019034,0.9821755400964777,1.4067949847958239,1.2590976632237285,1.4321399222016062
2020-01-30,1.3324096638662468,0.9752278125301875,1.4115547923616436,1.2633735351363589,1.4372406545824277
2020-01-31,1.31218498395178,0.9558159868828003,1.3903189217651286,1.2442676371950816,1.4144488144395653
2020-02-03,1.3311491947987764,0.9593383749607826,1.4102437588820769,1.2621827922685815,1.4358201467792047
2020-02-04,1.3603116827020019,0.96671515132507,1.4408753700521366,1.2897320795724667,1.4686843177217903
2020-02-05,1.3646087124983897,0.9768622367028632,1.4453959467465378,1.2937914077342776,1.4735267028778911
2020-02-06,1.3758955844240977,0.9816129417757743,1.4572336446495773,1.3044539163129472,1.4862462794848907
2020-02-07,1.3702234736204801,0.976505535568678,1.45128367407649,1.2990955734079495,1.4798541828138752
2020-02-10,1.386093861480327,0.9899129548813708,1.4679312884017235,1.3140880485433326,1.4977390448682057
2020-02-11,1.3863229979365514,0.9941637348152202,1.4681775407869164,1.3143045097069088,1.4979972200814091
2020-02-12,1.3992714370072412,0.9968209796859901,1.4817453385922439,1.3265366714236677,1.512589134120605
2020-02-13,1.397552607604027,0.9892831218734854,1.4799455125297634,1.3249129236414947,1.5106521037130225
2020-02-14,1.4013912770646713,0.9895464631118531,1.4839670771347324,1.3285392468889101,1.51497807589284
2020-02-18,1.4019068996586468,0.9840380531261443,1.484508204810168,1.329026346447389,1.5155590643560208
2020-02-19,1.4147979890478093,0.9864683215908763,1.4980116205794334,1.3412043309328219,1.5300864554089588
2020-02-20,1.4021933857963984,0.9834735480524815,1.4848130450892187,1.329296984842292,1.5158819237681667
2020-02-21,1.3763539447598412,0.9691812663389776,1.4577435096494995,1.304886921227343,1.4867626740503395
2020-02-24,1.325477083995159,0.9339397857061641,1.4044289362959204,1.2568244493635838,1.429428005283137
2020-02-25,1.2909862336842997,0.9017357340943498,1.3682062253802239,1.224241552193687,1.3905591742612207
2020-02-26,1.297422047554183,0.9061999725888863,1.3748818242533067,1.2302493611766567,1.3977259694362973
2020-02-27,1.297422047554183,0.8838678798407845,1.3095077580335637,1.171578557965554,1.3277363487120124
2020-02-28,1.297422047554183,0.854483161106939,1.3106026372591566,1.1724445677943456,1.3287694325261619
2020-03-02,1.297422047554183,0.8829736679497769,1.3747797526180128,1.2299246281376706,1.3973385015208457
2020-03-03,1.297422047554183,0.8848114441242199,1.3329554106665304,1.192362298333088,1.3525296301432457
2020-03-04,1.297422047554183,0.9032789175076201,1.3856620360833445,1.2396670322434655,1.4089604352115865
2020-03-05,1.297422047554183,0.8806502997001825,1.3456617496228813,1.2037825448651391,1.3661530949663419
2020-03-06,1.297422047554183,0.8935073092676896,1.3241631481146787,1.1844601857602854,1.343103049569118
2020-03-09,1.297422047554183,0.8332820752115006,1.2367977626434332,1.1062504796935102,1.2498051414996958
2020-03-10,1.297422047554183,0.844299188318292,1.3006695807550703,1.1632975351224397,1.317857671270066
2020-03-11,1.297422047554183,0.8247779997590726,1.2468565257200799,1.115180968614597,1.2604584308964042
2020-03-12,1.297422047554183,0.8034690448052904,1.1383319923267767,1.0182983695209402,1.1448852645160499
2020-03-13,1.297422047554183,0.8446186395569502,1.22966603026886,1.0995931220453257,1.2418634477050907
2020-03-16,1.297422047554183,0.821470152670103,1.0895748692469713,0.9748905972528805,1.0931032681915736
2020-03-17,1.297422047554183,0.8490896524294768,1.167861870966343,1.0443862755621454,1.1760060403610548
2020-03-18,1.297422047554183,0.8717380252079555,1.1341291089284171,1.0144014078786223,1.1402364865576011
2020-03-19,1.297422047554183,0.866634833725235,1.1405821048468925,1.0201385784666894,1.147080535932022
2020-03-20,1.297422047554183,0.8157990243250417,1.098261720870596,0.9824679767866972,1.1021425234889073
2020-03-23,1.297422047554183,0.8160213678985647,1.096788816249996,0.9811690446307529,1.10059302709442
2020-03-24,1.297422047554183,0.8314046494275555,1.1773202560393599,1.0526132037611768,1.1858202216717977
2020-03-25,1.297422047554183,0.8338847618944171,1.1690531315658652,1.0452522853909365,1.177039243037476
2020-03-26,1.297422047554183,0.8676892380808537,1.2274486451714797,1.0972116363097706,1.2390225368681183
2020-03-27,1.297422047554183,0.8454709743749025,1.1873076185101101,1.0614895980381802,1.1964089669435236
2020-03-30,1.297422047554183,0.8660508615228741,1.2282693435190866,1.0979693742631522,1.239926401160469
2020-03-31,1.297422047554183,0.8638536744172661,1.218310475478883,1.0890929799861488,1.2293376088884813
2020-04-01,1.297422047554183,0.8521068268148883,1.1691703674294263,1.04530638003502,1.1771037066019399
2020-04-02,1.3286285513932132,0.8465494455994801,1.191700920279725,1.0653323824491716,1.200993194803268
2020-04-03,1.31067482349455,0.8362965022348531,1.1756443635936331,1.051043550623087,1.1839477866389707
2020-04-06,1.3998314288454718,0.866287504291402,1.2553063430071134,1.122000610195032,1.268593917851018
2020-04-07,1.3992873639067516,0.8411864726371497,1.2549219813625074,1.1215676052806363,1.2680773980033364
2020-04-08,1.4276461910749976,0.8474973432513501,1.280183254081577,1.1441375425370788,1.2950015309799847
2020-04-09,1.4296183356793042,0.8407636965555564,1.2819483296675616,1.1457071130879255,1.2968739600610975
2020-04-13,1.444375746919096,0.8365461018418439,1.295095347679765,1.1574520926589627,1.3108848420070005
2020-04-14,1.5044255525520305,0.8535072677397597,1.348532396229304,1.2052439261278192,1.3678966986713499
2020-04-15,1.4878999043189538,0.8397455708637074,1.333836117917401,1.1920916599381857,1.3522070594954922
2020-04-16,1.5138784603515203,0.8448266966661253,1.3569209309030592,1.2127672110175525,1.3768712824225007
2020-04-17,1.5277517530946696,0.8550161308357608,1.3692491471723354,1.2238085472792914,1.3900426917672406
2020-04-20,1.5104101631081768,0.8518435330523257,1.3538587582642454,1.2100068975989284,1.373578391994268
2020-04-21,1.457024971377457,0.8428947592661721,1.3064364469723488,1.1675192298037436,1.3228940264409912
2020-04-22,1.4983729727922097,0.8492551693893738,1.343176775244629,1.2004268600126269,1.3621501272529348
2020-04-23,1.4953126983104628,0.8515842837270574,1.3404607037173326,1.1979912796329888,1.3592446449337068
2020-04-24,1.5178908225335837,0.8617808272470185,1.36051949854415,1.2159605293505722,1.3806805247087028
2020-04-27,1.5295879592916284,0.8699633557261777,1.3709150055856938,1.225269928541971,1.3917859020303835
2020-04-28,1.5019773122126772,0.8470034776682216,1.346421649239923,1.20329544530666,1.3655721009718356
2020-04-29,1.5529822328077179,0.8640173287337638,1.3916733429971675,1.2438887269247694,1.413996583523874
2020-04-30,1.5523701986653238,0.859315431926932,1.3911342933224162,1.2434016273662905,1.4134155519363438
2020-05-01,1.5104101631081768,0.8420575606449164,1.3539180092091865,1.2100068975989284,1.3735783362864122
2020-05-04,1.5272757611293994,0.8554816914481767,1.3689039326329129,1.2234297195962218,1.3895906296164988
2020-05-05,1.5438693785661501,0.8630573945263227,1.3836406599117659,1.2366360804299388,1.4053448080498037
2020-05-06,1.5529822328077174,0.8607427005086175,1.3917256836578005,1.2438887269247692,1.413996567903419
2020-05-07,1.5721601327609456,0.8704522064186537,1.4087302791330296,1.2591518404550548,1.4322042468498892
2020-05-08,1.5928340815834334,0.8744710640613339,1.427047443241986,1.275605614265875,1.4518322863332993
2020-05-11,1.6065033629457846,0.8685766333259385,1.4391565102443848,1.2864845840081205,1.464810082409919
2020-05-12,1.5742002465689255,0.8482734770420133,1.4105706243651817,1.260775505649985,1.4341412289834743
2020-05-13,1.555294430969946,0.849424558165831,1.393814789861507,1.2457289358705186,1.4161919136071497
2020-05-14,1.572228101964619,0.8629078297742127,1.408842990144955,1.259205935099138,1.4322689499799077
2020-05-15,1.5820210633220309,0.8508063692349274,1.417524835888199,1.2669998583837738,1.4415664130872796
2020-05-18,1.6103117137470497,0.8541058503564141,1.4426000460258477,1.2895155358216472,1.468425756814666
2020-05-19,1.6064353937421108,0.8542569600872076,1.4391695940152038,1.2864304893640373,1.4647455057990897
2020-05-20,1.637242357479933,0.8601287182692832,1.4664295474778275,1.310948824854396,1.4939939413791505
2020-05-21,1.6201046751044619,0.8594871318246577,1.4512745151879383,1.297309459106283,1.4777232682833858
2020-05-22,1.6254772515182143,0.8629953551106581,1.456029210225545,1.3015853310189134,1.4828241092043604
2020-05-26,1.6212607741855762,0.8753856085256271,1.4523221997416569,1.2982295635791576,1.4788209687322944
2020-05-27,1.6297615942847496,0.8803722548984736,1.4598448966225632,1.3049951105155093,1.4868916644626864
2020-05-28,1.6277214804767692,0.8752481446131716,1.4580396934907331,1.3033714453205791,1.4849547508933056
2020-05-29,1.6506396582578122,0.8851720364797176,1.478312664457708,1.3216113334330652,1.5067135675069265
2020-06-01,1.6554000967593938,0.881084792583567,1.4825182191512793,1.3254000231999736,1.511233200978794
2020-06-02,1.6660771766134483,0.884281231590961,1.4919542080471466,1.3338975897939078,1.521370052021622
2020-06-03,1.6732858554543832,0.8856866206293782,1.4983232500827994,1.3396347603819752,1.5282140887978237
2020-06-04,1.6619967414579346,0.8802168362648914,1.4883502498192782,1.330650094229562,1.5174961418656034
2020-06-05,1.6936878236923998,0.8836125741006831,1.5163467047735835,1.3558720730292189,1.5475839121850072
2020-06-08,1.7063370481507607,0.8898169196250788,1.5275124587494326,1.3659392101739998,1.5595932374923283
2020-06-09,1.7182381962896034,0.8858546935220966,1.5380136723349973,1.375410975884892,1.570892218135524
2020-06-10,1.7380960995888992,0.8890311929329372,1.5555324600462397,1.39121528361774,1.5897454910319606
2020-06-11,1.655128116174922,0.8742565261291526,1.4823436455786771,1.3251835620363974,1.510974933541469
2020-06-12,1.667777340633283,0.8622752098318345,1.4934901732351116,1.3352506991811783,1.522984224206143
2020-06-15,1.6872951903746567,0.8495179887794381,1.5107748079671774,1.3507843685191234,1.541514701232585
2020-06-16,1.715177921807856,0.8456321738789888,1.5354363151275803,1.372975395505254,1.5679868455741444
2020-06-17,1.7204143522747077,0.8499543672929557,1.540056021672622,1.3771429129552313,1.5729583195221146
2020-06-18,1.7249028101918178,0.8524326459393163,1.5440154847777081,1.3807151415585632,1.5772197000478778
2020-06-19,1.7246308296073458,0.8597450821235684,1.5437843310783805,1.3804986803949868,1.5769614556218639
2020-06-22,1.7416324698056926,0.8691847651095341,1.558783129535846,1.39402977426769,1.5931028963025484
2020-06-23,1.7559137853104378,0.8738826106000949,1.5713769327315221,1.405395843568415,1.6066617109809218
2020-06-24,1.7210264901868781,0.8584942010313974,1.5406320706140648,1.3776300951009532,1.5735393558796877
2020-06-25,1.7368039583306603,0.8579794625315748,1.5545478039218403,1.3901869072694557,1.588518597401496
2020-06-26,1.6972921631128663,0.8387257558168575,1.5197090606729553,1.3587406583232526,1.5510057265426545
2020-06-29,1.7151098488344052,0.8371008677447106,1.535439354139987,1.3729212182739277,1.5679220749919847
2020-06-30,1.7474810381847148,0.8521273409144113,1.5639981995070567,1.3986844738633895,1.5986556435255075
2020-07-01,1.7671349301032127,0.8514471490507011,1.5813200422256606,1.4143264150767447,1.6173151841034996
2020-07-02,1.7786960246841332,0.8479848573482508,1.5915140075150556,1.4235275423927343,1.6282914236352786
2020-07-06,1.8208601753918547,0.8575900279799996,1.6286259767391515,1.457084721266832,1.6683224000008121
2020-07-07,1.8087548083326608,0.8519778282452954,1.6179773228588772,1.4474504238619612,1.6568294503943404
2020-07-08,1.8317410590871543,0.85548766925019,1.6381946130238314,1.4657444892057736,1.678652863344668
2020-07-09,1.8466345125040702,0.8553264154622403,1.6512921326823802,1.47759774065222,1.692792907792662
2020-07-10,1.8588077449971612,0.8540481878324261,1.6619919624490602,1.4872860501139318,1.7043502049527035
2020-07-13,1.8218802322958447,0.8277939582702171,1.629581520586608,1.457896553864297,1.6692908407928537
2020-07-14,1.8343253416036311,0.8190821338937568,1.6405627364650872,1.4678012419023418,1.6811063664394112
2020-07-15,1.8379296810240984,0.8155401766520782,1.6437390146258593,1.4706698271963756,1.68452845653032
2020-07-16,1.8258245215044575,0.8062143345864606,1.6331031318035019,1.4610356949659902,1.673035716571567
2020-07-17,1.8278648428519908,0.8049469073055227,1.6348977908034064,1.4626595253354062,1.6749728908816623
2020-07-20,1.8779175719769385,0.8061267663939231,1.6789070967073245,1.5024949864128907,1.7224935073200034
2020-07-21,1.859011756377959,0.792806529848279,1.6623204688697517,1.4874484166334243,1.704544158935996
2020-07-22,1.8653363167222514,0.79350700947719,1.6678737751167405,1.4924819439121937,1.7105488482051474
2020-07-23,1.818275892875377,0.77422871521708,1.6265296530115718,1.4550279685702634,1.6658691982943306
2020-07-24,1.801614202465176,0.7621905035009349,1.6119078925060888,1.4417674305052204,1.6500504462684957
2020-07-27,1.8326251775837963,0.7695161034397625,1.6391977849874604,1.4664481325150716,1.6794925063512918
2020-07-28,1.8101150225643492,0.7665064430495004,1.6193971497903545,1.4485329774415716,1.658121171786849
2020-07-29,1.830244906448117,0.7696389608590246,1.637103241686458,1.4645537463379958,1.6772326574751244
2020-07-30,1.8146867818771655,0.7631920250197606,1.645242481642458,1.4719147472954792,1.6860136976490119
2020-07-31,1.8146867818771655,0.7621398129131792,1.6731236857145044,1.497136726095136,1.7161014743724394
2020-08-03,1.821839929392507,0.7674348629384604,1.694565745891007,1.5165673570753995,1.7392806670885963
2020-08-04,1.8282725877611012,0.7708276113264249,1.700535665839029,1.5219797946244806,1.7457371852586119
2020-08-05,1.8325823589349333,0.7714489121802068,1.7045346343578036,1.5256060352846532,1.7500629200089763
2020-08-06,1.8556757752302429,0.7809711880418044,1.7259590515712908,1.5450368314394023,1.773242271194598
2020-08-07,1.8352841618257705,0.7787142260481287,1.7070480203393492,1.5278793317320412,1.7527747296300837
2020-08-10,1.8278222545611025,0.774000240101212,1.7001254134639432,1.5216008843541688,1.7452850233303507
2020-08-11,1.7948870751233637,0.7700011781098373,1.6695632371832894,1.4938892305307905,1.7122271894204255
2020-08-12,1.8377927965087624,0.7814147830725822,1.7093892788725764,1.5299900964854505,1.7552926646746556
2020-08-13,1.8417812095969803,0.7828573198025872,1.7130913227247138,1.5333459465124488,1.7592959819426166
2020-08-14,1.839722711804833,0.7794995180119187,1.7111822212649326,1.5316139268548665,1.7572297769162168
2020-08-17,1.86004993580669,0.7835733344206879,1.7300325628006417,1.5487172493309014,1.777632735671932
2020-08-18,1.8770964412216344,0.7870030320474564,1.745833968434449,1.5630601758010694,1.7947427999810073
2020-08-19,1.8650674014818276,0.786146828659326,1.7346882823322094,1.552938944012205,1.7826689588346183
2020-08-20,1.8897043966575164,0.7980155045479201,1.7575276078608895,1.5736685071484124,1.807397766450231
2020-08-21,1.902183769597322,0.7977981435506428,1.769085730056192,1.584168649207589,1.8199236678334345
2020-08-24,1.9135053111449778,0.7927359140445042,1.7795796738204575,1.5936945921498076,1.831287386557381
2020-08-25,1.9278500136690848,0.7898587899669258,1.792860852962559,1.6057642221725879,1.845685571368616
2020-08-26,1.9670892689793416,0.8016776666221949,1.8291618429948358,1.6387801242568805,1.8850709844655698
2020-08-27,1.9612355263068222,0.8035513986927968,1.8237567020042407,1.6338547862662782,1.879195395989469
2020-08-28,1.9707559313636376,0.8033103253165859,1.8325542568564386,1.6418652533017337,1.8887513125380457
2020-08-31,1.9858727177916653,0.803955166508296,1.846523664405673,1.6545845145769715,1.9039243975362512
2020-09-01,2.0182933709359445,0.8090937545488616,1.8764703508336285,1.681863246073197,1.936465799449555
2020-09-02,2.036562097145654,0.8169379229384929,1.893339567728439,1.6972345488916494,1.9548024874730838
2020-09-03,1.9378207519258988,0.7883308530412265,1.802194921518018,1.6141535994783553,1.8556935179594891
2020-09-04,1.9131835604410556,0.7827709950934598,1.7794180443927794,1.5934238711676623,1.8309645660946055
2020-09-08,1.8255065917768032,0.7758263580431713,1.6982509651163897,1.5196524861202532,1.7429612063093587
2020-09-09,1.87651752552556,0.7906169522438378,1.7455654235122502,1.562573076242591,1.7941620713850857
2020-09-10,1.8408805431969837,0.7668739638541441,1.712574403954509,1.5325881259718248,1.758392434875606
2020-09-11,1.8507601258869186,0.7709800140949497,1.7012828358404584,1.522358704894794,1.7461895979333761
2020-09-14,1.8507601258869186,0.7723833107867993,1.7293806791300397,1.5478512395021107,1.7766001958003506
2020-09-15,1.8507601258869186,0.7819697459856289,1.7526419641107962,1.5689597129086301,1.8017808523383458
2020-09-16,1.8507601258869186,0.7672389299856933,1.726125019344373,1.5448742997454243,1.7730488479407125
2020-09-17,1.8507601258869186,0.7477897933060382,1.700597860313599,1.5216550615854958,1.7453501381070295
2020-09-18,1.8507601258869186,0.7342195419295376,1.6800114995629685,1.502982085971371,1.7230747136491285
2020-09-21,1.8507601258869186,0.7220328696291973,1.683882924744649,1.5064461252865362,1.7272070818667389
2020-09-22,1.8507601258869186,0.7276730358485062,1.713576698125015,1.5184075607355663,1.7592964611426487
2020-09-23,1.8507601258869186,0.7261431820723082,1.663915588922901,1.4746154179899196,1.7055774227928366
2020-09-24,1.8507601258869186,0.7360097710741669,1.6713010338111371,1.481134892993222,1.713519128274162
2020-09-25,1.8507601258869186,0.7366803125790545,1.708171476306583,1.513837893048244,1.753356377552191
2020-09-28,1.8507601258869186,0.7375493529173327,1.7418632997619967,1.54373188174221,1.7897718362512118
2020-09-29,1.8507601258869186,0.735381754678682,1.7344084854674946,1.5371064581933882,1.781701058103539
2020-09-30,1.8507601258869186,0.7389585616707234,1.7456800700395847,1.5471240144873846,1.7939040186653248
2020-10-01,1.8507601258869186,0.7482385419338808,1.7719763282104253,1.5704985281780486,1.8223777216059378
2020-10-02,1.8381094143814078,0.7431240217975809,1.7246562965591226,1.5360143595113336,1.7711121818260016
2020-10-05,1.8753734189475526,0.7476401705762424,1.7595465772524221,1.5360143595113336,1.8088834577163886
2020-10-06,1.8435238756250674,0.7360263037143083,1.7297390755013122,1.5121538622140387,1.7766004196559406
2020-10-07,1.8738447030742125,0.7422586846711319,1.7581165381776622,1.537009367243316,1.8073339298996391
2020-10-08,1.883335804778174,0.7390815579651985,1.7670046195155134,1.5447896999711037,1.8169542476732052
2020-10-09,1.9107263342778373,0.7426194513173799,1.7926210834109007,1.567243092606094,1.844717540285341
2020-10-12,1.9669089753533058,0.751577883038686,1.845128594193996,1.6132988250939866,1.9016647780430587
2020-10-13,1.9668452140605213,0.7553745447897381,1.845078269166564,1.6132465567600787,1.9016001696525198
2020-10-14,1.9511752931762305,0.7466632730746543,1.8304542162622808,1.6004011356382073,1.8857170198513997
2020-10-15,1.9386903266241882,0.7341572629689497,1.8188263934399589,1.5901665815369008,1.873062073704072
2020-10-16,1.9285621951749399,0.7255962313327189,1.809375626583374,1.597519731864557,1.8627960349330754
2020-10-19,1.8985597854013452,0.7296343881851419,1.7813525651294828,1.5610506588020194,1.8323852291598195
2020-10-20,1.9024455307716646,0.7285758690891091,1.7849786969635155,1.5642376421730149,1.8363238728617284
2020-10-21,1.901044143089708,0.7285157998006505,1.7836683619673237,1.5630882618577666,1.8349033862194868
2020-10-22,1.9009803817969237,0.7257113963196082,1.7836093149664725,1.5630359665680729,1.8348387492796479
2020-10-23,1.9045475150975073,0.7264524737300103,1.7869441329506912,1.5659616329274586,1.8384543532661008
2020-10-26,1.8773480750820115,0.7210943414785179,1.7615096742487,1.5436533870779272,1.810884686993623
2020-10-27,1.88211594394162,0.7229236542534372,1.774558543467613,1.55509489494072,1.8250246680110658
2020-10-28,1.88211594394162,0.7065008637369086,1.7088648195473406,1.497521766909478,1.7538729012295753
2020-10-29,1.88211594394162,0.7091860801864074,1.7372067456127454,1.5223377951114225,1.7845417083057626
2020-10-30,1.88211594394162,0.6963315591494478,1.6953749996495835,1.4857145108925476,1.739280858737429
2020-11-02,1.88211594394162,0.7017297998403093,1.6989488275967664,1.488849198973849,1.7431547700662993
2020-11-03,1.88211594394162,0.7076570386726261,1.726827288437027,1.497772627254702,1.77330700073987
2020-11-04,1.88211594394162,0.7288761136288977,1.79997026523128,1.497772627254702,1.8524650024332436
2020-11-05,1.88211594394162,0.7302124442263329,1.8445163839435876,1.497772627254702,1.9007605293629974
2020-11-06,1.88211594394162,0.7279154240945233,1.8458243879745158,1.5007097818988435,1.9021807849045662
2020-11-09,1.8259037177813513,0.7061751340892981,1.810062184353448,1.4715458233267724,1.863312034508639
2020-11-10,1.79484716783541,0.6975670839762129,1.7793124643096767,1.4464997365203538,1.829931446306887
2020-11-11,1.8329320931333222,0.7055462728576466,1.817069781304751,1.4772139770489334,1.8708663232136975
2020-11-12,1.8247623561146054,0.7071894758441921,1.8089809165463226,1.4706253526552844,1.8620852853691907
2020-11-13,1.8399602851634709,0.7082772241450235,1.8240348466624037,1.4828819829280695,1.8784204143995415
2020-11-16,1.8535964956066497,0.7068866156270189,1.8375418553081049,1.4938791384738381,1.8930769880985023
2020-11-17,1.8480097630666428,0.7036286858961041,1.8320105087167762,1.4893736222975462,1.8870721850325087
2020-11-18,1.8350344277934962,0.7016564553856575,1.819160767696478,1.4789094408556507,1.8731258921973704
2020-11-19,1.8486706382366749,0.7075280686000973,1.8326705422376646,1.4899065964014195,1.887782464218861
2020-11-20,1.8366564592787786,0.7066709271357013,1.8207730133367634,1.4802175559377784,1.8748692622346252
2020-11-23,1.8367165888365513,0.703649784517434,1.8208312723236726,1.4802660484498642,1.8749338542642906
2020-11-24,1.8612254332490576,0.7055123376055091,1.8451039114559689,1.5000316259447612,1.901276687790853
2020-11-25,1.8720982505402082,0.7064520827259808,1.8558680115026185,1.5088001957369146,1.9129632070054678
2020-11-27,1.8884976708135928,0.7103788729334725,1.872095785978223,1.5220257891932738,1.9305897895189776
2020-11-30,1.8921619074012763,0.7103352682948532,1.8757199703954053,1.5249808755700325,1.9345282478505672
2020-12-01,1.9152291090018183,0.7149525513712229,1.898529593537968,1.5435838155190607,1.9593215308274823
2020-12-02,1.9175719618930829,0.7178688204709839,1.9008456754024463,1.5454732493741223,1.961839641749324
2020-12-03,1.9201549663717934,0.7179044094849426,1.9033983554267693,1.5475563575914792,1.9646159067014122
2020-12-04,1.9276036986627059,0.7198892180128627,1.910759550408658,1.5463241916887613,1.972622049647964
2020-12-07,1.9379960294571423,0.7196299152301824,1.9210261441194327,1.5463241916887613,1.9837921412746473
2020-12-08,1.9442434538453588,0.7223560373608401,1.9271963220917547,1.5463241916887613,1.990507174072877
2020-12-09,1.9023139032864447,0.7211791725514941,1.8857862895751591,1.5463241916887613,1.9454399762672174
2020-12-10,1.9095824302258613,0.7280731650015665,1.8929911430702928,1.5611060208216672,1.9532524806160334
2020-12-11,1.9055577829351866,0.7234689045800161,1.889007900263879,1.5578166579293828,1.948926670590713
2020-12-14,1.9187133235598288,0.7249586540326245,1.9020127882729179,1.5685687422819425,1.9630667490191591
2020-12-15,1.9382363643664104,0.729547615846538,1.9213059755124955,1.5845250140582339,1.9840507111160648
2020-12-16,1.9483883602515781,0.7317376428478904,1.931332260515225,1.5928222873682876,1.994962435630709
2020-12-17,1.9605226150031974,0.7347544553612122,1.9433140243862081,1.6027396700412941,2.0080046155647846
2020-12-18,1.95487593622724,0.7304729469409403,1.9377413929376617,1.598124613295,2.0019354378149914
2020-12-21,1.9480279495485868,0.7217237373293224,1.9309954187964853,1.5925277220295688,1.9945750160652695
2020-12-22,1.9530738827122844,0.7208389554592003,1.9359795516412386,1.5966517866014065,1.9999985924341317
2020-12-23,1.9437028377908712,0.7202640196631643,1.9267277800760876,1.5889927881351686,1.989926249020866
2020-12-24,1.9518723914877658,0.721997608127424,1.9347948799946988,1.5956698022524936,1.998707099196933
2020-12-28,1.9706144813305921,0.7272719591120002,1.9533016190415355,1.610987799184969,2.0188516439313875
2020-12-29,1.9722964590518246,0.7241830644023297,1.954963157905404,1.6123624873755813,2.0206595259481905
2020-12-30,1.9723565886095975,0.7261319347027483,1.9550224830227687,1.6124116315419594,2.020724082159776
2020-12-31,1.9769819815125316,0.7273603012179791,1.959586539661784,1.6161919866087002,2.0256955510384755
2021-01-04,1.9503706191180288,0.7296861442324657,1.9333375857135193,1.59444239673124,1.9970928856038674
2021-01-05,1.9656886239606175,0.7370201713418688,1.9484704755089033,1.6069618731161122,2.013557232571768
2021-01-06,1.939738136736147,0.7254020078001173,1.922842068555542,1.5857524195794868,1.9856648372231371
2021-01-07,1.9844308971252667,0.7351516034607902,1.9669731074785222,1.6222800198783633,2.0337019925022433
2021-01-08,2.0087595361862776,0.7396883189930396,1.990978366230319,1.6421639293907546,2.059851157764381
2021-01-11,1.9810669416828015,0.7355163564817058,1.9636679352895712,1.6195306434971384,2.0300862804433777
2021-01-12,1.9780633969433274,0.7349059395540845,1.9607038807293558,1.617075832454632,2.026857931832844
2021-01-13,1.9907983973072059,0.7383186718105957,1.9732685065009103,1.627484207302095,2.040545963112439
2021-01-14,1.980646401422038,0.7386375237336457,1.963255911399699,1.6191869339920413,2.0296342849722375
2021-01-15,1.9656886239606177,0.7328650336963225,1.9484980619123726,1.6069618731161124,2.0135572285463454
2021-01-19,1.993020991082925,0.737501890265724,1.9754647642704357,1.6293007435007858,2.0429348387105777
2021-01-20,2.0372330816535085,0.7447454666054981,2.019062208989501,1.6654354901281874,2.0904554459761786
2021-01-21,2.0527914214053653,0.747054017761206,2.0343912194823144,1.6781513933487973,2.1071781266285865
2021-01-22,2.0471449259512307,0.7466279545337553,2.028829449297698,1.6735364864322788,2.101109124819417
2021-01-25,2.0633038279935243,0.753524639779373,2.0447477293110037,1.6867432319975697,2.118477335246371
2021-01-26,2.066187296939275,0.7522427960141914,2.0475860560473116,1.689099904537095,2.1215765328555745
2021-01-27,2.011162335313492,0.7464606161414404,1.9934015629748687,1.644127748258805,2.0624340330879836
2021-01-28,2.0225158224231787,0.7471888911077443,2.004584453997397,1.6534070059177712,2.074637112645198
2021-01-29,1.9819078388825062,0.7426342391811154,1.9645541542422529,1.620217912677557,2.0309904111191175
2021-02-01,2.0291236575143863,0.7514874925564369,2.011103800824662,1.6588076201772404,2.081739459004567
2021-02-02,2.060720823514814,0.7575520901151649,2.0422404164777492,1.68463213046016,2.1157010183531137
2021-02-03,2.05291168052091,0.749326254897831,2.034561874357522,1.6782496816815535,2.1073075552135463
2021-02-04,2.076098957915175,0.7517530613479473,2.0573864597306484,1.6972007510114104,2.1322299112522574
2021-02-05,2.082826868800105,0.7513407250067504,2.0640087547877504,1.7026995037738606,2.139461378138674
2021-02-08,2.096162614776243,0.7543742801217043,2.0771297958253996,1.7135988707957799,2.153795087487444
2021-02-09,2.0957422578373017,0.7555752301147568,2.0767168378707908,1.7132553111204583,2.153343331670933
2021-02-10,2.091176811170318,0.7580422008670369,2.0722288158532387,1.7095239503903203,2.14843628259578
2021-02-11,2.102169704255191,0.7578605557660038,2.083040669617163,1.7185084928807925,2.1602518257063026
2021-02-12,2.113403115571155,0.7552677990852461,2.0940914316366688,1.727689612036778,2.1723257486799636
2021-02-16,2.1079366421466936,0.7508699535414988,2.088718177343762,1.7232218379598434,2.166450173267237
2021-02-17,2.098265132758239,0.7436315612667801,2.0792134983580652,1.7153172684914895,2.1560549103196562
2021-02-18,2.089494833449085,0.7477170472397414,2.0705885138898252,1.7081492621997083,2.1466283797330696
2021-02-19,2.0807844803758813,0.7499763781909965,2.062023288439774,1.7010302502445296,2.1372662218414713
2021-02-22,2.0292437333081086,0.7404043075192019,2.0112929701094355,1.6589057586802216,2.081868592042305
2021-02-23,2.0234769787384286,0.7278415661769956,2.0056502900886723,1.6541925634309462,2.075670344599314
2021-02-24,2.0051027292654147,0.7388427909140447,2.021339738641762,1.6672030319902749,2.0927802695103783
2021-02-25,2.0051027292654147,0.7322016731685104,1.9544279110530516,1.611724212531766,2.0198204295657725
2021-02-26,2.0051027292654147,0.7277401938117015,1.962174509450557,1.6181559553065261,2.0282788379060137
2021-03-01,2.0051027292654147,0.7383347337485531,2.018159110688198,1.664551794112031,2.0892937381026933
2021-03-02,2.0051027292654147,0.7249785753847278,1.987446676851195,1.6390708435044328,2.0557839004690335
2021-03-03,2.0051027292654147,0.7218478286097294,1.9327074199062824,1.5937059833844436,1.9961249056557844
2021-03-04,2.0051027292654147,0.7107684905698445,1.9026891051399928,1.568863307620661,1.9634545309065454
2021-03-05,2.0051027292654147,0.7160833988234855,1.9298633442566984,1.5913493108449184,1.9930256924127454
2021-03-08,2.0051027292654147,0.6973430157456888,1.8780032116544672,1.5484392617674352,1.9365950553098723
2021-03-09,2.0051027292654147,0.713289193811352,1.9482010854767562,1.6065200251080345,2.0129767422613494
2021-03-10,2.0051027292654147,0.7012949644228269,1.9429630876559898,1.6021505393638564,2.007230407761208
2021-03-11,2.0051027292654147,0.7110988631000056,1.9853914570191702,1.6373034514721203,2.053459641742564
2021-03-12,2.0051027292654147,0.7138671299413915,1.9701054420301898,1.624636542588113,2.0368014601526743
2021-03-15,2.0051027292654147,0.7138977519343774,1.9900752078831057,1.6411819450418421,2.0585602461217074
2021-03-16,2.0051027292654147,0.7121423118847271,2.000446187834253,1.6497737836906143,2.069859420904035
2021-03-17,2.0051027292654147,0.7048606988976074,2.008277919211664,1.6562545208019774,2.078382290760088
2021-03-18,1.9741626671138963,0.6939842318150236,1.9498597753744467,1.607845718962044,2.0147202180006714
2021-03-19,1.9807752969325525,0.6929659036145636,1.9563817391123006,1.613246333221513,2.0218226247750395
2021-03-22,2.013657743005405,0.6994084898838617,1.9888058887523026,1.6401018221899484,2.0571400141054457
2021-03-23,2.0053019252678452,0.7010799112073242,1.9805763965180492,1.633277525403264,2.048165447106223
2021-03-24,1.9731406401831229,0.6862835723113017,1.948882379935554,1.607011017282491,2.0136224956561706
2021-03-25,1.9698944067349018,0.6816641290512198,1.9456916884599411,1.6043597794042468,2.010135878240098
2021-03-26,1.997967951006216,0.691195199880919,1.9733873009899667,1.6272877804663577,2.0402883669122147
2021-03-29,1.9974269426739863,0.689393775822819,1.9728505352724663,1.6268459324582796,2.039707311162733
2021-03-30,1.9878687618949098,0.689636021277583,1.9634272928176613,1.6190396513226823,2.0294413096365025
2021-03-31,2.016783813531412,0.6928154697257857,1.9919345873910261,1.6426549215652118,2.060497639949951
2021-04-01,2.049486106948364,0.6952131715330202,2.0241599776140116,1.6693632776940632,2.09562156754612
2021-04-05,2.088440174507643,0.6997620831948567,2.0625041160697757,1.7011775329138894,2.1374602627465538
2021-04-06,2.0870576588102256,0.699278203666433,2.0611423238261994,1.700048415725393,2.1359753859134543
2021-04-07,2.0918667440666066,0.6976292821699304,2.0658726879348888,1.703976053461493,2.1411405170893603
2021-04-08,2.112666303809978,0.6979966084394519,2.086328434646254,1.7209633039232999,2.1634802236863564
2021-04-09,2.124869536516517,0.6945622809775449,2.0983270011744906,1.7309298307626848,2.176587054398644
2021-04-12,2.1222246680438976,0.6951394981629584,2.0957248291125654,1.7287697348886728,2.1737463834468533
2021-04-13,2.1458496158254743,0.6975580852819389,2.1189385826708382,1.748064513723627,2.199120726796012
2021-04-14,2.121262814301653,0.6884575893247445,2.094793943398534,1.7476184745272376,2.1727132669347795
2021-04-15,2.1519210538570577,0.6935524040535317,2.124904019934927,1.7564242045122864,2.205641939782347
2021-04-16,2.1543257799400917,0.6926239632442306,2.127265663150314,1.7583805940344104,2.2082247307262652
2021-04-19,2.1355099174148964,0.6888488694168328,2.1087878260025015,1.7430727564583386,2.1880154634911544
2021-04-20,2.120661632780895,0.6847308525473188,2.0942001576588734,1.7309927824918931,2.1720676874753035
2021-04-21,2.137974633231616,0.6815282910953835,2.1112213885650823,1.74507795124242,2.1906627918091854
2021-04-22,2.1133878317077945,0.673831062294591,2.0870661357297475,1.7250751071666945,2.1642553101184765
2021-04-23,2.138756150863117,0.6744312365179062,2.1119956892006138,1.745713762911954,2.191502104198137
2021-04-26,2.1520414002341157,0.6774876017628092,2.1250436852308034,1.7565221135393316,2.205771176424327
2021-04-27,2.143144390709483,0.6774084874104441,2.116308137501662,1.7492838603615426,2.196215368080149
2021-04-28,2.136231261857869,0.675230961931879,2.1095182840992135,1.7436596136143496,2.188790326172548
2021-04-29,2.143565236119498,0.6809647308635367,2.116725010991302,1.7496262434530712,2.196667365027722
2021-04-30,2.130159640371442,0.6808733120360749,2.1035626352731263,1.7387199837986476,2.182269081260179
2021-05-03,2.1193391068171628,0.682598915729288,2.0929341751900203,1.7299168279553512,2.1706472854942764
2021-05-04,2.0829699179968175,0.6753017094670937,2.0571892747612806,1.7003283020777926,2.131584935272293
2021-05-05,2.093656682150081,0.6787577780025785,2.0506254834729725,1.6948995748815594,2.1244180385348503
2021-05-06,2.093656682150081,0.6835067245155878,2.0652945173856767,1.707028503361528,2.140430552618293
2021-05-07,2.093656682150081,0.6884603896989522,2.081204916647896,1.7201844318645156,2.157798729418976
2021-05-10,2.093656682150081,0.6740094439500042,2.031317416337195,1.7116120883436428,2.1033048845488045
2021-05-11,2.093656682150081,0.6614709481351325,2.028719378940536,1.7385190955137768,2.100399384971025
2021-05-12,2.093656682150081,0.6542883710973733,1.978849371456397,1.695694082115996,2.046034833037775
2021-05-13,2.093656682150081,0.6596064437133534,1.9933601616198373,1.708154974233555,2.0618533799405108
2021-05-14,2.093656682150081,0.6663416226449203,2.035108084816824,1.7440121881763047,2.1073725977707753
2021-05-17,2.093656682150081,0.6622923675008998,2.023384509187274,1.733941621772307,2.0945884707211317
2021-05-18,2.093656682150081,0.655533616552315,2.010424866401015,1.7228030143790223,2.080448526345561
2021-05-19,2.093656682150081,0.6441704461692335,2.012663831861496,1.7246848526226082,2.082837347018283
2021-05-20,2.093656682150081,0.6524512877614758,2.0496071830235967,1.7308180925162786,2.1231264533010625
2021-05-21,2.093656682150081,0.6548483390109563,2.038853020167512,1.7121553847779178,2.1113755672735968
2021-05-24,2.093656682150081,0.6601570153007194,2.0713775157691816,1.7395243426021283,2.1468867934550437
2021-05-25,2.093656682150081,0.6624725170190542,2.0741009089395335,1.7418133401900429,2.149856847752258
2021-05-26,2.093656682150081,0.6627296835743007,2.080956796314694,1.74758572042717,2.1573464594397644
2021-05-27,2.0869585457391877,0.6612326807580062,2.0735683780731256,1.7413655027398496,2.1492756418186083
2021-05-28,2.093217418808197,0.660247290645556,2.0797739258824115,1.7465904248528854,2.156055054264931
2021-06-01,2.086600906244516,0.6621925963200637,2.0732158810859502,1.7410669444397209,2.14888825863768
2021-06-02,2.0904754553782956,0.6619788142404445,2.077056562903752,1.7443014272649708,2.1530850498503895
2021-06-03,2.0697911223459267,0.655842657972629,2.0565433482984314,1.7270340968905376,2.1306806512351586
2021-06-04,2.1031722031759057,0.6622602566145125,2.089652450284478,1.7549007025018901,2.1668376217438086
2021-06-07,2.1091331039701067,0.6605985351805372,2.09555899324565,1.7598768766517467,2.1732942678516145
2021-06-08,2.1100868699266497,0.6569295877972934,2.096508291936749,1.7606730827390176,2.174327466391848
2021-06-09,2.1105636619487935,0.6589173217319702,2.096980709116391,1.7610711098522613,2.1748437928566267
2021-06-10,2.1314864819483628,0.6641576929255527,2.1177143081456458,1.778537529713708,2.197506625649025
2021-06-11,2.136791589060829,0.6635443624307266,2.1229680303473,1.782966245739473,2.2032527885205777
2021-06-14,2.1562838510817115,0.6681351081098533,2.142271950839471,1.799238432400405,2.2243660266952565
2021-06-15,2.142871824294758,0.6668359889524026,2.128992602856015,1.7957343804355483,2.2098386918694395
2021-06-16,2.1354206983020063,0.6630049321611119,2.121613926621468,1.7854176601212632,2.201767885842647
2021-06-17,2.161231318699506,0.6604542861450904,2.147185540979335,1.8069696548618197,2.2297250041584062
2021-06-18,2.1450773284826514,0.6580009617148806,2.131184985931927,1.7934809937281118,2.2122276628147963
2021-06-21,2.155389570432776,0.6570105203763561,2.1413972580237948,1.8020917663809832,2.2233974424324066
2021-06-22,2.174524192958987,0.6625889917916027,2.1603395448899607,1.818069270125425,2.244123263260897
2021-06-23,2.1755374442231377,0.6618499247392163,2.1613409758937667,1.8160409495236312,2.2452208992154157
2021-06-24,2.1883535264604754,0.6615088277572829,2.1740216618288066,1.8160409495236312,2.259102895746748
2021-06-25,2.1857902008656542,0.6619214610586168,2.1714867021232775,1.8160409495236312,2.2563263503586275
2021-06-28,2.21112402924101,0.6665450838934677,2.1965424013598907,1.8287262738365986,2.2837669171293284
2021-06-29,2.218753974981098,0.665588665044024,2.204085037461918,1.8350216831994504,2.292031495984759
2021-06-30,2.215415885089326,0.6642435642134987,2.200784733421376,1.8322674509841026,2.288415824256343
2021-07-01,2.2162504985183973,0.6629711131453234,2.201609773591094,1.8329560840851389,2.2893198848634886
2021-07-02,2.2405114084097377,0.6660864942464642,2.2255875644053287,1.8529735736563677,2.315598215155416
2021-07-06,2.2497507318758476,0.6665471047514675,2.234715362035312,1.854255945376589,2.325605798975311
2021-07-07,2.2542810746913626,0.663293303977588,2.2391941045536776,1.854255945376589,2.3305128375020683
2021-07-08,2.2412861727066895,0.6535696171868633,2.226378844815426,1.854255945376589,2.3164372879406128
2021-07-09,2.2546387141860342,0.6578718868046246,2.23956979068948,1.854255945376589,2.3309001646128675
2021-07-12,2.2630436061353287,0.659739834223827,2.2478728439158893,1.854255945376589,2.340004131921076
2021-07-13,2.2630436061353287,0.659788281752427,2.2478728712580076,1.85439211135185,2.340004131921076
2021-07-14,2.2669181552691087,0.663328870355355,2.251703257113296,1.8575548114002567,2.3442009381331137
2021-07-15,2.2517177490965414,0.6584279123765793,2.23669411088626,1.8451470902234501,2.3277364116261583
2021-07-16,2.2343120206483364,0.6593282520798075,2.2195039359542434,1.8309392182091941,2.3088831965102643
2021-07-19,2.2168466249802674,0.6597987986162783,2.202257608997372,1.8166826412972494,2.2899653784571927
2021-07-20,2.2414055071464163,0.6608679949521189,2.226531358710936,1.8367294583935956,2.3165666889808385
2021-07-21,2.2579171368579423,0.6658640340420519,2.2428439160023363,1.8502074993952258,2.3344513974424173
2021-07-22,2.2721637770739664,0.6655981200054792,2.256912687382838,1.861836684661718,2.3498827615542672
2021-07-23,2.297497605449322,0.6699681529813174,2.2819214730979733,1.8825160714658538,2.3773232458007083
2021-07-26,2.2992261357028165,0.6681030782653292,2.2836249545401364,1.8772731804854539,2.3791953796948846
2021-07-27,2.275024893031339,0.6609355723762715,2.259748284976407,1.8571335238752267,2.35298159869948
2021-07-28,2.2833701177607697,0.6623221334738152,2.2679809758297087,1.863914150774093,2.3620209035519286
2021-07-29,2.287244848806805,0.6638118331982211,2.2718055466830287,1.8670624309472996,2.366217776449964
2021-07-30,2.2758595064604097,0.6562278574044402,2.2605710468431264,1.8578116604684034,2.3538855923644157
2021-08-02,2.2760383262077455,0.6527450571409833,2.260751460954835,1.8579569543374301,2.354079209834529
2021-08-03,2.289211866027499,0.6532807049107074,2.273753441911082,1.86866066350659,2.3683483073513587
2021-08-04,2.292371136171935,0.6536246056711426,2.2768708985676214,1.8712276203971103,2.371770418604311
2021-08-05,2.306260136893288,0.6544229727612316,2.290576007669089,1.8825126528489569,2.3868142924428666
2021-08-06,2.2966033248003868,0.6532611912893721,2.281047325900153,1.874666340501789,2.376354384551261
2021-08-09,2.300656875593758,0.6534324622063629,2.2850464083668003,1.8779599145440218,2.3807449957952436
2021-08-10,2.2893906857748347,0.6487434309716246,2.2739316044658717,1.8688059573756166,2.3685418658684183
2021-08-11,2.2856352891685265,0.6503100061154222,2.2702244244351206,1.8657546383194814,2.3644741589985023
2021-08-12,2.2935037218758136,0.6528006904323032,2.2779912981396917,1.8721478641698046,2.3729969800846273
2021-08-13,2.3011933348357654,0.6527873878979155,2.285578829322721,1.8783957961511013,2.3813261955017277
2021-08-16,2.3021471007923084,0.6543768092229437,2.286519935676134,1.8791707460547693,2.382359221007918
2021-08-17,2.2827741732111537,0.6489858428362448,2.2674033823148307,1.8634299364150595,2.3613752190206725
2021-08-18,2.261791685991721,0.6433550274507396,2.246692703730583,1.846381334147531,2.338647785369502
2021-08-19,2.247782315931818,0.639387147114679,2.2570024472011463,1.8548571547227595,2.3499468061478286
2021-08-20,2.247782315931818,0.6432223241469966,2.27918711220776,1.8584167383379335,2.3742883390791323
2021-08-23,2.247782315931818,0.6443890016147638,2.311533584192197,1.8778583683854064,2.409799604650555
2021-08-24,2.247782315931818,0.6446447143610416,2.3182340739948724,1.8833156280853365,2.4171600493715815
2021-08-25,2.246615826305224,0.6444570217087023,2.3207605636437205,1.8853740617400552,2.419936354698484
2021-08-26,2.2330499586230363,0.6413887776350082,2.3067741989027577,1.8739807994667734,2.4045698052335545
2021-08-27,2.2536839517816545,0.641842196177791,2.32805106700026,1.8913102104052206,2.4279427197086307
2021-08-30,2.277737983209464,0.6467498933351893,2.3528408940750727,1.9115119324923853,2.455189683649567
2021-08-31,2.27597099532795,0.6465387257925657,2.35102033038117,1.9100279318490472,2.4531881817732564
2021-09-01,2.279561852862711,0.6451829884081132,2.354719623124764,1.9134218026060303,2.4572557689605805
2021-09-02,2.2785358935670645,0.6468078910240622,2.353664041008899,1.9134218026060303,2.456093578253451
2021-09-03,2.2852049768895077,0.6500012458008738,2.360537861500489,1.9134218026060303,2.4636478316423944
2021-09-07,2.2882828547764453,0.6495610065587648,2.3637075592146197,1.9136518917273408,2.4671342221626604
2021-09-08,2.2807019236025647,0.6470858824774622,2.355899915058007,1.907317831557274,2.4585470821447224
2021-09-09,2.2732349299225207,0.6468419138822806,2.3482082796322943,1.9010789690515888,2.4500888922379875
2021-09-10,2.256818885390696,0.6387482333183838,2.33129967694214,1.8873629477035352,2.431493895980113
2021-09-13,2.255336828218959,0.6420058638751573,2.329767212683654,1.8861246513668526,2.4298150462060484
2021-09-14,2.2492379542168153,0.6371993255437366,2.3234803436363296,1.8810288875334686,2.422906593247043
2021-09-15,2.265140845150445,0.6373514891445149,2.339870473084992,1.894316156041943,2.440920528146329
2021-09-16,2.2666229023221818,0.639366111836483,2.3413980150671247,1.8955544523786256,2.442599194085526
2021-09-17,2.241086813722635,0.6379711740841026,2.3150817449746066,1.8742184030216593,2.4136734673569844
2021-09-20,2.2026832805360397,0.6344622678251082,2.267309941386628,1.8354994054886458,2.3611814569415412
2021-09-21,2.2026832805360397,0.6369567456944727,2.2699566347265248,1.8376424429868135,2.3640868394553682
2021-09-22,2.2026832805360397,0.6404396717522893,2.2900744660062298,1.8539302546726137,2.3861686509095077
2021-09-23,2.2026832805360397,0.6417901059740837,2.3101270955161852,1.8701703948562505,2.4081856339118186
2021-09-24,2.2026832805360397,0.645588858553326,2.3121848910677785,1.8718371533526208,2.4104452256253093
2021-09-27,2.2026832805360397,0.6398312477195578,2.294663124410823,1.8576449983427161,2.3912047268604786
2021-09-28,2.2026832805360397,0.6295822529617464,2.233018386778706,1.8077339529572862,2.3235393644963866
2021-09-29,2.2026832805360397,0.6311428656249164,2.229538207179258,1.804924095788614,2.3197299557267885
2021-09-30,2.2026832805360397,0.6255435323515836,2.2217664761880647,1.7986375617807653,2.311207197572456
2021-10-01,2.2026832805360397,0.6260109734160246,2.234839436023085,1.8092103161248945,2.3255409886440743
2021-10-04,2.2026832805360397,0.6156293948006787,2.1903141015830476,1.7732058327562263,2.2767290980749793
2021-10-05,2.2026832805360397,0.6168507413901044,2.218361598627497,1.7958753761142567,2.3074627131882153
2021-10-06,2.2026832805360397,0.6255163196179602,2.2318577744389283,1.8067815402936382,2.3222483290805416
2021-10-07,2.2026832805360397,0.6300960387477096,2.2513021029187668,1.8224977299733147,2.3435551018962477
2021-10-08,2.2026832805360397,0.6246966448133621,2.2406515187835883,1.8138776177985907,2.3318686273980447
2021-10-11,2.2026832805360397,0.621507714205513,2.224344877500454,1.8006855469544973,2.31398392426857
2021-10-12,2.2026832805360397,0.6164219534559152,2.2169841032945294,1.7947324227819006,2.3059131523769465
2021-10-13,2.2026832805360397,0.6197204290235329,2.2338254684186123,1.8083531011256277,2.3243789123604945
2021-10-14,2.2026832805360397,0.6238909142370209,2.272857360042041,1.8399284949914712,2.3671861693178555
2021-10-15,2.2026832805360397,0.6253188731835049,2.2864477051455556,1.8509298568352337,2.382100788120755
2021-10-18,2.2026832805360397,0.6328694081603051,2.3082690590036705,1.8685986886843153,2.406054670562412
2021-10-19,2.210220663285155,0.6340430285271886,2.3248454935322025,1.8820289716992802,2.4242622623925825
2021-10-20,2.2074773090857183,0.6319025643024637,2.321966443071096,1.8796953935324048,2.421098638703597
2021-10-21,2.2202984234614878,0.6299892382637082,2.3354248388400336,1.8906014123718409,2.4358842219806016
2021-10-22,2.2025503433598237,0.6263981327392477,2.316796651978392,1.8755043708605057,2.4154169309301445
2021-10-25,2.223993647755908,0.6281243445630511,2.3393013384293897,1.8937446793757653,2.4401455177761635
2021-10-26,2.230656225835931,0.6257856108882652,2.3462965471315216,1.899412065215273,2.4478290337667237
2021-10-27,2.235583191561826,0.6259118055060404,2.351463983832875,1.9036030878871724,2.4535107486729957
2021-10-28,2.259210107484368,0.6288510870072292,2.3762428128880804,1.9237008409074563,2.48075771912684
2021-10-29,2.2697917385833546,0.6233383921416468,2.3873389714224333,1.9327018890796501,2.4929606956542982
2021-11-01,2.277182187172197,0.6240789666668785,2.395083866699196,1.9389884230874992,2.5014833405114634
2021-11-02,2.2862522055032204,0.6225213227272324,2.404588579720635,1.946703648760793,2.5119430055299956
2021-11-03,2.3093752505031087,0.627440818848818,2.4288119779706348,1.9663727942814435,2.538608755633284
2021-11-04,2.3375932182031094,0.6288155616849186,2.4583563287730295,1.9903758316405376,2.5711501021228624
2021-11-05,2.33972078711762,0.626067849113984,2.4605877013858257,1.9921856046433983,2.573603674463767
2021-11-08,2.3366973907200714,0.6254278726598864,2.4574237924087092,1.9896138143056519,2.57011707466575
2021-11-09,2.3213567508694086,0.6191178160839936,2.4413753841614305,1.9765646126281031,2.5524259750071
2021-11-10,2.2888277735900613,0.6142913350537205,2.407324518275949,1.9488945031010703,2.514913083573777
2021-11-11,2.2948743955235353,0.610764363754396,2.4136582641734345,1.9540379384366175,2.5218861550787093
2021-11-12,2.3178855261611524,0.6119360998515591,2.437754640650193,1.9736118862928869,2.548422964393055
2021-11-15,2.317381484376876,0.6094458627744606,2.437229443770885,1.9731831334533076,2.547841651338212
2021-11-16,2.333114251649544,0.6077662619784442,2.4537001032127446,1.9865658903060546,2.5659847474326636
2021-11-17,2.3342899504690715,0.6070146978959698,2.4549301040680165,1.987565974471866,2.5673404484501177
2021-11-18,2.3573569528570126,0.6094828359797749,2.47906403554998,2.007187448490353,2.5939417745698248
2021-11-19,2.369898195896293,0.6097075440667764,2.492181627586159,2.0178554004988634,2.6084043946777626
2021-11-22,2.3436398401365848,0.6113931278953951,2.4647300993700907,1.9955192669760853,2.5781229150835685
2021-11-23,2.3334501655979807,0.6098932018863165,2.4540719411433045,1.9868516286391433,2.56637206910331
2021-11-24,2.340616614600658,0.6055966628398084,2.4615806664876665,1.9929476219782847,2.5746366077579665
2021-11-26,2.2982897484814675,0.597890018126755,2.4172739484263603,1.9569431386096166,2.5258247226983346
2021-11-29,2.3458234516630423,0.6041268595068976,2.467027712614472,1.9973767114811094,2.5806412033637085
2021-11-30,2.3129585604352587,0.5964145647825212,2.4326367800281217,1.9694208636209876,2.542741013609699
2021-12-01,2.2754465748180692,0.6022601426553755,2.393385889954885,1.9375120599198916,2.4994816298851528
2021-12-02,2.265896111717909,0.6077832103484836,2.4097670709365824,1.9507994737683119,2.517495484018993
2021-12-03,2.265896111717909,0.6092791036135914,2.3700117891595576,1.9185097340697461,2.473719656728022
2021-12-06,2.265896111717909,0.6125778766410254,2.3880277228160716,1.93313064191923,2.493541597136484
2021-12-07,2.265896111717909,0.6222898593512329,2.456255728764023,1.9885183871355137,2.568631650632539
2021-12-08,2.265896111717909,0.6238366549543929,2.4666851197265687,1.9969956301436933,2.5801244336715357
2021-12-09,2.265896111717909,0.6213744820851519,2.4322366626145944,1.9689922561213538,2.542159707085294
2021-12-10,2.265896111717909,0.6228529919712436,2.457312253865332,1.9893757474747267,2.569793841045301
2021-12-13,2.265896111717909,0.6222457343520462,2.423620833255794,1.9619913762807826,2.5326684030939224
2021-12-14,2.2687458181585494,0.6230283023028337,2.3998360640151484,1.9426556405953848,2.506454558345851
2021-12-15,2.265144533467073,0.6220393407940205,2.4517599724878574,1.984803643465412,2.5635953692269298
2021-12-16,2.265144533467073,0.6048206633500305,2.391941113267207,1.936178565918828,2.4976734478430793
2021-12-17,2.265144533467073,0.59904054095302,2.3806467219495464,1.9269869770779262,2.4852121873885284
2021-12-20,2.265144533467073,0.6001506587634359,2.3558731272875266,1.9068892240576423,2.4579652684398745
2021-12-21,2.265144533467073,0.6046124723971971,2.4058975669989024,1.9474656660956797,2.5129753964011408
2021-12-22,2.265144533467073,0.6114816877781811,2.4337005353114374,1.9700400117893289,2.543579768362703
2021-12-23,2.265144533467073,0.6114309936498733,2.4511112590064923,1.984184640637016,2.562755902437724
2021-12-27,2.265144533467073,0.6184782604418428,2.4895510373169594,2.015426624667607,2.6051113255388954
2021-12-28,2.2481464936769036,0.6192302534262941,2.4786056350137247,2.0065206288198487,2.5930373171663943
2021-12-29,2.247827235549493,0.6183491136733029,2.4782532080372652,2.00623489048676,2.5926499971535377
2021-12-30,2.2414419106115795,0.6174393197046766,2.471224313216941,2.000519978485034,2.584902126892626
2021-12-31,2.2281389473371505,0.6141962806788992,2.456578769072035,1.9886137301398408,2.568760601610599
2022-01-03,2.248519015622113,0.615371780815135,2.4790160986297645,2.0068540386551,2.593489407913512
2022-01-04,2.220795685627315,0.6064012536083709,2.4485047325194227,1.9820414577989025,2.559850535017875
2022-01-05,2.1559836875278218,0.6033132060925075,2.3771105286066807,1.9240342507427088,2.481209191683218
2022-01-06,2.154546863564783,0.6051380033409293,2.375539505505596,1.9227482829038627,2.47946584559102
2022-01-07,2.1525566325945653,0.6045774448680975,2.3511193218183446,1.9029362682166682,2.4526063213027776
2022-01-10,2.1525566325945653,0.6121090972288562,2.352625254163361,1.9041268930511877,2.454220515159483
2022-01-11,2.1525566325945653,0.6103785431418515,2.3861613026177926,1.9313208689163694,2.4910879124675116
2022-01-12,2.1525566325945653,0.6081417929995223,2.3951533947235686,1.9386074870900298,2.500966611114074
2022-01-13,2.1525566325945653,0.6096810988266487,2.3383009441171065,1.8924588568768659,2.4384021077035447
2022-01-14,2.1525566325945653,0.6167304371360991,2.3521377838039466,1.9036507593893364,2.4535750318904785
2022-01-18,2.1525566325945653,0.6069337329088513,2.2965292108896334,1.8585974110063648,2.392495444766537
2022-01-19,2.1525566325945653,0.5975724118785795,2.2725965285437537,1.839214149158749,2.3662172645494555
2022-01-20,2.1525566325945653,0.6021277944245631,2.2445920072987633,1.816544605800719,2.335483774313771
2022-01-21,2.1525566325945653,0.5891755303981917,2.1855261869498968,1.768776743253402,2.2707240387792975
2022-01-24,2.1525566325945653,0.5794274264250837,2.1950925120040403,1.7764442974245327,2.2811191299001607
2022-01-25,2.1525566325945653,0.576399897455106,2.1467538631033394,1.7374394162184847,2.2282395072022845
2022-01-26,2.1525566325945653,0.5882247040485763,2.143606298003529,1.7348677712206837,2.224753022000951
2022-01-27,2.1525566325945653,0.5743912911206824,2.123120306592529,1.718341892703958,2.2023486405569637
2022-01-28,2.1525566325945653,0.5769294025515818,2.1862928242188584,1.769300548417417,2.271434313450736
2022-01-31,2.1525566325945653,0.5916661534721108,2.252636930764204,1.8228786659707856,2.3440710775384623
2022-02-01,2.1525566325945653,0.593242085648342,2.267186923775669,1.834642045149434,2.360018994587069
2022-02-02,2.1525566325945653,0.5907427701497419,2.284673845215746,1.8487866739971215,2.379195150474917
2022-02-03,2.1525566325945653,0.5750155092910704,2.1967332797247905,1.777634922259052,2.2827334090936295
2022-02-04,2.1525566325945653,0.5805323747963611,2.2230245634748735,1.7988757739516372,2.3115300121554374
2022-02-07,2.1525566325945653,0.5809201742618465,2.2060578516884246,1.7851597526035836,2.2929349522503526
2022-02-08,2.1525566325945653,0.5884134825575945,2.22958855906813,1.8041620784537291,2.318696620143249
2022-02-09,2.1525566325945653,0.5950807741085115,2.274431213234049,1.8404047739932683,2.3678315695762517
2022-02-10,2.1525566325945653,0.5928014840605493,2.2255580091907334,1.8008759422832603,2.314241669721365
2022-02-11,2.1525566325945653,0.5922378712884588,2.15855964981155,1.7467263480637134,2.2408301018624677
2022-02-14,2.1525566325945653,0.5932990324144933,2.1610997785422468,1.7487741878974994,2.2436063607183656
2022-02-15,2.1525566325945653,0.6015269296079133,2.212078264673292,1.7899222519416609,2.299391563303447
2022-02-16,2.1525566325945653,0.6045409772042375,2.2115450043991447,1.7894936444420273,2.2988104525739668
2022-02-17,2.1525566325945653,0.5986414497106082,2.149094304860893,1.7390587938925828,2.230434978762757
2022-02-18,2.1525566325945653,0.5900283061432133,2.1258277286565823,1.720294534873363,2.2049959569595425
2022-02-22,2.1525566325945653,0.5845145627807933,2.1055742394598083,1.7039590516853993,2.1828496816938805
2022-02-23,2.1525566325945653,0.5645993372262804,2.0544266886979554,1.6627159353168026,2.1269356472344314
2022-02-24,2.1525566325945653,0.5468681362405613,2.1202775793940942,1.7154366925309588,2.198410261887679
2022-02-25,2.1525566325945653,0.5531373838017987,2.1514871707362437,1.7405826832224087,2.2325012340843933
2022-02-28,2.1525566325945653,0.5476538577688029,2.1575645225901328,1.7454880517270306,2.2391514126166716
2022-03-01,2.1525566325945653,0.5407232894436524,2.1262050434073654,1.7201991918690362,2.20486682497548
2022-03-02,2.1525566325945653,0.5425996007165627,2.1600494902121308,1.747488365398599,2.241863217561264
2022-03-03,2.1525566325945653,0.5307857478075735,2.130792824302826,1.723866409376921,2.2098385396456472
2022-03-04,2.1525566325945653,0.5267203043548339,2.1014968195125814,1.700244308015297,2.177813614095619
2022-03-07,2.1525566325945653,0.5077794440302545,2.027950035563157,1.6409988046224204,2.097493346102488
2022-03-08,2.1525566325945653,0.5060970355361685,2.0190099283268164,1.6338075294530867,2.087744009495284
2022-03-09,2.1525566325945653,0.5103118333453079,2.0879497271188865,1.6892429461715341,2.162898839655822
2022-03-10,2.1525566325945653,0.5037889972839185,2.065935134632978,1.671526442820289,2.1388802326939396
2022-03-11,2.1525566325945653,0.4891092915122249,2.025309730733654,1.6388080956220896,2.094523357445885
2022-03-14,2.1525566325945653,0.48682864415471694,1.988402619716214,1.6091378177634337,2.054298839518175
2022-03-15,2.1525566325945653,0.49684445692611173,2.0475550369569486,1.656667468139879,2.1187356719281984
2022-03-16,2.1525566325945653,0.5021597873163631,2.1196123631114543,1.714627149033855,2.1973126396385614
2022-03-17,2.1525566325945653,0.5102405507779739,2.1439566406860755,1.7342486230523417,2.223913702390076
2022-03-18,2.1525566325945653,0.5073605713987872,2.185601114308204,1.767824185249808,2.2694327604832627
2022-03-21,2.1525566325945653,0.5067133833708389,2.1772692375056604,1.7611090437423256,2.2603289041792105
2022-03-22,2.187666747044144,0.5069327983831105,2.217870509756571,1.7938750624426885,2.3047505248836324
2022-03-23,2.157744345254211,0.5034855644573777,2.1876020570738404,1.769443417583961,2.2716280444580517
2022-03-24,2.203357050602594,0.5056842032573857,2.2337275082259214,1.8066861972893118,2.32211881962805
2022-03-25,2.2016072754116656,0.5048831844814812,2.2319574790299974,1.8052575056238669,2.320181923139272
2022-03-28,2.234037747643123,0.5043897457737767,2.264730441048,1.8317369903163803,2.3560807340228047
2022-03-29,2.2706678583363873,0.5068851052104891,2.301726995448416,1.8616454803459075,2.3966283375403292
2022-03-30,2.246753255373414,0.503924506243238,2.277593410769095,1.8421192039918017,2.3701561991508044
2022-03-31,2.2202139896240487,0.49731895568142326,2.2508036993453526,1.8204498901395285,2.340778761830023
2022-04-01,2.216189328681334,0.4971979557052984,2.246736042047977,1.8171637539690597,2.336323707627705
2022-04-04,2.259643740622799,0.5053074216926768,2.2906279852791247,1.8526442868337676,2.384425426952816
2022-04-05,2.2118147127004333,0.5028881066083732,2.2423421654415634,1.813591879465502,2.331481403741531
2022-04-06,2.1660854150071818,0.4991999035108703,2.19615624523547,1.7762539020957702,2.280861657194626
2022-04-07,2.1709849635453606,0.4973565509053346,2.201114469797881,1.7802543840989615,2.286285244454403
2022-04-08,2.1421124268699847,0.4926328259014128,2.171907695747787,1.7566799542395009,2.254324949929546
2022-04-11,2.093933443909433,0.48635013369373303,2.1231418099363637,1.717341808538146,2.2009935244861483
2022-04-12,2.120322498845806,0.47745616947812314,2.1146412791160984,1.7104837978641192,2.1916959978837696
2022-04-13,2.120322498845806,0.4774697669393949,2.1554244031923075,1.743345014228863,2.2362465410822536
2022-04-14,2.120322498845806,0.46652860976837646,2.108653406545975,1.7056259555217153,2.1851101045900463
2022-04-18,2.120322498845806,0.4646728812354975,2.1101976403944125,1.706864251858398,2.1867889331423025
2022-04-19,2.120322498845806,0.47497915606173774,2.154958461972781,1.7429164067292298,2.235665389242375
2022-04-20,2.120322498845806,0.47560977907413654,2.125140721652767,1.7188656978679722,2.2030593682495265
2022-04-21,2.120322498845806,0.4607073597075488,2.0834275714421353,1.6852424641683428,2.1574757849556474
2022-04-22,2.120322498845806,0.4604792050470647,2.031649398489183,1.643570594960167,2.1009804041546
2022-04-25,2.120322498845806,0.46794680158969126,2.056436214494354,1.6634778073117429,2.1279690828949693
2022-04-26,2.120322498845806,0.46465307659712946,1.982747026758302,1.6042324492588123,2.047649018970856
2022-04-27,2.120322498845806,0.46354379213465163,1.9804885386874544,1.6024226762559517,2.04519546003543
2022-04-28,2.120322498845806,0.4701783818282106,2.0472048008625414,1.6560007938093204,2.1178324265277126
2022-04-29,2.120322498845806,0.4553118755966006,1.959717243308885,1.585706257070518,2.0225328353397614
2022-05-02,2.120322498845806,0.4543006344418452,1.9907714356939117,1.6106141809310424,2.0563009955382525
2022-05-03,2.120322498845806,0.454302676951834,1.9927864111295142,1.6122334132651952,2.0584961363071437
2022-05-04,2.120322498845806,0.4545339583737454,2.056718784469855,1.6635731503160698,2.1280983478556807
2022-05-05,2.120322498845806,0.43794106632402774,1.9583281201721998,1.5845156322359988,2.020918638606586
2022-05-06,2.120322498845806,0.4348058753665002,1.9360790623073048,1.566656259718209,1.9967063526735014
2022-05-09,2.120322498845806,0.4257770456617733,1.8641601287194878,1.5090299886594853,1.9185813577485185
2022-05-10,2.120322498845806,0.4353802700118718,1.8856331322232394,1.526222686846716,1.941889928530568
2022-05-11,2.120322498845806,0.4258196382650589,1.8325519307543665,1.483741128801491,1.8842968560978102
2022-05-12,2.120322498845806,0.419337131237395,1.828484958776998,1.480454992631022,1.879841742484751
2022-05-13,2.120322498845806,0.4273178478846228,1.8927776716523803,1.5318424011840601,1.949508719483455
2022-05-16,2.120322498845806,0.42450215389102297,1.8719418557407057,1.5151736535007898,1.9269105358969183
2022-05-17,2.120322498845806,0.426377204924734,1.917928845574132,1.5519878257065074,1.976820287372738
2022-05-18,2.120322498845806,0.41984483909378933,1.8285251266489067,1.4804074664688045,1.879777417525906
2022-05-19,2.120322498845806,0.41984578768543324,1.8192442228508297,1.472977833788654,1.8697049340888006
2022-05-20,2.120322498845806,0.42433615486347687,1.813894797377882,1.4686916134523735,1.8638940680504033
2022-05-23,2.120322498845806,0.4291224732853304,1.8425066997029715,1.4915516974791114,1.8948858379013414
2022-05-24,2.120322498845806,0.42127832575472474,1.8053031853872092,1.4618336027783467,1.8545964551994576
2022-05-25,2.120322498845806,0.42865241874477944,1.8292894872379217,1.480978943134982,1.8805520700567584
2022-05-26,2.120322498845806,0.42709693579222274,1.8773885511773125,1.5194122023349068,1.9326567141563362
2022-05-27,2.120322498845806,0.4354889296657371,1.9355463994137618,1.5659419138854864,1.995737900092396
2022-05-31,2.120322498845806,0.43503419814622374,1.930671304526819,1.562036629546676,1.9904434398877167
2022-06-01,2.120322498845806,0.4286706685498595,1.9171268028558366,1.551178136869458,1.9757223918361122
2022-06-02,2.1812779707238077,0.42673405146706017,1.9669606589214073,1.5910879045769362,2.0298287200742817
2022-06-03,2.127228401901706,0.42261616970457194,1.9183301093825005,1.5521306948730513,1.9770136850595985
2022-06-06,2.133968012629655,0.42817736366434317,1.9243975384560885,1.5569883918755094,1.9835992465021668
2022-06-07,2.151477933868369,0.4358842718396011,1.9401789369403217,1.569608986053425,2.0007092693186346
2022-06-08,2.1367432650740437,0.43437258707672427,1.9269220822070485,1.558988705547078,1.9863111930794228
2022-06-09,2.082297058777691,0.42517832656007687,1.8779369625755453,1.5197456121701585,1.9331086446264916
2022-06-10,2.012521529944478,0.4170258109207782,1.8150899151386555,1.4694536307872588,1.8649269127777792
2022-06-13,1.9237824146199476,0.4104834488486896,1.7350019450471585,1.4054932995584684,1.7782146524604074
2022-06-14,1.936814715576436,0.413276624369923,1.7379847937549873,1.407874549227507,1.7814428913937703
2022-06-15,1.936814715576436,0.41763321031896583,1.7791492662279171,1.4406880940900877,1.825928803173922
2022-06-16,1.936814715576436,0.4071152269936123,1.7109685374615138,1.3863481045417785,1.752259069602081
2022-06-17,1.936814715576436,0.4102951148269511,1.7307040970401102,1.402064294221455,1.7735658143704087
2022-06-21,1.936814715576436,0.41566815224550663,1.7689075500427747,1.4324965894149968,1.8148233904803237
2022-06-22,1.936814715576436,0.4183215652001118,1.7664581249549667,1.4305440925855373,1.8121763158292945
2022-06-23,1.936814715576436,0.42152120366306106,1.791422509154386,1.450451304937113,1.8391649412738102
2022-06-24,1.936814715576436,0.430681668625151,1.8496518237747908,1.4969331996455837,1.9021813730919004
2022-06-27,1.936814715576436,0.4322041989224024,1.8367933886627892,1.486646328974489,1.8882353216364147
2022-06-28,1.936814715576436,0.4185368963080948,1.7836878013489046,1.4442124424314273,1.8307069557890363
2022-06-29,1.936814715576436,0.4179435464548973,1.7852384020891487,1.4454505934281645,1.8323856369127614
2022-06-30,1.936814715576436,0.4168818080887291,1.7642228749971194,1.4286866480805132,1.8096584278931278
2022-07-01,1.936814715576436,0.41460639427206386,1.7752779731898967,1.437497300923945,1.8216032925419996
2022-07-05,1.936814715576436,0.42645435525254904,1.804143384996464,1.4605001087772818,1.852788713346649
2022-07-06,1.936814715576436,0.426599650594697,1.8151214483718017,1.4692630901185504,1.8646688488010044
2022-07-07,1.936814715576436,0.4336804671786229,1.8519792445250363,1.4986954464862263,1.9045709369317851
2022-07-08,1.9555744099324945,0.42921386127086353,1.8541753994959704,1.5004575479869235,1.9069598786249
2022-07-11,1.9158242323984156,0.42345999144540636,1.8165654725294265,1.4704061887908522,1.866218728778895
2022-07-12,1.8981853626667902,0.42483784124072044,1.7998647122456757,1.4570711034402686,1.8481400996956476
2022-07-13,1.8944686482056778,0.43169780399542895,1.7963978968917487,1.4542612462715965,1.8443307350914382
2022-07-14,1.9008943174835045,0.4274648022466465,1.8024794917693614,1.4591190886140002,1.8509166820291976
2022-07-15,1.9336518888470955,0.43005815660205765,1.8335103566662405,1.4838839979680345,1.884490909730338
2022-07-18,1.9180919799690608,0.4336396983327484,1.8188090957769905,1.4721206187893858,1.8685430898200792
2022-07-19,1.9741579822380564,0.44052214082825486,1.8718447321779512,1.514506833830284,1.92600687173509
2022-07-20,2.003954947244583,0.440706669646448,1.9000083705675004,1.5370335080217699,1.9565466082488205
2022-07-21,2.0313580505395405,0.445640376658259,1.9258882221627855,1.5577504092103949,1.984632958930449
2022-07-22,1.9974033560729985,0.4439071432659548,1.8938340854482785,1.5320804680149847,1.9498317673191838
2022-07-25,1.9865681135476403,0.44104189908953,1.8835964783483126,1.523888963339894,1.938726341701611
2022-07-26,1.9494007766893509,0.4381955046792217,1.8484673054993008,1.4957902463132275,1.9006323675777965
2022-07-27,2.027767257972186,0.44859561626088135,1.9225403587486303,1.5550357497061038,1.9809525082145183
2022-07-28,2.0466659233828928,0.44786256247997747,1.9403750368968828,1.5693232477203356,2.000322306938429
2022-07-29,2.0822583714569567,0.4529981279160505,1.9739542731785054,1.5962313399124826,2.036802174335065
2022-08-01,2.081061440601172,0.4500964705718045,1.9728195431795688,1.5953264534110523,2.035575398332917
2022-08-02,2.075139843392711,0.4515955461665037,1.9672375406314249,1.590849692406064,2.0295061203221425
2022-08-03,2.129064212231986,0.4535139847268006,2.0180665773133075,1.631616820452755,2.0847749439637853
2022-08-04,2.138576409760635,0.45499074030565956,2.027020046849856,1.6388080956220887,2.0945243131412172
2022-08-05,2.1218826270972775,0.44761487551846685,2.0113126654699194,1.6261875014441731,2.0774142785464056
2022-08-08,2.115331035925693,0.44458042434795086,2.0051455507171005,1.6212344614373881,2.070699327965477
2022-08-09,2.0924636200191915,0.4416038613122615,1.9836078926979843,1.6039465655857763,2.04726186081455
2022-08-10,2.1482147214302083,0.4429162461607634,2.0361204781999542,1.646094713795749,2.104402879744026
2022-08-11,2.136560505977506,0.4455680055313406,2.0251658286545484,1.637284060952317,2.0924580980928185
2022-08-12,2.1763108757587513,0.4506081366720999,2.0625650471781025,1.6673355654883342,2.13319945513556
2022-08-15,2.193130580315867,0.44892185451621774,2.078380272639338,1.6800513573306308,2.150438516045677
2022-08-16,2.1882169349989695,0.4487779336808985,2.0737578806245964,1.6763366136605284,2.145402347963085
2022-08-17,2.1643415672009043,0.4442325986682558,2.0513076936389285,1.6582867004740312,2.120931751404579
2022-08-18,2.169318269588264,0.4448899105019057,2.0559890843093545,1.662049115646297,2.126032439999497
2022-08-19,2.1288750410205988,0.4404747064918055,2.0179386043478225,1.6314738059462652,2.0845809802727513
2022-08-22,2.075328822356931,0.43461703055898937,1.967518297014901,1.5909925615726088,2.029699814932594
2022-08-23,2.0736910687494094,0.433889030673072,1.9659738799446207,1.5897544105758719,2.0280212238640765
2022-08-24,2.07942368699365,0.4353169639632428,1.971379840314768,1.5940883024143155,2.0338966920947494
2022-08-25,2.08889284326553,0.43729263119267836,2.0044558239765817,1.620615313269047,2.0698599645051825
2022-08-26,2.08889284326553,0.4202227320606746,1.9264864735931047,1.558036147543484,1.9850202394750354
2022-08-29,2.08889284326553,0.41616984807847823,1.9084997396078396,1.543605780362708,1.965456736711707
2022-08-30,2.08889284326553,0.40921309370273523,1.888336542880073,1.5274608378434524,1.9435687166542075
2022-08-31,2.08889284326553,0.4126565363466576,1.877917342704894,1.5191264640018172,1.9322697040660122
2022-09-01,2.08889284326553,0.41580529406726086,1.8787071940996747,1.5197456121701587,1.9331090794190644
2022-09-02,2.08889284326553,0.41929014918975993,1.8535426988309465,1.4996003329876573,1.9057977119482719
2022-09-06,2.08889284326553,0.41537549995632134,1.8409041643722028,1.4895037123053791,1.8921095872743232
2022-09-07,2.08889284326553,0.41564020711060784,1.8761913615441022,1.5176977723363725,1.930332708770654
2022-09-08,2.08889284326553,0.4201270157632075,1.885415212252849,1.525079588174414,1.9403403488349455
2022-09-09,2.08889284326553,0.4227968710833293,1.92452607729261,1.5563692437071683,1.982760359114826
2022-09-12,2.08889284326553,0.4253116089317595,1.9462352882842702,1.5737523372231614,2.00632697727192
2022-09-13,2.08889284326553,0.41327908091644683,1.844861814930391,1.4925994531470863,1.8963065263397758
2022-09-14,2.08889284326553,0.4144309938613065,1.8587369529774438,1.5036960126552301,1.91135041717618
2022-09-15,2.08889284326553,0.41142974367753116,1.8293512871505504,1.4802169258000963,1.8795193290737036
2022-09-16,2.08889284326553,0.4132124416331398,1.8187485491998057,1.4717396827919167,1.8680265922018044
2022-09-19,2.08889284326553,0.408449517238639,1.8290800800784717,1.4799787136292248,1.8791963054412657
2022-09-20,2.08889284326553,0.40838432476831166,1.8152317167681604,1.4689298256232444,1.8642171408218635
2022-09-21,2.08889284326553,0.40915152234741314,1.7843945880538012,1.444307640095809,1.8308363386588073
2022-09-22,2.08889284326553,0.4061026281552806,1.7635579440790907,1.4276865639147023,1.8083028387283269
2022-09-23,2.08889284326553,0.40224660568645193,1.7363069215117117,1.405969578560266,1.7788606588261389
2022-09-26,2.08889284326553,0.4009474440965666,1.7294885952218373,1.400540259551684,1.7715000642080347
2022-09-27,2.08889284326553,0.4053410816036571,1.7301555946337166,1.401064210055644,1.772210471252445
2022-09-28,2.08889284326553,0.41264459595723335,1.7628134500452857,1.4270674157463612,1.8074634529994145
2022-09-29,2.08889284326553,0.40653319472949867,1.7145468291908352,1.3886340112064908,1.7553586057677397
2022-09-30,2.08889284326553,0.4007749098249905,1.686957249877941,1.3666789590211288,1.725593748618423
2022-10-03,2.08889284326553,0.40297066783307617,1.724497589595597,1.3965397775484927,1.7660766421013891
2022-10-04,2.08889284326553,0.4068964845457932,1.7759567260191635,1.437497300923946,1.8216036000866747
2022-10-05,2.08889284326553,0.4012317677007991,1.7750636227228698,1.4367829550912237,1.8206351018499725
2022-10-06,2.08889284326553,0.39922261756114935,1.7617961926020853,1.4262102007470945,1.8063014610702475
2022-10-07,2.08889284326553,0.3924188588885706,1.698064577368171,1.3754419403623979,1.7374739390108993
2022-10-10,2.08889284326553,0.38804539216485706,1.681952886906166,1.3626308055157745,1.7201056370046834
2022-10-11,2.08889284326553,0.3853117831897147,1.6600249502621764,1.3452000404976183,1.696474455993032
2022-10-12,2.08889284326553,0.3839173747512306,1.6594836268683708,1.344771432997985,1.6958934333594713
2022-10-13,2.08889284326553,0.3731400517853402,1.696544538436429,1.374108446361334,1.735666206485252
2022-10-14,2.08889284326553,0.35911336992851833,1.648214090782641,1.3356273703193005,1.683496643970221
2022-10-17,2.08889284326553,0.36673784786018243,1.6997673881803028,1.376632565196917,1.7390881442961783
2022-10-18,2.08889284326553,0.360026952492049,1.712579994095609,1.3867767120414127,1.7528408301086724
2022-10-19,2.08889284326553,0.35773399429386926,1.7066614807475533,1.3820617388655532,1.7464486904552454
2022-10-20,2.08889284326553,0.3568016377209277,1.6983976286508813,1.3754894665246156,1.7375385544911193
2022-10-21,2.08889284326553,0.3550392998755092,1.7361978420826019,1.4055409710606326,1.7782799276053565
2022-10-24,2.08889284326553,0.35807869043917784,1.7543215422552014,1.419971338241409,1.7978434048114662
2022-10-25,2.1209992544331873,0.35891133399492975,1.788754650795757,1.447403235597571,1.8350334337964078
2022-10-26,2.076396941999268,0.3579214008858481,1.7512149798341408,1.4174947455680438,1.7944859186776996
2022-10-27,2.0404594203603645,0.3561866041597487,1.7209555479503054,1.3933965105445687,1.761815507453547
2022-10-28,2.099763505304126,0.36702263185804507,1.7709350227476417,1.4331634090855025,1.8157282371122467
2022-10-31,2.0765391263242936,0.3638170933131225,1.7513677325584454,1.4175900885723705,1.7946152162343745
2022-11-01,2.056368459166533,0.35562579486189355,1.7344065168140648,1.404064462553079,1.7762782222981819
2022-11-02,1.9893940067253402,0.35525121856939423,1.6779907091785262,1.3591541286765978,1.7153923771754662
2022-11-03,1.9525331539513648,0.35168009629610364,1.646901172756763,1.3344367454847814,1.6818825873329135
2022-11-04,1.9822917262948152,0.35780660211582116,1.6720306271841057,1.3543916293385205,1.708935716933369
2022-11-07,1.9880037873497203,0.35982019363567525,1.6894715381824439,1.368250519853119,1.727724498492995
2022-11-08,1.9880037873497203,0.36145854311917613,1.7011556633915794,1.3775374516983478,1.7403148828085901
2022-11-09,1.9880037873497203,0.35542112957665656,1.6638932939180948,1.3479147000019096,1.7001547579652596
2022-11-10,1.9880037873497203,0.37134130541408994,1.7802407379995353,1.4404500272591632,1.825606667572862
2022-11-11,1.9880037873497203,0.37773038692164906,1.811370205465126,1.465262608115361,1.8592456244303925
2022-11-14,1.9833404643931098,0.374751649294751,1.7963123439848223,1.4532611621057867,1.8429750797477187
2022-11-15,2.0094371818371353,0.3709599162564402,1.8199177926149575,1.4720730926271697,1.868478705517028
2022-11-16,1.9833404643931098,0.36817307444625336,1.7963457171679464,1.4532611621057865,1.8429749733386143
2022-11-17,1.9791781837333569,0.3727171137417015,1.7926132910326606,1.4502607642684064,1.8389072327037717
2022-11-18,1.979244315687261,0.37619399601194636,1.7926948706234442,1.4503084357705698,1.838971901077076
2022-11-21,1.9598866056435253,0.37393243781849034,1.7751948922642977,1.4363543475915903,1.8200540925201085
2022-11-22,1.9867099680932547,0.37452180663655465,1.7994547069565727,1.4556900832769881,1.8462678714217078
2022-11-23,2.005671289657186,0.3777119071986872,1.8165923247577604,1.4693584331228786,1.8647983209511743
2022-11-25,1.993118517345834,0.37532658802330904,1.8052461756660365,1.4603097134485212,1.8525308469503186
2022-11-28,1.9653039820747837,0.3722291788576326,1.7801046004081529,1.4402594865904552,1.8253483405530715
2022-11-29,1.9511656558442154,0.37216293672327583,1.7673180512817621,1.4300678135837415,1.8115312723424173
2022-11-30,2.0356657599453474,0.3875710332040005,1.843768914016314,1.4909800754729885,1.8941112868185987
2022-12-01,2.0380442924459823,0.3876167660622872,1.8459164920765117,1.4926946508114678,1.896435853146862
2022-12-02,2.0303143138461826,0.39236608189501354,1.8389605217831624,1.4871224626363415,1.8888815184764578
2022-12-05,1.9978753807252927,0.3892261567760933,1.809654174692689,1.4637387187855344,1.8571797462509847
2022-12-06,1.9584990443424004,0.38139624578664794,1.7740683531922894,1.4353541180858331,1.8186981976812473
2022-12-07,1.950901329650409,0.379479172480075,1.7672003720295535,1.4298772729150335,1.8112731437837366
2022-12-08,1.9728357664346814,0.3815995334502325,1.7870447173755908,1.445688805599037,1.8327090916663196
2022-12-09,1.964096243637415,0.3799079191926509,1.776227647113266,1.4370686934243129,1.8210225946906209
2022-12-12,1.964096243637415,0.38384387005972753,1.7973840616496721,1.4539278364363455,1.8438788095655783
2022-12-13,1.964096243637415,0.39762120533348383,1.8158450201948502,1.4685487442858294,1.8637006087590802
2022-12-14,1.964096243637415,0.39522398402854747,1.8030705799570677,1.4583570712791158,1.8498836078264658
2022-12-15,1.964096243637415,0.3893721874343458,1.745599018931658,1.4125418509012042,1.7877710121514263
2022-12-16,1.964096243637415,0.3863907108629193,1.7298056058989226,1.3999687828855063,1.7707254418722584
2022-12-19,1.964096243637415,0.3855150025129496,1.7028674619050521,1.3785375358641587,1.7416706991356394
2022-12-20,1.964096243637415,0.38648521877972747,1.7016145558495523,1.3775374516983474,1.7403148150007859
2022-12-21,1.964096243637415,0.38756173193168075,1.7250348765890682,1.396158841551023,1.7655602059992686
2022-12-22,1.964096243637415,0.3822641046356622,1.6849629484940847,1.3642977093520907,1.7223654166472062
2022-12-23,1.964096243637415,0.3801459681203251,1.6885648772310986,1.3671550926829805,1.7262392260224784
2022-12-27,1.964096243637415,0.37550650763683335,1.6659061702127314,1.3491528509986466,1.701833273067439
2022-12-28,1.964096243637415,0.37459514063716076,1.6450336546387192,1.332579446319703,1.6793644332342508
2022-12-29,1.964096243637415,0.3789487956553002,1.6830612559245923,1.3627736746823191,1.7202992776233486
2022-12-30,1.964096243637415,0.3747757037228769,1.6821015463060536,1.3620116573474332,1.7192662090127961
2023-01-03,1.964096243637415,0.36889326479647366,1.6713280039749014,1.3534392166748725,1.7076443773117473
2023-01-04,1.964096243637415,0.371402504975244,1.6788757537161185,1.3594398670096868,1.7157795282510342
2023-01-05,1.964096243637415,0.36776238514398696,1.6539321261781403,1.339627852322492,1.6889200547864696
2023-01-06,1.964096243637415,0.3697757231867645,1.697236052159899,1.3740131033570075,1.7355367487177094
2023-01-09,1.964096243637415,0.3690483128583797,1.7076729482334214,1.3822999510364251,1.7467714036841675
2023-01-10,1.964096243637415,0.36733681098508164,1.7213942093899686,1.3932059698758612,1.761556872681955
2023-01-11,1.964096243637415,0.37161237366951466,1.7496536497677089,1.4156849725651837,1.792032033708802
2023-01-12,1.964096243637415,0.37198423372943695,1.7586272329257142,1.4228287215722994,1.8017170212872207
2023-01-13,1.9923950428978432,0.3773438016184618,1.7701198689334008,1.4319727842509837,1.8141137744833
2023-01-17,1.996241595455263,0.37672933063492764,1.7735253130136734,1.4346874437552746,1.8177940737909033
2023-01-18,1.9715429716859114,0.3697599694863685,1.7516536219554404,1.4172566787371186,1.7941628383775894
2023-01-19,1.953120172021647,0.3673122966091542,1.7353283595059836,1.404255003221787,1.7765362736365486
2023-01-20,2.0039344946298234,0.37438880010528164,1.7803832957182464,1.440116617423911,1.825154522616444
2023-01-23,2.0463135033525766,0.3751155580534384,1.8179144110841288,1.4700251074534383,1.8657020868832837
2023-01-24,2.0423320599114905,0.37607394715133097,1.8143835776851176,1.4672152502847664,1.8618926651837433
2023-01-25,2.0380132862911,0.3700164434465238,1.8105761724665828,1.4641673262851689,1.8577605307762557
2023-01-26,2.075870876157543,0.3722238571487601,1.8440802189856036,1.4908848778086081,1.8939820208460791
2023-01-27,2.0955758600076146,0.37025396426974705,1.8615017096417839,1.5047914398253697,1.9128353491559382
2023-01-30,2.055153695829277,0.36670817296027236,1.8257628710388474,1.476263969959124,1.874160133734981
2023-01-31,2.0845086293386053,0.3664076187253101,1.8517259436282425,1.496980871147749,1.9022463691070584
2023-02-01,2.127022734885305,0.373756455128393,1.889302500961691,1.526984704181603,1.9429230998826157
2023-02-02,2.1999037644792465,0.3812552384068267,1.9536616026361535,1.578419638896859,2.0126543456374844
2023-02-03,2.162518395675774,0.3823658442848088,1.9206949219871652,1.5520353518687264,1.9768846947673355
2023-02-06,2.145040450018011,0.37883407818046355,1.9052734371237536,1.5397004960238998,1.9601620468690562
2023-02-07,2.1874870071527375,0.38608808530010247,1.9427369489007147,1.5696566575555901,2.000774277655134
2023-02-08,2.1503040776449036,0.3841329819042755,1.9099380013117688,1.5434152396940017,1.9651983525322025
2023-02-09,2.1321512656882513,0.3753077722199073,1.8939360873656106,1.5306041048473784,1.9478300507281328
2023-02-10,2.1187898602955206,0.3723544002371536,1.8821540847434652,1.5211744491755506,1.935046078551475
2023-02-13,2.151181383239433,0.3759593885786785,1.9107545660441105,1.5440343878623433,1.9660377890647744
2023-02-14,2.166364948233194,0.3737123385645442,1.9241519071453088,1.5547500113730168,1.9805652115352463
2023-02-15,2.182223379525845,0.37824782215627,1.9381398230641929,1.5659419138854875,1.9957382918984379
2023-02-16,2.1430833995333143,0.3723974133977299,1.903604691417167,1.5383193305206724,1.958289863779563
2023-02-17,2.1286422492504165,0.37214938761538635,1.890860342952569,1.5281276575139588,1.944472875053004
2023-02-21,2.0805271858975196,0.367217331492111,1.8483660657533663,1.4941710139790767,1.8984372002789724
2023-02-22,2.0820118093789652,0.36643036766598935,1.8496757423829464,1.4952187696470516,1.8998577566223076
2023-02-23,2.1051045353486053,0.37048235915961186,1.865007892636623,1.5074584278274967,1.9164513175867066
2023-02-24,2.1051045353486053,0.37023896601211176,1.835376072713472,1.4837888003036552,1.8843619945347498
2023-02-27,2.1051045353486053,0.3737673921535955,1.847851115706714,1.4937424064794431,1.8978564000544362
2023-02-28,2.1051045353486053,0.37372708986910963,1.8455843867091417,1.4919326334765826,1.895402804337651
2023-03-01,2.1051045353486053,0.37300888373651636,1.8315028672828033,1.4806932048018941,1.880165326723067
2023-03-02,2.1051045353486053,0.3787311128567984,1.8459054244861366,1.4921707003075082,1.8957255481140798
2023-03-03,2.1051045353486053,0.3805536530517324,1.882117650795096,1.5210791061712239,1.9349173076355801
2023-03-06,2.1051045353486053,0.37908689432881254,1.8841483627400544,1.5226983385053767,1.9371124999746152
2023-03-07,2.1051045353486053,0.3787865016206514,1.862215473085773,1.5051723758228397,1.913352262702843
2023-03-08,2.1051045353486053,0.3796998496402331,1.8710384624732104,1.5122209271655744,1.9229080666033156
2023-03-09,2.1051045353486053,0.37995648404390536,1.8402805053928648,1.4876464131403024,1.8895918811463053
2023-03-10,2.1051045353486053,0.37431975891771535,1.815754221283148,1.4680724652840333,1.8630551534858566
2023-03-13,2.1051045353486053,0.371722913975463,1.8285483458158929,1.4782642836306927,1.8768724773277825
2023-03-14,2.1051045353486053,0.3750414079969669,1.8684258775796185,1.5100777443274616,1.9200025119782895
2023-03-15,2.1051045353486053,0.3714961052907786,1.8777281085657251,1.5175072316676665,1.9300746992282025
2023-03-16,2.1051045353486053,0.38157686114379563,1.9247042894471091,1.5550357497061067,1.9809529162387403
2023-03-17,2.094237227821663,0.3811070301164774,1.916068727512703,1.5481300675299163,1.971590711109982
2023-03-20,2.098214600700084,0.38277976860696517,1.9197043357885144,1.551035267702915,1.9755293761586743
2023-03-21,2.126707466110977,0.38475752458774254,1.945721597127979,1.571847366555921,2.0037448052927536
2023-03-22,2.0991925779724556,0.3795030232026895,1.9206111172303317,1.5517496135356372,1.9764979530795934
2023-03-23,2.1228606228542604,0.38361460198075453,1.9422102738283755,1.5690375093872488,1.999935474642967
2023-03-24,2.130293648080449,0.3850999154077857,1.9489947898109778,1.5744668283958307,2.0072961723706624
2023-03-27,2.116405773878525,0.38556929124781086,1.9363262224612667,1.5643226815513351,1.9935435529951164
2023-03-28,2.1057126917590425,0.3839549488319165,1.926565748484619,1.5565121128737145,1.9829546304836814
2023-03-29,2.142225368759547,0.3880545838916522,1.959891391296963,1.5831821382349363,2.0191116176041777
2023-03-30,2.1615248498539827,0.3882004851429079,1.9774980085322966,1.59727909558046,2.03822318910083
2023-03-31,2.195755447233566,0.3881000320499063,2.0087055554549007,1.6222822171053657,2.0721204076725246
2023-04-03,2.1906697664391515,0.3893274751749372,2.0040640211011214,1.6185674734352633,2.0670842454306335
2023-04-04,2.1836281310999937,0.3894771556248094,1.9976485926314234,1.613424038099716,2.060111175527117
2023-04-05,2.16308981246786,0.3865714576905708,1.9789314796092907,1.5984221942527619,2.0397728587155015
2023-04-06,2.176977487691702,0.38425179739336984,1.9916022087256051,1.6085661957573119,2.0535252516715645
2023-04-10,2.1758039149648565,0.387130816018268,1.9905288810924524,1.6077089807580451,2.0523630670597304
2023-04-11,2.1625028271263558,0.3867162253212118,1.9784053740691774,1.597993441413183,2.039191511292882
2023-04-12,2.144311852925996,0.3808234598141729,1.961826329841122,1.5847061729047078,2.0211776491411295
2023-04-13,2.184280182274269,0.3825286403739934,1.9982648028919912,1.6139003171015127,2.0607566578266545
2023-04-14,2.1803680742067004,0.38328661528944774,1.9946937905743907,1.6110427884306773,2.056882701370995
2023-04-17,2.1821284332969695,0.382441972131159,1.996298161560429,1.6123286109295778,2.058625824797915
2023-04-18,2.1822587639405917,0.3796677574379387,1.9964222458460021,1.6124238085939588,2.0587549090493003
2023-04-19,2.18128078666822,0.3765365536289718,1.995541058454632,1.6117094627612365,2.0577864710353757
2023-04-20,2.1654369579215524,0.3768473713403987,1.981096427141784,1.6001366242512958,2.0420969864382035
2023-04-21,2.1675885079207706,0.37607016924052966,1.9830579698336914,1.601708185083285,2.0442275464578525
2023-04-24,2.163285407922335,0.3752273407709621,1.9791348844498766,1.5985650634193063,2.0399663671445074
2023-04-25,2.1244253864900555,0.3729979037135473,1.9436976457087451,1.5701804627196048,2.0014848553247493
2023-04-26,2.144876194163828,0.3708686419595568,1.9548748122094355,1.579133984729581,2.0136234058464386
2023-04-27,2.144876194163828,0.3748416232258164,2.0052929326094335,1.6195200314388567,2.068375446174194
2023-04-28,2.144876194163828,0.37721098763333216,2.0184189822462564,1.6300451142808225,2.082644427043261
2023-05-01,2.144876194163828,0.37632984261265473,2.0162202375256544,1.628283012780125,2.080255567690552
2023-05-02,2.144876194163828,0.37293127902055995,1.9995332120235085,1.6149004012673238,2.0621125554392234
2023-05-03,2.1271620699753027,0.3729870448856516,1.9871164447809768,1.604946795091536,2.048618226263923
2023-05-04,2.1200248117385136,0.37163808495796186,1.9804596850202287,1.5996128190872805,2.041386795936281
2023-05-05,2.1628485556349513,0.3738525757409754,2.0203942643671784,1.6316168204527575,2.0847752888520854
2023-05-08,2.1679465416681722,0.3748963650277633,2.025141853686709,1.6354267617872411,2.089940375220195
2023-05-09,2.154882830910731,0.3726800550885505,2.0129681069602254,1.6256636962801612,2.076704422682642
2023-05-10,2.177186860138549,0.3734402071535285,2.0337500497997842,1.6423324439634313,2.099302666612474
2023-05-11,2.1839417791466316,0.3736961374343487,2.0400419125426077,1.6473806816345973,2.10614667807737
2023-05-12,2.176485775235453,0.3714831767867081,2.0330986291174247,1.641808493459471,2.098592416243942
2023-05-15,2.18770157787938,0.3716510460371886,2.043544410466439,1.6501905388032694,2.109956216044274
2023-05-16,2.190059401281637,0.37248910034593125,2.045739129554212,1.6519526403039666,2.112345213615741
2023-05-17,2.2152947627547714,0.37330311627973417,2.0692335890247304,1.670812096987568,2.1379133646075266
2023-05-18,2.2544860895027967,0.3790994445965807,2.105701132032699,1.7001014388487536,2.17762143701469
2023-05-19,2.249643061113947,0.37897376295147644,2.101197855948513,1.696482038182978,2.1727144859194465
2023-05-22,2.2568441073807555,0.38010203565446354,2.107893904367734,1.7018636856893965,2.180010475236609
2023-05-23,2.2295692792283504,0.377868659569537,2.0825315341144837,1.6814800489960784,2.152376011461451
2023-05-24,2.218672222258813,0.37781300880419594,2.0723983066257015,1.673336215823151,2.14133523571258
2023-05-25,2.270098987752549,0.38555960345918805,2.1202513667589646,1.711769620363021,2.1934400911282124
2023-05-26,2.3254129335633693,0.3934055113802586,2.1716535666755448,1.7531080797359442,2.249483548523263
2023-05-30,2.335481718521177,0.3976591845589245,2.181035722626272,1.760632910080476,2.259685134130371
2023-05-31,2.3228001525167405,0.39686932689073573,2.1692696817031654,1.751155437566539,2.2468363287778836
2023-06-01,2.3484180476942824,0.39621032033680154,2.1930519369688812,1.7703007779231748,2.272791996425788
2023-06-02,2.3652415571844725,0.396738222799505,2.2086641401655562,1.7828737005989268,2.2898372427979083
2023-06-05,2.3668347021293163,0.3961270984247986,2.2101411074838837,1.784064325433446,2.291451313644545
2023-06-06,2.3664523629006102,0.3963456142465437,2.2097865150583456,1.7837785871003569,2.291063969527053
2023-06-07,2.3280895026400157,0.3962764413993184,2.1742135103942726,1.7551083934075127,2.252195177483461
2023-06-08,2.355682687515408,0.40024560182526586,2.199821573325903,1.775729951591811,2.280152269271676
2023-06-09,2.364285709112707,0.4014591211823458,2.2078057613357536,1.7821593547662042,2.2888688433410573
2023-06-12,2.4024573997589473,0.4056818952777477,2.2432027386587454,1.8106866792925043,2.3275437757723796
2023-06-13,2.4201095702122695,0.40829099282730796,2.259569210288868,1.823878895476543,2.3454286044231805
2023-06-14,2.436933079702458,0.4107112672646193,2.2751537625111813,1.8364518181522955,2.362473948470733
2023-06-15,2.4647176286679042,0.40894457150179414,2.300880381954226,1.857216390843084,2.390625004157355
2023-06-16,2.449869408875564,0.40356330321498546,2.287156098646172,1.8461196859949947,2.3755809463894315
2023-06-20,2.4433056594818345,0.40111806884184303,2.281086636550754,1.8412143174903728,2.368930623099258
2023-06-21,2.411442760584952,0.39673613895971915,2.2515808081620525,1.8174018207999867,2.3366475283943737
2023-06-22,2.4386538007073377,0.3950372073942804,2.276799805431053,1.837737785991142,2.3642173022794286
2023-06-23,2.4155213049920894,0.3950038523667054,2.2553631188383805,1.82044989013953,2.34077976522232
2023-06-26,2.3845504661369543,0.3940692823719897,2.2266683604091684,1.797304067779703,2.3094005772880952
2023-06-27,2.42374179288498,0.3984676108354781,2.2629877218458647,1.826593409640889,2.349108761561952
2023-06-28,2.4282664645508425,0.3961625849009407,2.267175548162314,1.8299748888156846,2.3536932241492527
2023-06-29,2.4236144113006453,0.39534193639803994,2.2628655078201825,1.8264982119765079,2.3489798657916
2023-06-30,2.459364684990312,0.39882654255679173,2.295970934231185,1.853215908839893,2.385201601454967
2023-07-03,2.4649087982822575,0.3986728990746863,2.3011022014984253,1.8573592600096285,2.3908187023657193
2023-07-05,2.4648450102522395,0.39666754583373454,2.301044353254544,1.857311588507465,2.3907540055953564
2023-07-06,2.44687428860023,0.39726745322896084,2.284411991070429,1.8438813054925003,2.3725463475693207
2023-07-07,2.4390997334903624,0.3966534200277395,2.2772141728704076,1.8380710504864481,2.3646692613678733
2023-07-10,2.439864411947775,0.3966884639721183,2.2779221013337994,1.8386425271526263,2.365443896579131
2023-07-11,2.451398960266092,0.3967535737563064,2.2886018893492692,1.8472627846672962,2.3771306773052925
2023-07-12,2.4810314173450516,0.3968625679765465,2.316034288303331,1.869408377521366,2.407153804026572
2023-07-13,2.5213697617791966,0.3997515720380845,2.3533422736203295,1.8995549343818185,2.4480239573161393
2023-07-14,2.520860040966155,0.3988515806775414,2.3528713620680004,1.8998426486114677,2.4475075690914814
2023-07-17,2.5434188333626437,0.3992019216748138,2.3737204039302817,1.8998426486114677,2.470363905678849
2023-07-18,2.5633650391882035,0.40257577878592427,2.3921467366351328,1.9158991786079087,2.490573009819048
2023-07-19,2.5627915303451436,0.4032640428265314,2.391619931231912,1.915473924810312,2.489991977616779
2023-07-20,2.5061393972338513,0.39702346139003447,2.339289269933238,1.8734666653947443,2.4325927394261675
2023-07-21,2.4989383509670438,0.39906688248015887,2.332624688497013,1.8681271273759543,2.4252967950898014
2023-07-24,2.5027619377298103,0.3982952027858108,2.3361575705113133,1.8709622968959778,2.4291706859376525
2023-07-25,2.5190119383769396,0.39864052528375693,2.3511812875028633,1.8830115871026873,2.44563503002426
2023-07-26,2.5109824256227005,0.398061281143348,2.343757876357867,1.8770577455309092,2.4374996847208066
2023-07-27,2.505247142716402,0.4032417514125986,2.3384851551035264,1.8728050633522302,2.431688813752102
2023-07-28,2.5489631411302898,0.40561553011798673,2.378872382597579,1.9052202467730412,2.4759813023254225
2023-07-31,2.5502375404007442,0.4055412842083202,2.380049463670181,1.9061652071445743,2.4772726272028844
2023-08-01,2.544566045524464,0.40563974016153015,2.374810520440633,1.9019598234554207,2.471526409143808
2023-08-02,2.491036414272841,0.40170027337343683,2.3253389746523205,1.8622678827832282,2.417290972566202
2023-08-03,2.487212827510076,0.40321678833638736,2.32181325940958,1.8594327132632047,2.4134169019414715
2023-08-04,2.4760608128961663,0.4048422405876814,2.311504270023573,1.8511635529480517,2.402117848666077
2023-08-07,2.485403756194106,0.40580519909522655,2.3300696880537206,1.866048012674785,2.4224561956482593
2023-08-08,2.485403756194106,0.40279877185692065,2.3112652879420565,1.8509745031926603,2.4018595909145275
2023-08-09,2.485403756194106,0.3979141185578402,2.287152883678283,1.8316483115318567,2.3754520738222697
2023-08-10,2.485403756194106,0.40067803949071995,2.291159064564338,1.834861436359951,2.3798424338143613
2023-08-11,2.485403756194106,0.40055740529041023,2.277301838084212,1.8237571065247744,2.364669342773787
2023-08-14,2.485403756194106,0.3993349139152247,2.3015563605630422,1.8182029357474627,2.391206237483777
2023-08-15,2.485403756194106,0.3959359123064804,2.278371747485793,1.8027270169427743,2.3658318709099837
2023-08-16,2.485403756194106,0.39499520707961977,2.2554751334046905,1.7845823756145238,2.340780209814199
2023-08-17,2.485403756194106,0.3890731367536923,2.2321001609567763,1.7660635385212688,2.3152119415800705
2023-08-18,2.485403756194106,0.3852839403766914,2.2294638909376214,1.763959222520128,2.3123065446287505
2023-08-21,2.485403756194106,0.3892740856854455,2.263547052813944,1.7909422764809086,2.3495612555922634
2023-08-22,2.485403756194106,0.39159816544958365,2.2604923249331264,1.7885105748638561,2.3462038224197057
2023-08-23,2.485403756194106,0.3958485683700825,2.2943093194747997,1.8153065309421346,2.383200003051151
2023-08-24,2.485403756194106,0.39907037565864784,2.2478158385969675,1.7784094299167723,2.332257397252059
2023-08-25,2.485403756194106,0.40073304882612143,2.2643370139112378,1.7915034274145467,2.3503358084734347
2023-08-28,2.485403756194106,0.40345861409290645,2.2805142514687167,1.8043169921593707,2.3680270515996638
2023-08-29,2.485403756194106,0.4116599317662126,2.327783546555356,1.8417752441183703,2.4197444240189454
2023-08-30,2.485403756194106,0.4113829822028421,2.340101180041771,1.8515490034495425,2.433238684794992
2023-08-31,2.489619694330277,0.4120808025062508,2.346759184705243,1.8568334125977453,2.4405346810602424
2023-09-01,2.487114152307618,0.41418510871969544,2.3444093311018195,1.8549628619143301,2.437952056343034
2023-09-05,2.4901209174311707,0.41514929358500013,2.347239108232368,1.85720760836275,2.4410512976866325
2023-09-06,2.4692618547601928,0.41393024782988713,2.3276168908741908,1.8416349563849614,2.4195506224009926
2023-09-07,2.452474512931714,0.41550207399953115,2.3118336351862276,1.8291021098208249,2.402246955220564
2023-09-08,2.4557316984451107,0.4150538317150272,2.314898892344255,1.8315338114378774,2.4056043588926634
2023-09-11,2.483230533498406,0.41603453330578405,2.3407793905056704,1.852063486947957,2.4339490306710214
2023-09-12,2.457047265714504,0.41385627070658937,2.3161445845928554,1.8325159682856125,2.4069605001499985
2023-09-13,2.465941968569034,0.4147067873860427,2.3245148372243065,1.8391564446188158,2.416128839981982
2023-09-14,2.485109642225249,0.41618657440374385,2.3425516903473174,1.8534663642820504,2.43588591502692
2023-09-15,2.4446445746355274,0.4104270771651542,2.304479701222468,1.8232565497389845,2.3941762796425228
2023-09-18,2.443705020272106,0.4084714788701563,2.303600453456377,1.8225551110719378,2.3932078901174876
2023-09-19,2.4387564457439472,0.4086613081626851,2.298940675141891,1.8188606771403315,2.3881071435016707
2023-09-20,2.4053696729596745,0.409406331417512,2.2675082373004254,1.793935271745468,2.353693477982733
2023-09-21,2.3796823342749285,0.40584812469344334,2.228084358384963,1.7626964902055744,2.3105630948247873
2023-09-22,2.3796823342749285,0.4073684996943467,2.2283777449523114,1.7629303982371696,2.310885911190403
2023-09-25,2.3796823342749285,0.40988727214374854,2.238424387546559,1.7708802743201506,2.3218620991640777
2023-09-26,2.3796823342749285,0.40665948663224005,2.206515082720933,1.7456274833093752,2.286996419393101
2023-09-27,2.3796823342749285,0.40590355688507096,2.2114190881746114,1.7495090151234838,2.292355531252424
2023-09-28,2.3796823342749285,0.40450760132920194,2.2289790636878544,1.7633980715864903,2.3115317121747623
2023-09-29,2.3796823342749285,0.40064760317238135,2.2305359706679946,1.764613851038082,2.3132103996507496
2023-10-02,2.3796823342749285,0.40055351442746195,2.2481996497761183,1.7785965277992746,2.332515813238934
2023-10-03,2.3796823342749285,0.39607904754328505,2.2107419359830454,1.7489478641898462,2.2915808754357245
2023-10-04,2.3796823342749285,0.396603207195168,2.239285352290056,1.7715350455519734,2.3227662985211746
2023-10-05,2.3796823342749285,0.39512673127782577,2.233022668821283,1.7665780220196827,2.3159222768908223
2023-10-06,2.3796823342749285,0.39157029427217144,2.2685503813085175,1.7946835205616076,2.3547266238847917
2023-10-09,2.3796823342749285,0.39557227066000133,2.279520526320073,1.8033816454607283,2.3667357575125685
2023-10-10,2.3796823342749285,0.39554464731136363,2.2915000953654228,1.8128748293250816,2.3798427087911365
2023-10-11,2.385243690822303,0.39646904162333557,2.3070157619353,1.8251739105714921,2.396823533897601
2023-10-12,2.377360466518639,0.3966094996046217,2.2994081842336676,1.8191412526071498,2.388494404340391
2023-10-13,2.3489444183917065,0.390854076274155,2.2719797204525483,1.7973957976454786,2.35847125819132
2023-10-16,2.3741828208771794,0.3918437618444224,2.2963472022185365,1.8167095509900972,2.385137089576355
2023-10-17,2.366788579898353,0.3939036108696407,2.289208632104866,1.8110510887907594,2.377324682649992
2023-10-18,2.337272412536784,0.3909569520239261,2.2607004322670488,1.7884637647147628,2.3461391527738207
2023-10-19,2.3164950970510962,0.38565799510750426,2.2406275700499863,1.7725638698349317,2.3241866657532837
2023-10-20,2.2836791314631064,0.3847727973718038,2.208906613898444,1.7474513665575662,2.2895146580202135
2023-10-23,2.2902179313622115,0.3869010033316529,2.215239400228448,1.7524552002389495,2.2964233709483253
2023-10-24,2.29927738472609,0.38843499918734214,2.2356907582481726,1.7686356705855995,2.3187631476056967
2023-10-25,2.29927738472609,0.38148642316632797,2.183742829248014,1.727529652130217,2.2620095346176887
2023-10-26,2.29927738472609,0.3798631360946518,2.144229254996191,1.6962910133041926,2.2188794182701974
2023-10-27,2.29927738472609,0.3783355870653683,2.153986281814828,1.7040071240694479,2.229532864879009
2023-10-30,2.29927738472609,0.3805982865997514,2.177007562258798,1.7221985755467912,2.2546491721055557
2023-10-31,2.29927738472609,0.38193464330290217,2.1868868299780058,1.7300081638963627,2.2654316238350156
2023-11-01,2.29927738472609,0.3824505339459273,2.222904178437071,1.758487715489423,2.304752431820128
2023-11-02,2.29927738472609,0.3839965962685969,2.261209431702635,1.778215204475501,2.3465913167781567
2023-11-03,2.29927738472609,0.3849465185557671,2.2864191215728438,1.778215204475501,2.3741609271135533
2023-11-06,2.29927738472609,0.38529536757904814,2.2952708435193125,1.779826671542646,2.383845941233396
2023-11-07,2.31142837426432,0.3859798714245074,2.315857693979906,1.7958263125723937,2.4063797232279898
2023-11-08,2.312844135541455,0.3854756074389119,2.317272794433802,1.7969265231079603,2.407929356166479
2023-11-09,2.295913330156547,0.38579638165976826,2.3003531757908497,1.7837693258029212,2.389398858192083
2023-11-10,2.344995094778292,0.3919059945987545,2.349415546640203,1.8219115432891275,2.443117982707227
2023-11-13,2.3380338484274534,0.38995744763066553,2.342453348929786,1.8165018483782993,2.435499082595597
2023-11-14,2.3859356919644643,0.39115104089840635,2.3902968310149673,1.853727130481736,2.487926746140951
2023-11-15,2.387646523528124,0.3926308743691029,2.392006726040786,1.8607539267016584,2.489799080805819
2023-11-16,2.3895933753148664,0.3933337382027309,2.393949812272909,1.8640849348412027,2.4919298595477875
2023-11-17,2.3901242857937914,0.3922431282918257,2.3944795905909446,1.8644983221935483,2.492510911231842
2023-11-20,2.4178506309782186,0.39639747626855304,2.4221418501366134,1.8860871227182665,2.5228568445933854
2023-11-21,2.4044594088168303,0.3943521414508471,2.40878169754553,1.8756602012433519,2.508200343295913
2023-11-22,2.413839187339214,0.39348830583218103,2.418136930018939,1.8829636581591056,2.5184662361099197
2023-11-24,2.4105946744022186,0.3927212784889038,2.4149009679372777,1.8804373553907188,2.5149151798869194
2023-11-27,2.4085889525827167,0.39250164691077705,2.412900519867942,1.8788756231111385,2.5127198852200663
2023-11-28,2.4146061180412226,0.39140023968402543,2.4189032237136803,1.8835608199498795,2.5193055618181917
2023-11-29,2.4123643759986377,0.38830139103289996,2.4166767255451,1.8818153132318707,2.516852059784568
2023-11-30,2.4065830507325328,0.3881876793174995,2.410910269104782,1.8773137506527342,2.510524531842527
2023-12-01,2.413131306700646,0.38990175174337977,2.417443744613356,1.882412475022645,2.5176913384168755
2023-12-04,2.391776067294009,0.3858729179622073,2.396140966289004,1.8657844629048983,2.4943183936059032
2023-12-05,2.397498342496673,0.388271961133629,2.4018550067620614,1.8702400468297218,2.5005813907950105
2023-12-06,2.3842839104642457,0.3907416771677117,2.3886901599744474,1.8599507809600981,2.4861183883267475
2023-12-07,2.416021879318358,0.392627893622432,2.420343275313646,1.8846631862228012,2.520855136552317
2023-12-08,2.4262866886696326,0.3905726240571041,2.430578995544282,1.892655762237955,2.5320896785979112
2023-12-11,2.4460490166088107,0.39378187790214836,2.4502812094419895,1.908043472119841,2.5537192445639563
2023-12-12,2.464631783524618,0.3934451105719288,2.4687986850473966,1.9225127303460579,2.5740577118054904
2023-12-13,2.4945408206881883,0.39692485444911046,2.498591065421748,1.9458010589344714,2.606792639542656
2023-12-14,2.4924762288359266,0.3977058853425649,2.4965392688634203,1.944193488179402,2.604532992569233
2023-12-15,2.5039796492740134,0.39841241646906544,2.5079903187027566,1.9531504945045386,2.6171231401656736
2023-12-18,2.5142442785946066,0.39765063033239934,2.518206761991188,1.9611429303408685,2.6283577340669937
2023-12-19,2.5265148097653833,0.39877451228677907,2.530416680526014,1.9706972386356028,2.641787455565195
2023-12-20,2.490647297145385,0.3976451683363389,2.494731392162169,1.9427694115051128,2.6025311914979214
2023-12-21,2.518314772297052,0.3979262970878376,2.5222576809468507,1.9643123735543422,2.6328127420181215
2023-12-22,2.5219134055840127,0.3986882179376666,2.5258387141704994,1.967114408069783,2.6367513176554125
2023-12-26,2.5366615189897757,0.3998180054986411,2.540511410588283,1.97859785734213,2.6528928622854107
2023-12-27,2.5403190223094962,0.3995024689291646,2.5441483328931644,1.9814457303330604,2.656895948119295
2023-12-28,2.539139101224763,0.3978629464895705,2.542975771750145,1.980526998319743,2.6556044950881774
2023-12-29,2.5286384516810863,0.397466313882018,2.5325319150177803,1.9723507880449846,2.6441117971593395
2024-01-02,2.4877567245276735,0.3940649251633881,2.49185849768664,1.9405187003049562,2.5993675146688524
2024-01-03,2.462625881674434,0.39121796692025695,2.466838071190015,1.9209508578876526,2.571862324526213
2024-01-04,2.4505325006939804,0.39069630861150895,2.4547908803296927,1.9115344855558576,2.5586263794989472
2024-01-05,2.453305153215491,0.39048402741716726,2.457553946520007,1.9136933796262117,2.5616609442145273
2024-01-08,2.4582723192507974,0.3966003878846152,2.5057462016616268,1.95135914931104,2.6146051235352434
2024-01-09,2.4582723192507974,0.3933922330631927,2.5104352122961124,1.9550337970066614,2.619770370988364
2024-01-10,2.4582723192507974,0.3952549308038387,2.5265802998149995,1.9676655912062433,2.6375259300360834
2024-01-11,2.4582723192507974,0.39606503145863997,2.531570801955039,1.971569991994606,2.643014089109529
2024-01-12,2.4582723192507974,0.3949186465747273,2.532803053133289,1.9725345624834125,2.6443698432019174
2024-01-16,2.4628575946059876,0.3933982794193588,2.5325690622044865,1.9723507880449838,2.644111509389382
2024-01-17,2.4496453957000264,0.3939814638623706,2.519012743554673,1.9617400921316408,2.6291967501824565
2024-01-18,2.482704518755884,0.39664935409776386,2.5529388619345244,1.9882898212421543,2.6665159130098854
2024-01-19,2.529547832894293,0.40168129742626474,2.6009737124255947,2.02590961227267,2.71939543583332
2024-01-22,2.5326937025917875,0.40332080842101725,2.60420649254273,2.0284360552198804,2.7229467970364603
2024-01-23,2.542702954765849,0.4038900470179508,2.614459185196279,2.036474469710524,2.734245817691382
2024-01-24,2.5561438109044414,0.4070941612043263,2.6282318826136213,2.047268799883471,2.7494186738808155
2024-01-25,2.5591181004037096,0.4048927371358984,2.631278858366383,2.0496574470465667,2.7527762088729424
2024-01-26,2.544590336946341,0.40278511388186566,2.6164030016060433,2.037990223335791,2.7363764238994963
2024-01-29,2.5694132613923135,0.4059018147524155,2.641828137249531,2.057925474451127,2.764398110446566
2024-01-30,2.553112444370769,0.40456964056350186,2.6251345405689968,2.0448343142448864,2.745996653579314
2024-01-31,2.5054684808231387,0.4006418859556245,2.576334189964566,2.006571522948108,2.6922131625422545
2024-02-01,2.533551603582921,0.40192154730445523,2.6051134315479723,2.0291250341404568,2.7239153014663673
2024-02-02,2.5743321846539846,0.40623372642489597,2.6468892084202698,2.0618758538938025,2.7699509393361414
2024-02-05,2.571129237922085,0.40590120810201435,2.643609303456708,2.0593035724711024,2.7663352068110636
2024-02-06,2.566210314660415,0.4037025151814049,2.6385744067987984,2.0553531930284263,2.7607824914842434
2024-02-07,2.59137639950284,0.4058473522400051,2.664333832129367,2.075564035711993,2.789191675158986
2024-02-08,2.5959521623680577,0.4060685555825401,2.6690153045052303,2.0792388235864383,2.7943570247227743
2024-02-09,2.6203174232537556,0.40670746270681307,2.6939432379663595,2.098806525824917,2.8218621911975172
2024-02-12,2.610537002859831,0.4049062563194243,2.683939509628614,2.0909518857727027,2.81082146322724
2024-02-13,2.5717010555511703,0.3974012278342949,2.6442268617121676,2.059762798298937,2.766980953193275
2024-02-14,2.59841153672514,0.39873950115585766,2.6715692121231247,2.081213943218364,2.7971335160349593
2024-02-15,2.6057898343438928,0.3989724420591586,2.6791182065745676,2.0871394422929654,2.8054626211853058
2024-02-16,2.583254704056776,0.394828361275115,2.656067110317211,2.0690415150254404,2.7800234878974264
2024-02-20,2.5646660928763763,0.39269433625436073,2.637044834934762,2.0541130309713895,2.759039444154003
2024-02-21,2.5548854979349462,0.39325271532809586,2.6270338348339237,2.04625825074035,2.7479984949165606
2024-02-22,2.626151499088469,0.4006739393591994,2.7000013130824683,2.103491862842482,2.8284479528455275
2024-02-23,2.618773201469716,0.3978085142828861,2.6924623367728393,2.0975663637678803,2.8201188313088954
2024-02-26,2.6174576369183087,0.3981395949522374,2.6911144213558824,2.0965098359704477,2.8186337368883065
2024-02-27,2.623463292951249,0.39770086229702467,2.697256543122079,2.1013329687721276,2.825413356690447
2024-02-28,2.610136590881467,0.3954492488703896,2.683626438389061,2.0906303155501584,2.810369323129306
2024-02-29,2.6314706597809976,0.39573365238651703,2.7054465619473347,2.1077636723288773,2.8344523889720716
2024-03-01,2.6692769513527934,0.3961280721990484,2.744099454008539,2.138125844919128,2.8771306471400413
2024-03-04,2.660182851751775,0.3944089842222639,2.734806289800793,2.130822388003374,2.866864720306308
2024-03-05,2.6145978505828626,0.3914355298403382,2.6882165630258172,2.0942131461159783,2.815405528495423
2024-03-06,2.6302695983934115,0.3897715351839561,2.70423446149486,2.1067991018400716,2.8330968613384946
2024-03-07,2.668361973327255,0.3924635483878279,2.743172604899623,2.1373910275230634,2.8760978445381147
2024-03-08,2.631584988397313,0.3864120796356401,2.7055974679977735,2.10785548945868,2.834581734374384
2024-03-11,2.6222622315636634,0.3847833530002658,2.6960691584563437,2.100368398283322,2.8240575749289683
2024-03-12,2.6581238893730568,0.38768478158277053,2.732737157219414,2.129168838593992,2.864540542716089
2024-03-13,2.638620125619613,0.3864771966667574,2.7128007002290726,2.113505396965051,2.8425234590996067
2024-03-14,2.6322714837377252,0.38414746915845366,2.7063093998284398,2.108406812773965,2.8353566715753886
2024-03-15,2.602415307413767,0.3812317998685963,2.675779999229011,2.084429365086151,2.801653085375175
2024-03-18,2.6227769721583436,0.3798377586879476,2.6966094029531456,2.1007817856356676,2.8246384684854227
2024-03-19,2.6290112854239154,0.37780253865764224,2.7029895585456076,2.1057885526969518,2.831676318940446
2024-03-20,2.6334165658201703,0.380699929446956,2.733399144241647,2.1296740430761396,2.865250585178436
2024-03-21,2.6334165658201703,0.3845039667361942,2.7456941196363913,2.139320168500676,2.878809670604746
2024-03-22,2.63670081990402,0.38498349919581343,2.748675168299679,2.1416628370094584,2.882102490914081
2024-03-25,2.6276005261492243,0.3822984996808163,2.7392076085481887,2.134221584309589,2.871642742618132
2024-03-26,2.6195113380489725,0.3795103105296702,2.730794838652041,2.127607106314411,2.8623451551173797
2024-03-27,2.6279936196158014,0.3816859576958825,2.7396186674349607,2.134543014353308,2.8720944395960455
2024-03-28,2.6233874144900082,0.3806956315539455,2.7348258021568923,2.1307765495278845,2.866800212434701
2024-04-01,2.6286678614841152,0.38111549673340384,2.7403197898419385,2.135094337668593,2.872869336772449
2024-04-02,2.6070965789288087,0.38160083085572816,2.717877896134508,2.117455636228902,2.848075853506774
2024-04-03,2.6126580028927022,0.3794708636832334,2.7236697643742396,2.1220031774623522,2.8544679419312144
2024-04-04,2.574683768279406,0.37023383520642655,2.684184944610042,2.090951885772702,2.8108211930615976
2024-04-05,2.580319352505832,0.3710441303094041,2.714185278310018,2.11451594610817,2.843943790488409
2024-04-08,2.580319352505832,0.3700448075586504,2.7149473143011664,2.115113107898943,2.8447832151969243
2024-04-09,2.580319352505832,0.37157566538139974,2.7244775921187476,2.1226003392531254,2.855307607599147
2024-04-10,2.580319352505832,0.3723293138193705,2.701917015352932,2.1048698206836334,2.8303850432084388
2024-04-11,2.580319352505832,0.3735003867422059,2.742852934117201,2.137023478646205,2.87558120768803
2024-04-12,2.580319352505832,0.3708690666122257,2.7013350542293413,2.104410454676975,2.829739270967001
2024-04-15,2.580319352505832,0.3735621907494599,2.6591843413220237,2.071292226225596,2.7831872269171756
2024-04-16,2.580319352505832,0.3733720343297214,2.659416450854208,2.0714760006640245,2.7834456849175693
2024-04-17,2.580319352505832,0.3746625144238533,2.628635469191931,2.0473147785377828,2.7494838375567765
2024-04-18,2.580319352505832,0.37173616658927705,2.6143968828188835,2.0361528994879787,2.733794265809225
2024-04-19,2.580319352505832,0.3703906781567312,2.5630629776280602,1.9959148483804507,2.677234278370174
2024-04-22,2.580319352505832,0.3713120304367135,2.587504716081536,2.0150693034454084,2.704158511591212
2024-04-23,2.580319352505832,0.37260144471861534,2.6241420874343824,2.043777926626276,2.7445122831344775
2024-04-24,2.580319352505832,0.3708504334894536,2.6325884835377935,2.0503924046214537,2.7538098388269256
2024-04-25,2.580319352505832,0.3644941101157882,2.620552445825715,2.040930053635346,2.740509257916492
2024-04-26,2.580319352505832,0.3668848321795721,2.6589277203930566,2.071016634657366,2.782800143835413
2024-04-29,2.580319352505832,0.3682588929353544,2.6691761726067527,2.0790550491480086,2.794099059328786
2024-04-30,2.580319352505832,0.36258609998684377,2.621406343779115,2.041573053901609,2.741413058635054
2024-05-01,2.580319352505832,0.3610742912433391,2.603421186300355,2.027471344552249,2.7215912160053293
2024-05-02,2.580319352505832,0.36202173629579987,2.6349455917253986,2.0521837498149513,2.7563279216332526
2024-05-03,2.580319352505832,0.36775264692135046,2.6852015293549925,2.0915950262177887,2.811725834485006
2024-05-06,2.580319352505832,0.3697600875012785,2.7131111225807927,2.11350539696505,2.842523866360595
2024-05-07,2.580319352505832,0.36976752714264904,2.7135205235632127,2.113826967187594,2.842975899264949
2024-05-08,2.5912538786501513,0.37133447764004973,2.7120039096760817,2.112632643606046,2.8412971128540203
2024-05-09,2.596630601366107,0.3711977599521374,2.717618311571085,2.117042248876557,2.8474954877411562
2024-05-10,2.6024554840134364,0.3704626254709156,2.7237009379266484,2.121819403023924,2.8542104463777376
2024-05-13,2.608168241216456,0.37164674626142435,2.729664867790692,2.1265045998626655,2.8607959541508556
2024-05-14,2.6241305630437233,0.3739098590722471,2.7463277200608944,2.1395957600689055,2.879197437220999
2024-05-15,2.6631681645716885,0.37554622270500365,2.7870593535334733,2.171611622247363,2.92419999916914
2024-05-16,2.6580155218214196,0.3746141752658581,2.7816849834861284,2.1673857914152808,2.9182599948220727
2024-05-17,2.656783338394541,0.3743603086034554,2.7803994438663664,2.166375242272161,2.916839585672085
2024-05-20,2.674425832657128,0.37631014285541037,2.7987977531105397,2.1808443603195533,2.9371777471650944
2024-05-21,2.6794104581638645,0.3744822533046432,2.8039927837003855,2.18493239536752,2.942923876202084
2024-05-22,2.6789064064332684,0.37385346634923006,2.8034670187851236,2.184519008015174,2.9423427364705663
2024-05-23,2.667424829305075,0.3772697354780317,2.7915184182418424,2.1751026356833796,2.929106836744165
2024-05-24,2.691452320667742,0.379005295528133,2.8165565748946886,2.194808273884798,2.956805631220146
2024-05-28,2.7011415999163058,0.37961207297095895,2.8266540035539616,2.2027547310668147,2.96797532870127
2024-05-29,2.682995053923123,0.380011525634049,2.807746862556257,2.1878722256670766,2.947055945022262
2024-05-30,2.655607046766883,0.37890662073427633,2.77919987004886,2.1654105316045302,2.915482960409425
2024-05-31,2.6509023930250555,0.3776941179034474,2.7742916677224887,2.1615521094704806,2.910059401268601
2024-06-03,2.6644564107207214,0.3804074489223655,2.7884282732375727,2.172668150044795,2.925684399539177
2024-06-04,2.671401351350619,0.38124305131429964,2.795669339316094,2.1693936226168886,2.9336903863955683
2024-06-05,2.722704724425216,0.38375835379847484,2.849144019744879,2.1923078120932376,2.9928331169075335
2024-06-06,2.721808575485401,0.38272623975149483,2.848211612283212,2.1915877907603054,2.991800079210456
2024-06-07,2.719512225875175,0.38207205554497475,2.8458200904048745,2.189742761844047,2.9891528418991
2024-06-10,2.729985699542177,0.38407478691724634,2.856730127108095,2.198157796594524,3.0012265334748736
2024-06-11,2.747852273770451,0.3826966055515785,2.875335468703487,2.2125129043441705,3.0218232296496876
2024-06-12,2.7821852215565888,0.3839968391580771,2.9110784885716736,2.240098112260137,3.061402354325447
2024-06-13,2.796579325469914,0.38637874871562555,2.9260586426437776,2.2516632231759384,3.077995791788071
2024-06-14,2.810413314930488,0.38806838043354547,2.94044640567334,2.2486188077722784,3.0939434831211847
2024-06-17,2.8432899993240595,0.3879070264938443,2.9746279035730505,2.2486188077722784,3.1318437567282063
2024-06-18,2.8441300855417198,0.38769046134740587,2.9754986646283856,2.2486188077722784,3.1328122133189726
2024-06-20,2.8231831382077157,0.38824025571202087,2.9537390893105417,2.2486188077722784,3.108664642601519
2024-06-21,2.8159580548899754,0.38709726315706816,2.9462276402309437,2.241998797306087,3.1003356335245913
2024-06-24,2.781121055373242,0.3851977582469151,2.9100044888424828,2.2143858147516635,3.0601755592378646
2024-06-25,2.811477481113835,0.3873760962998053,2.9415741461581972,2.2384473431845877,3.0951705883561793
2024-06-26,2.817022221073322,0.38637024791151514,2.947336458362743,2.242842291368819,3.1015626781132264
2024-06-27,2.8239671617032203,0.3871422937078478,2.95455519215864,2.2483470859009302,3.1095689216081976
2024-06-28,2.8099651549991136,0.3873851052579642,2.940002493442302,2.2372486224221313,3.093427432590357
2024-07-01,2.825703567783628,0.38845836843185766,2.9563629746747737,2.2497234200132485,3.111570684686944
2024-07-02,2.854043615678904,0.38693244140452193,2.985821249844187,2.272186699255994,3.1442412925834935
2024-07-03,2.8767828608925377,0.39020881580282996,3.0094437358931367,2.2902105931072203,3.170455272695499
2024-07-05,2.9054589432748776,0.39047955414270197,3.039219654905758,2.312940224635114,3.203513225974143
2024-07-08,2.9120678494177117,0.39071374450306434,3.046077885545232,2.3181786668820776,3.2111319022620544
2024-07-09,2.914476153549314,0.39148409669418077,3.0485777667170386,2.3200875700854016,3.213908327109551
2024-07-10,2.9435443331408733,0.39353100405475144,3.0787354556701603,2.3264815833472308,3.2474182107424863
2024-07-11,2.881767486399274,0.39323847293765063,3.0146669165994635,2.2753295556988227,3.176201815839789
2024-07-12,2.8979538881922298,0.3946170656838026,3.0314660030426976,2.2880263721844805,3.1948615956135265
2024-07-15,2.905402880552723,0.395598105582505,3.039200221649487,2.2938694551756256,3.2034487824741236
2024-07-16,2.9064670467360703,0.3942555922285782,3.0403045937882016,2.2947042004706595,3.2046753837754727
2024-07-17,2.8248633106430354,0.38779966537911725,2.9555835457751045,2.2306932068619227,3.1106025534690778
2024-07-18,2.8120934873658086,0.38284822759663867,2.9423073678197276,2.2206763973956085,3.095881473872624
2024-07-19,2.788290075968828,0.3822266770426995,2.917558403791105,2.2020047030866476,3.06844091696177
2024-07-22,2.8187520208114325,0.3827389776207479,2.9587848562898587,2.233109624216949,3.114154007652686
2024-07-23,2.8187520208114325,0.3816889243184758,2.9488870781085406,2.2256408928637277,3.1031776702741523
2024-07-24,2.8187520208114325,0.37333680572501604,2.848459424312384,2.1498997569706173,2.991865713947092
2024-07-25,2.8187520208114325,0.373242122609746,2.8186483576237418,2.1274497206829626,2.9588723351171233
2024-07-26,2.8187520208114325,0.37313279970726626,2.8460630514889704,2.148098471548391,2.9892183309733054
2024-07-29,2.8187520208114325,0.37487583296491594,2.851491167377492,2.1521842454193933,2.995223060017174
2024-07-30,2.8187520208114325,0.3681592390725259,2.8143416676549777,2.124198692106994,2.954094394066193
2024-07-31,2.8187520208114325,0.3757062616345622,2.8933027510603266,2.1836845510461695,3.0415169954473673
2024-08-01,2.8187520208114325,0.36619480116048353,2.8268054000132405,2.184643364215308,2.96784695269874
2024-08-02,2.8187520208114325,0.35921853182617924,2.7631859908769414,2.1727176342792798,2.8974053214026805
2024-08-05,2.8187520208114325,0.36744266565207867,2.6852137348582277,2.1111305264830778,2.811015847801345
2024-08-06,2.8187520208114325,0.3685858845649473,2.7095684734466428,2.1302786954273225,2.837875389249064
2024-08-07,2.8187520208114325,0.3590444006079452,2.6817814031211884,2.1083687456840985,2.807141917551565
2024-08-08,2.8187520208114325,0.36363139678970596,2.7595540564739585,2.1695876815931068,2.8930148923255077
2024-08-09,2.8187520208114325,0.3661238516304142,2.773225864503827,2.1614094088064504,2.908123488342617
2024-08-12,2.8187520208114325,0.3665326174162871,2.778894838622949,2.1593105362035043,2.9143865249442076
2024-08-13,2.8187520208114325,0.37134843495936004,2.844311804360556,2.2102584033818538,2.986700318704506
2024-08-14,2.8187520208114325,0.37170480958249985,2.8451894581493518,2.21094085306196,2.9876691101377446
2024-08-15,2.8187520208114325,0.3756154028145096,2.9133752927906564,2.2641177874725047,3.063146807171461
2024-08-16,2.8297290297693665,0.3739034115129795,2.9169264686466088,2.266892564568918,3.0670853749841607
2024-08-19,2.865084148049319,0.3781081745168839,2.9532866477391826,2.2653679682353625,3.107374698162169
2024-08-20,2.859361713488719,0.37706137068277173,2.9474002879781365,2.2628126604265484,3.100853684880055
2024-08-21,2.8720532589411456,0.3777828971773299,2.960444406178005,2.272848430091489,3.1153162632268954
2024-08-22,2.8287092104903695,0.37916431786164745,2.9159158591923737,2.238574362506218,3.065923250623695
2024-08-23,2.857888525923942,0.3793753498881997,2.945895845238952,2.2616477454736157,3.0991748498662024
2024-08-26,2.8314854428307537,0.37860160440247737,2.9187553560565465,2.240769652938647,3.0690869914055763
2024-08-27,2.839531087264634,0.38057298104874765,2.9270358524040048,2.2471317019615262,3.0782555352217402
2024-08-28,2.8088785842662847,0.3798544647047466,2.8955148414649576,2.2228934040411956,3.043325298149961
2024-08-29,2.804969104120789,0.3774959356139946,2.8914887814542927,2.219802004148494,3.038870204448923
2024-08-30,2.8367546820149117,0.3804733536932289,2.9241823508342333,2.2449362748019905,3.075091650859607
2024-09-03,2.75482591465802,0.3714117410484131,2.839911437569164,2.180151553255801,2.981728986614141
2024-09-04,2.748026773646026,0.3686629405899362,2.8329321878659726,2.1747751699483793,2.973980892001755
2024-09-05,2.7504632391360824,0.3698922873175025,2.8354425829795655,2.176701791615255,2.9767575408028626
2024-09-06,2.743832149920629,0.3689992177835821,2.76335647617359,2.12137038225754,2.897018299980222
2024-09-09,2.743832149920629,0.3697318955224805,2.797039583177553,2.1472215131338332,2.934272746974535
2024-09-10,2.743832149920629,0.3707561365994104,2.821569264150865,2.1660387179827025,2.9613907657187593
2024-09-11,2.743832149920629,0.3770743942718711,2.879706419184118,2.2106622072167204,3.0256985584615905
2024-09-12,2.743832149920629,0.37673845681252616,2.9065312867183346,2.231271494259029,3.0553989683984244
2024-09-13,2.743832149920629,0.3785469816260405,2.9188852266167644,2.2407696529386483,3.069086804715536
2024-09-16,2.743832149920629,0.3765599313392865,2.9066442491820945,2.231361050514213,3.0555278975663693
2024-09-17,2.743832149920629,0.37409916144516264,2.9081060449155385,2.2324811189760005,3.05714187739641
2024-09-18,2.723324364644144,0.37465144711749004,2.8961569820892716,2.2232966122801874,3.0439059737429996
2024-09-19,2.7887785671291248,0.3748486439348474,2.965621132217164,2.276701399971027,3.120868613208918
2024-09-20,2.7837268193088502,0.3738512029531512,2.9602639266567436,2.2725796245988295,3.114928677968352
2024-09-23,2.787021532169409,0.37356222709617204,2.9637572970226587,2.2752678162525406,3.1188027475275977
2024-09-24,2.7998157965603765,0.3742502052341184,2.9773215373184074,2.2857067941564715,3.133846496809148
2024-09-25,2.80228687309981,0.37468681754613886,2.9799411500038397,2.287722972078532,3.136752230162308
2024-09-26,2.8223294722687964,0.3798625688286695,3.001205149698283,2.3040759442752057,3.1603187947882567
2024-09-27,2.807393585866845,0.37674275871253887,2.985376470238273,2.291889593941875,3.1427567128626444
2024-09-30,2.814641920644863,0.3756717149734953,2.9930619209534424,2.297803588234618,3.1512795300524465
2024-10-01,2.7773021208519557,0.3706094774677851,2.9534892415695793,2.267337644037738,3.107374433545928
2024-10-02,2.7810362181344868,0.36959203996796014,2.957451887164013,2.2703843341664016,3.1117651154279304
2024-10-03,2.7790593233877288,0.3705949112847044,2.955356445040915,2.268771364483332,3.109440549052218
2024-10-04,2.810523571463179,0.3745269885235821,2.988732653302929,2.2944433828492565,3.146437170155547
2024-10-07,2.781859854455612,0.37175954547818807,2.9583473747718947,2.2710563478980528,3.1127335737589226
2024-10-08,2.821395906054149,0.373280809628878,3.000259934195557,2.3033142375612634,3.1592211882539725
2024-10-09,2.842536798702007,0.37593571725145425,3.0226625386710464,2.3205633192182096,3.1840792331799843
2024-10-10,2.839461778052434,0.3739118360990585,3.019401593519742,2.3180543768019746,3.180463621777514
2024-10-11,2.843689889551583,0.3754530718336459,3.0238815994181207,2.3215041384425206,3.185435295203232
2024-10-14,2.866423257470989,0.37683866687295303,3.0479628087385797,2.3400525377987305,3.2121658739518444
2024-10-15,2.829907261575265,0.3714612653721134,3.0093034907369733,2.310258744060609,3.169229435953985
2024-10-16,2.8302367161037147,0.37134534885537124,3.009649305011864,2.3105275495532687,3.1696166825832055
2024-10-17,2.8321036809569513,0.3673044733305579,3.011640921555514,2.3120508262540467,3.1718119780274328
2024-10-18,2.849785133480026,0.36895021502227376,3.030363017555047,2.326477313510952,3.1926023262725574
2024-10-21,2.855001776140582,0.37014172057897704,3.0358885910478732,2.3307336283565867,3.198736260733738
2024-10-22,2.8579668668966334,0.3678800757101779,3.0390319495940723,2.33315287779053,3.202222661055685
2024-10-23,2.8162342283403525,0.3638274838028517,2.9948250963144574,2.2991027692067743,3.1531523846669525
2024-10-24,2.837979232674408,0.3661342306827107,3.01785756942073,2.316844752085003,3.178720837920438
2024-10-25,2.854452629401146,0.3659128449861371,3.0353081365178114,2.3302855736264507,3.198090758778819
2024-10-28,2.85489184624706,0.36776847119488215,3.0357782911895654,2.3306439353742956,3.198607341861274
2024-10-29,2.881029689344489,0.3705483743326313,3.0634577789222783,2.3519700826394008,3.2293408020922634
2024-10-30,2.8602732161718416,0.36965372472339725,3.0414831545555936,2.335034652966261,3.2049348299094356
2024-10-31,2.7914693358795417,0.3632188612117898,2.968609585048763,2.278896827130564,3.1240334744478897
2024-11-01,2.8111275155733173,0.3640493915478822,2.989441069966658,2.2949361473434315,3.1471480824565794
2024-11-04,2.80333020163192,0.36312810574043325,2.981175376077116,2.2885742350476597,3.1379798830050096
2024-11-05,2.8094383482464624,0.3639183530870512,3.0172606742584764,2.3163518508637213,3.1780109157127026
2024-11-06,2.8094383482464624,0.3670397931019078,3.095033924748634,2.3762530903237704,3.2643356963277
2024-11-07,2.8094383482464624,0.3686363539935112,3.14127306722108,2.4119160318634885,3.315730469861174
2024-11-08,2.8124920563441833,0.36903704184630093,3.144753066811246,2.414604360244307,3.3196048659547306
2024-11-11,2.810931442389356,0.36952483975731676,3.143012750790592,2.4132603327810056,3.317667976542755
2024-11-12,2.8060930628484293,0.36858613896771686,3.1376137330870586,2.409093437463448,3.3116629502354296
2024-11-13,2.80265971214781,0.3678875888710016,3.1337822097599908,2.4061365770441836,3.3074016842560394
2024-11-14,2.784139685669032,0.3653397237740682,3.1131143912633634,2.3901868130865003,3.2844161594717605
2024-11-15,2.721088341728885,0.361070692002513,3.042710608605691,2.3358859159353873,3.206162041490686
2024-11-18,2.73903603725068,0.36202913626632244,3.0627626665778487,2.351342778671788,3.2284372902494933
2024-11-19,2.7569318181475277,0.3598962395858768,3.082766148361852,2.3667549316441505,3.250647929303981
2024-11-20,2.7554232775779686,0.35956113987766825,3.081078104912769,2.3654557506719947,3.248775687154815
2024-11-21,2.7648393522128405,0.361303220470635,3.0915957528357634,2.3735650353971662,3.260461989144358
2024-11-22,2.769053168651194,0.3618922104214924,3.096302262452687,2.3771940462751884,3.2656916429872767
2024-11-25,2.77321491170428,0.36434192748091715,3.1009614996916226,2.380778210662066,3.270856885744973
2024-11-26,2.7873650603492215,0.3648337363534671,3.1167560227350797,2.3929645609953965,3.288418726056733
2024-11-27,2.7665039541778818,0.36371094645836,3.0934677905520624,2.3749986191156536,3.2625276376187147
2024-11-29,2.789601993271247,0.3659674627373145,3.1192596723845343,2.394891045935165,3.29119519630889
2024-12-02,2.8184744627577927,0.3664858290560842,3.1514881677331723,2.4197565110960007,3.327029272958994
2024-12-03,2.8266941196140705,0.36811573097918526,3.1606559026505803,2.4268354203416767,3.337230947296268
2024-12-04,2.859936625694774,0.3701003717355386,3.197733819430977,2.4554644358539717,3.378488989999205
2024-12-05,2.8523932878056946,0.3687409740621903,3.1893237085125485,2.4489679840847622,3.369126726908413
2024-12-06,2.8766877446776538,0.3688400765920405,3.2164082491914003,2.469890786383769,3.399279189512775
2024-12-09,2.8553586130801865,0.3663761670965622,3.192634752402999,2.451521772992143,3.3728072156198827
2024-12-10,2.8460984410804766,0.366853790076394,3.1823111169824805,2.443546754286194,3.3613142470779165
2024-12-11,2.894583525574501,0.36977131451642486,3.2363553388571917,2.485302939356132,3.421490153459931
2024-12-12,2.876791891448189,0.36793405014146974,3.2165250502284732,2.4699804793660607,3.3994087027677526
2024-12-13,2.8977571443900647,0.36763064289489633,3.239885060486911,2.4880361142280956,3.4254292335643663
2024-12-16,2.937502155695774,0.36895964897490635,3.284151749560077,2.522265198595114,3.474757474536385
2024-12-17,2.925172829171678,0.3682431784694026,3.270420407843931,2.511646971453707,3.459455234805512
2024-12-18,2.8246130893272063,0.367468705940942,3.158444254430292,2.4250432014211305,3.334648802679304
2024-12-19,2.8126479589793436,0.3624175718615958,3.1450617808946375,2.4147386262635298,3.3197986063986233
2024-12-20,2.8360060474784063,0.35957732027369077,3.1711519984927192,2.434855012084556,3.34878893794268
2024-12-23,2.8579076687931786,0.3614185904494594,3.195578936216823,2.4537170634245715,3.3759713247669842
2024-12-24,2.8947918191155733,0.3623622135177044,3.236696306386029,2.485482325320714,3.421748882408204
2024-12-26,2.8835115823798425,0.3628519744114801,3.2346049604519442,2.4838692189105376,3.4194242360686866
2024-12-27,2.8628053969346463,0.3601700763434512,3.1937918886743684,2.452328189470123,3.3739697343725745
2024-12-30,2.82661137342109,0.35989427197650886,3.153494987081124,2.4211902315415927,3.3290961325396506
2024-12-31,2.8038015005112715,0.3604074307203578,3.1280752938551006,2.4015667469418487,3.3008163438895384
2025-01-02,2.817110862296398,0.3573555211590358,3.122267197938781,2.3970864730946992,3.2943597965125826
2025-01-03,2.817110862296398,0.35909083349955556,3.17074020111974,2.434496787063817,3.3482725562010844
2025-01-06,2.817110862296398,0.3590881894535401,3.2053350572977237,2.4611990441821296,3.3867537450789995
2025-01-07,2.817110862296398,0.3594296113916559,3.1510595259858896,2.419263746601824,3.3263198334462962
2025-01-08,2.817110862296398,0.35921411015363036,3.1515796618836207,2.4196670915679217,3.3269011438229206
2025-01-10,2.817110862296398,0.35636255662151817,3.104669061198037,2.3834664023157752,3.274731516017938
2025-01-13,2.817110862296398,0.35896904155112636,3.0952269807047967,2.3761635340685845,3.2642071090715072
2025-01-14,2.817110862296398,0.36077338650834445,3.0924492755669686,2.3740129534001944,3.261107932483425
2025-01-15,2.817110862296398,0.36288241968572804,3.159931957892915,2.4260738503548396,3.3361340251316816
2025-01-16,2.817110862296398,0.36405886509061763,3.1389315916176983,2.409855280904496,3.312761105009058
2025-01-17,2.817110862296398,0.3629787736807546,3.1891840178950064,2.448654332100955,3.3686751009680793
2025-01-21,2.817110862296398,0.3644442941493045,3.206930287368535,2.4623639591350632,3.388432305773993
2025-01-22,2.817110862296398,0.3653664061335301,3.245832665847621,2.492426695092952,3.431756501562865
2025-01-23,2.8326461175560116,0.3634056741591835,3.2523849492845196,2.497489426416568,3.4390523419989503
2025-01-24,2.8174193767034974,0.360864736941589,3.2349421748469047,2.4840037583839742,3.4196178570078217
2025-01-27,2.739414286353101,0.3484671682721084,3.1456203766297715,2.4149180122281115,3.320057037282442
2025-01-28,2.777860294088388,0.3523704083047939,3.1897365989308266,2.448967984084761,3.369127232439182
2025-01-29,2.772902865441945,0.35245237213531483,3.1840525387075522,2.444577403219903,3.362799933509509
2025-01-30,2.7841330345206954,0.35169555488406234,3.1969300243811594,2.4545234799025515,3.377133290321823
2025-01-31,2.7802883719954394,0.353832922847771,3.1925302068595363,2.4511184280260436,3.372226173708944
2025-02-03,2.759143036865168,0.3565343505368255,3.1683278892521907,2.4323909161594655,3.3452376566289903
2025-02-04,2.791316304168148,0.35653526018528353,3.2052325978044167,2.460885392198324,3.3863015801328724
2025-02-05,2.803356038388339,0.3594614571475705,3.2190320603558527,2.4715484658308764,3.4016684136111945
2025-02-06,2.8172674674549887,0.3594501952818566,3.2349758348036683,2.483869218910537,3.419424095264024
2025-02-07,2.7834753786277626,0.35445809764834635,3.19625341245812,2.453941022426086,3.376293885261161
2025-02-10,2.815497045440869,0.3568882406074616,3.232948582137407,2.4823012324457214,3.4171642850436807
2025-02-11,2.809123032176222,0.3578577529097512,3.2256448241284628,2.476656043645639,3.4090289438837877
2025-02-12,2.8106912172842997,0.3538531846690419,3.227453120659797,2.4780449176000867,3.4110304043821955
2025-02-13,2.849137533778222,0.35727204349640884,3.271513337258007,2.5120951629109496,3.4601008718673407
2025-02-14,2.86051961210548,0.35700182069889214,3.2845456285625136,2.522175779067036,3.474628282458844
2025-02-18,2.866691079705449,0.3564364639054849,3.29161240835097,2.527641581902535,3.4825052754054115
2025-02-19,2.86745000843072,0.35559535036787804,3.2924815890326693,2.5283137323612928,3.48347381330914
2025-02-20,2.855865384438783,0.3543169460065216,3.2792179291531127,2.5180537302406236,3.4686879789255705
2025-02-21,2.799461048205548,0.3547004832516623,3.2146385408146996,2.4680988409174374,3.3966970383353186
2025-02-24,2.7680464008692045,0.3492504303616882,3.1786207104921944,2.440276241883123,3.3566012639076614
2025-02-25,2.7349119679349116,0.3485168245750132,3.140614031382338,2.410930502875138,3.3143104731253255
2025-02-26,2.743483896834567,0.347562746095589,3.1478063452301748,2.4164859986929286,3.3223167105639337
2025-02-27,2.743483896834567,0.3495227658913111,3.0648755920141033,2.3524628471335753,3.2300516760451257
2025-02-28,2.743483896834567,0.35452864679680823,3.1108053415573518,2.3878571199077405,3.281059151358553
2025-03-03,2.743483896834567,0.3564131560230893,3.0462449270660064,2.33803635987667,3.2092614584003885
2025-03-04,2.743483896834567,0.35701322975206273,3.037542196547175,2.331315949105946,3.199576603199215
2025-03-05,2.743483896834567,0.35711862412108547,3.0751158915910657,2.360258616602047,3.24128632427168
2025-03-06,2.743483896834567,0.3530066521130525,2.9947808559118694,2.298386045711083,3.15212051043657
2025-03-07,2.743483896834567,0.3519571852172969,3.0156846237542867,2.314470212415096,3.175299768044839
2025-03-10,2.743483896834567,0.3442087555802377,2.904691982288716,2.2290762038265988,3.0522366736448396
2025-03-11,2.743483896834567,0.34361925759918976,2.898102321609817,2.224013472502983,3.0449406538785175
2025-03-12,2.743483896834567,0.3417667766742247,2.92913002766505,2.247848562184324,3.0792899444969994
2025-03-13,2.743483896834567,0.34098585949460036,2.8791173156608236,2.209407736008602,3.0238920713369035
2025-03-14,2.743483896834567,0.3447168517321077,2.9451071949700696,2.2601244687728386,3.096981108839676
2025-03-17,2.743483896834567,0.344354691920134,2.9632277320091496,2.274058054808461,3.117060924886472
2025-03-18,2.743483896834567,0.34070439655424456,2.9152710938552895,2.237185488551771,3.0639231241330616
2025-03-19,2.743483896834567,0.3419280154249142,2.95227651805948,2.26563525482659,3.1049225884788814
2025-03-20,2.743483896834567,0.34322434808859414,2.9427767796881206,2.2583323865794,3.0943983374446797
2025-03-21,2.743483896834567,0.33937299880460187,2.9519972924083935,2.265411159097969,3.1045997422572578
2025-03-24,2.743483896834567,0.3409807725151407,3.009221269284274,2.309407481091481,3.168003672211344
2025-03-25,2.743483896834567,0.34113850499666803,3.025515796367995,2.321952193172656,3.1860820394194387
2025-03-26,2.743483896834567,0.33560069065897774,2.9726770887461873,2.2812713668004676,3.127455998093318
2025-03-27,2.743483896834567,0.33398626587025443,2.9566084439840354,2.2689057672296613,3.1096356749211225
2025-03-28,2.6818321860807113,0.32648090938430924,2.882723890949231,2.2120959276623133,3.027765843534176
2025-03-31,2.68172360651686,0.32153330069181857,2.8826776812640804,2.212006371407129,3.0276368082652656
2025-04-01,2.6703853329315366,0.32475763933344515,2.904727410547675,2.2289418010802695,3.0520427441024993
2025-04-02,2.6703853329315366,0.32015184137800984,2.924866991489654,2.24439866381667,3.0743179851156603
2025-04-03,2.6703853329315366,0.31599625251312397,2.776074437691855,2.130196527205508,2.9097388170091207
2025-04-04,2.6703853329315366,0.30736173230304453,2.612362653792687,2.0047937059764736,2.729018214516613
2025-04-07,2.6703853329315366,0.31780889614505664,2.6186483847865936,2.009363536078807,2.7356037547774594
2025-04-08,2.6703853329315366,0.32783485522096634,2.5742595571668487,1.9751790247487209,2.686339715163353
2025-04-09,2.6703853329315366,0.3653174626979722,2.867508971355472,2.1989239116135266,3.0087831148478466
2025-04-10,2.6703853329315366,0.35565456319628935,2.751301649091166,2.1411572210216447,2.8808129328564953
2025-04-11,2.6703853329315366,0.3627253283495006,2.799415313078238,2.183725548361201,2.933886381263594
2025-04-14,2.6703853329315366,0.3700165954820158,2.8175237742781407,2.197815418769718,2.9537729678866245
2025-04-15,2.6703853329315366,0.36924343688475053,2.8204979928438045,2.2001483738496455,2.9570656156087143
2025-04-16,2.6703853329315366,0.3620305016571129,2.739760606451313,2.136973050380125,2.867899699260524
2025-04-17,2.6703853329315366,0.35932535782849523,2.7392892074031936,2.136607143177415,2.867383289089047
2025-04-21,2.6703853329315366,0.35447355348745246,2.674948606725439,2.0863321077912333,2.7964249691063228
2025-04-22,2.6703853329315366,0.3584802827112801,2.741546872864008,2.138345516503682,2.8698368049969325
2025-04-23,2.6703853329315366,0.3686343728906941,2.8006289566537803,2.184457502372574,2.9349193567276854
2025-04-24,2.6703853329315366,0.37662342069663046,2.8753922873867683,2.242966776076287,3.0174994404183044
2025-04-25,2.6703853329315366,0.375973637912435,2.9058065424205077,2.2668004439717,3.051138451523622
2025-04-28,2.664523424948007,0.37514831774515556,2.904931333871164,2.266114280712898,3.050170036248146
2025-04-29,2.6812559995419925,0.37310193301309746,2.923145692844076,2.2803870349197943,3.0703146800732264
2025-04-30,2.6809342318510443,0.37907567166330264,2.922810881127878,2.280112569616273,3.0699272584546624
2025-05-01,2.7142384971935427,0.3847335518507797,2.959081898978852,2.3085208453783057,3.110022623545456
2025-05-02,2.7525840079157895,0.38608832421731276,3.0007539303772828,2.341229263703435,3.1561872443098613
2025-05-05,2.737031302744003,0.38254665365223156,2.9838563009478336,2.3279629288114325,3.1374631322394553
2025-05-06,2.712790542584276,0.38358520273011104,2.9575176280458453,2.3072857515124614,3.108279322242142
2025-05-07,2.7229265521814843,0.38372759899594794,2.9685364133942698,2.3159316877852745,3.1204821767466555
2025-05-08,2.7496880986972565,0.3831839769982048,2.9976272479346284,2.3387590759717467,3.1527006427675026
2025-05-09,2.7479718952347527,0.38425087394218954,2.9957662760532946,2.3372951679490006,3.1506345107246636
2025-05-12,2.854588621266788,0.3845050564307031,3.111536746782564,2.428238394674322,3.2789921532057758
2025-05-13,2.8960984537269754,0.38508166821689366,3.156533267526548,2.431901912452996,3.328966578974056
2025-05-14,2.912669980809317,0.38606793312217075,3.174486951465457,2.438130460076243,3.3489171043561887
2025-05-15,2.9157269375394947,0.3841732120800193,3.1777983971219337,2.4406787731691355,3.3525975322394634
2025-05-16,2.927847399452444,0.3844040936664402,3.190923859023052,2.4507825248774155,3.3671895466117636
2025-05-19,2.9305289059877917,0.37894759819652085,3.1938554897743323,2.4530178585166675,3.3704180090126052
2025-05-20,2.9211973156179543,0.37914204341109564,3.18374148510643,2.4452389411109308,3.3591834939227354
2025-05-21,2.8824225085308264,0.37601220283403153,3.141745517335237,2.412915831137189,3.3125019161662648
2025-05-22,2.8875711189183373,0.3758914541564007,3.1473225753074225,2.4172077699569887,3.318700363224235
2025-05-23,2.8620431243286473,0.3701012217302395,3.119677223083391,2.3959273500524483,3.287966828129152
2025-05-27,2.926291916169243,0.3732032215505857,3.1893121521254426,2.4494858567312088,3.3653170304190096
2025-05-28,2.9139033690692275,0.37350147506574255,3.1759003237548367,2.4391586262325786,3.3504022705567773
2025-05-29,2.9193737471476875,0.3688320597992352,3.1818403326400104,2.4437187941743734,3.356987961894269
2025-05-30,2.914976037149835,0.36815155044830383,3.1770780044652716,2.4400528142618545,3.3516935255901927
2025-06-02,2.9369645871390957,0.37183858371236994,3.2008997250570137,2.458382713824448,3.378165909868726
2025-06-03,2.9588991272921343,0.37172121053375934,3.2246436335158832,2.4766675901875193,3.404573133972383
2025-06-04,2.966782926718875,0.3718763728736236,3.233174231767659,2.483239612978216,3.4140644997998337
2025-06-05,2.9454379121115113,0.37246478195850746,3.2100842325640846,2.4654461716596137,3.388366857642534
2025-06-06,2.972950195350772,0.3720575189618251,3.2398467911350153,2.4883807166277703,3.4214894995707783
2025-06-09,2.977133502665439,0.37185048275245974,3.244372258101541,2.4918679680815843,3.4265259194798623
2025-06-10,2.9959577309167584,0.3735190220110829,3.264732662026452,2.5075600538879943,3.449188858440007
2025-06-11,2.986304045523632,0.3741005161063973,3.2542963703888663,2.499512634492386,3.4375665759024674
2025-06-12,2.9930078118620025,0.3754648804972159,3.26155076114008,2.5051009685905163,3.445637387378269
2025-06-13,2.957075886154208,0.3711100761072801,3.2226786845573865,2.475147716118838,3.4023784259501246
2025-06-16,2.9963865362831283,0.3732762285707253,3.2652075584177185,2.507917510805404,3.4497052919369473
2025-06-17,2.9684454476774973,0.37120830754753337,3.234983171895211,2.4846255089198377,3.4160665233623337
2025-06-18,2.967962632474905,0.3701172442382797,3.234459351966515,2.484223028802907,3.4154852070149615
2025-06-20,2.9563786682684303,0.3719385329932038,3.22193270137198,2.4745665075432037,3.401539042519818
2025-06-23,2.982228430549069,0.37483149056831616,3.2499046918496597,2.4961151565697386,3.4326599768196817
2025-06-24,3.0258297530004197,0.377985950419371,3.297068036209355,2.5324617033734085,3.485152379512292
2025-06-25,3.033230409892228,0.37703064424127575,3.3050696613133477,2.5386309731792984,3.494061973664104
2025-06-26,3.0603672429366586,0.37812146615232145,3.3343914542586606,2.561252538693814,3.5267325007606516
2025-06-27,3.070396378524615,0.37830706475954184,3.345225408354844,2.569612937543063,3.5388069423631014
2025-06-30,3.0894350094591196,0.38002596538927746,3.3657872945623977,2.5854837518081775,3.561727789016017
2025-07-01,3.0644968677474442,0.3778655044581335,3.338860725752857,2.564695039815983,3.531704319740422
2025-07-02,3.0849299344535046,0.3769617264512661,3.360932098918327,2.581728271232369,3.556304048730313
2025-07-03,3.1139973736436244,0.37857161167533604,3.3923153097378766,2.6059592114788566,3.5912989697000968
2025-07-07,3.0915266631164533,0.3764654031594195,3.3680599011010486,2.5872273775350845,3.564246093043465
2025-07-08,3.0931891840750754,0.3754356370669472,3.369854464969864,2.5886132734767053,3.566247755696473
2025-07-09,3.1141584211552695,0.37646030757700066,3.392489148175258,2.6060934624737917,3.591492817121297
2025-07-10,3.1098680761651805,0.3751778941883441,3.387859775475935,2.602516983224564,3.5863275304501165
2025-07-11,3.10316430982681,0.37344180700132007,3.3806266939817675,2.5969286491264336,3.5782567407410446
2025-07-14,3.1139440184720844,0.374508723677258,3.3922625627212506,2.6059147340150868,3.5912344461100765
2025-07-15,3.116678880178974,0.37673710712830544,3.3952233409637453,2.608194545118108,3.5945270286368833
2025-07-16,3.119735836909152,0.37638559621932777,3.3985208857783937,2.610742858211001,3.598207423840589
2025-07-17,3.143923078231168,0.3764960730520355,3.424620344841176,2.630905611295915,3.627326856693127
2025-07-18,3.1410271690126343,0.374957013574925,3.4214992893673943,2.628491549197958,3.6238403263360626
2025-07-21,3.1566333930221315,0.3751271901155494,3.438332278492509,2.6415010709165396,3.642629103605585
2025-07-22,3.140973486508753,0.37284466882128114,3.4214448794294268,2.6284467988663134,3.6237759127315754
2025-07-23,3.154702786876443,0.37317791744343726,3.436250485689246,2.639891696184568,3.6403046281004348
2025-07-24,3.161138468027747,0.37274812273101415,3.443191012698031,2.6452565514923485,3.648052516526036
2025-07-25,3.168432087244133,0.3723435326248713,3.4510559427029435,2.6513365935028244,3.656833213914825
2025-07-28,3.1779247251256146,0.3722390386300442,3.461291195441554,2.659249761903497,3.6682615151938927
2025-07-29,3.173205247436814,0.3735157999637373,3.4562086238015666,2.6553155528689834,3.662579576545946
2025-07-30,3.1772811897437183,0.37306105345771157,3.460600896446679,2.658713303659507,3.667486675776331
2025-07-31,3.161138468027747,0.37677408875179996,3.443225843038787,2.645256551492349,3.648052110297178
2025-08-01,3.101448106364307,0.37324562840014325,3.3788712357152177,2.5954980028531667,3.5761898662881464
2025-08-04,3.156257942827302,0.3761989701984379,3.4380042946136067,2.6411880914628996,3.642176189176721
2025-08-05,3.1357178384458195,0.3726051779885547,3.415857403396319,2.624065632251099,3.6174476139749157
2025-08-06,3.173527015127762,0.3727814457178509,3.456639219582218,2.6555837819909787,3.6629668825282606
2025-08-07,3.1838239085704445,0.370921953405906,3.467755501017133,2.664167386762702,3.6753636508353478
2025-08-08,3.2123014948825497,0.3713181602014789,3.4984481786557113,2.687906619096844,3.7096483475384856
2025-08-11,3.2031843071958974,0.3698359753602362,3.4886242951717072,2.680306430149812,3.6986721132443003
2025-08-12,3.2417980667713815,0.3709008413973236,3.5302275054852252,2.712495289128617,3.7451596586854268
2025-08-13,3.243353550054582,0.3690852846261075,3.5319105933757453,2.713791957274824,3.747032549249414
2025-08-14,3.2409401287063,0.3674900955384026,3.5293141013587253,2.711780102425922,3.7441268887711954
2025-08-15,3.2272645108424918,0.36565976102037867,3.514586546427052,2.700379955439311,3.7276624941215712
2025-08-18,3.2260307952502396,0.36477073591196474,3.5132581744907054,2.6993515164150996,3.7261771807195623
2025-08-19,3.184038638585971,0.3601496000643711,3.468022664086138,2.664346388089282,3.6756222447420264
2025-08-20,3.1659116282204294,0.3592367555379842,3.448483857507833,2.649235510858508,3.653798833572781
2025-08-21,3.1518605601617913,0.35824846042423664,3.433332495576374,2.637522384418257,3.636882509410431
2025-08-22,3.1984648295070977,0.3587475276967957,3.483588093868102,2.676372221115298,3.6929899724213193
2025-08-25,3.1869861242521056,0.3583589078762517,3.4740447548354934,2.6689957838264915,3.6823368559748677
2025-08-26,3.1869861242521056,0.35772567245408243,3.4872833718008787,2.679233513661831,3.6971222017656054
2025-08-27,3.1869861242521056,0.3585154580817014,3.492368392803338,2.6831677226963446,3.7028041098277247
2025-08-28,3.1869861242521056,0.35854273913005236,3.5131124253939467,2.699217538288041,3.7259833607136015
2025-08-29,3.1615146454717444,0.3556771434181329,3.474513999142406,2.669353513611777,3.6828531656581536
2025-09-02,3.1363307221660466,0.3499565502541701,3.446919605937588,2.6479835930439464,3.651990432483251
2025-09-03,3.1523511574606746,0.3501147091464876,3.4726576554164565,2.667878117006866,3.680722304633267
2025-09-04,3.1523511574606746,0.35017267196561247,3.5024832637112584,2.6909466401020823,3.7140381496302552
2025-09-05,3.1523511574606746,0.3473012918800174,3.5072997074701284,2.6946573703462455,3.7193971695967534
2025-09-08,3.1523511574606746,0.3482936435620537,3.523528161294909,2.7072199344841277,3.7375401097344647
2025-09-09,3.1523511574606746,0.34844225676287693,3.5330013119446444,2.714551894309165,3.748129039178772
2025-09-10,3.1337605686981758,0.3499527460531929,3.534103615089775,2.715401332006796,3.749355984381311
2025-09-11,3.151100847518657,0.3500991182269749,3.5536207965459785,2.730512209237571,3.771179158773702
2025-09-12,3.164336673762684,0.35031282851852097,3.5685160970875343,2.742046334351241,3.787837139758056
2025-09-15,3.190090641988819,0.35181243502888915,3.5974908386567033,2.764489171407052,3.8202495182753227
2025-09-16,3.1875255156914197,0.352003244643944,3.594606787679782,2.7622538377678,3.8170211222369037
2025-09-17,3.18147185520465,0.3510465521998205,3.5877972614989364,2.7569784831233104,3.809402421594297
2025-09-18,3.2087648365840704,0.35348771356830605,3.618493854929569,2.780762465789098,3.8437517676561694
2025-09-19,3.2294395917157095,0.3542875019436044,3.6417379417949567,2.798779113030174,3.8697717328134544
2025-09-22,3.2440609994863467,0.3530463394825119,3.6581704906661856,2.8115206784946367,3.8881734979718607
2025-09-23,3.223539989107153,0.3503891376784648,3.635111504548087,2.79363800938062,3.8623471530979265
2025-09-24,3.212766270782614,0.3508236710003467,3.6230017833619685,2.7842494443750354,3.848788018935074
2025-09-25,3.199581797164658,0.35123890488391535,3.6081876098268704,2.77276006959301,3.832194879394068
2025-09-26,3.2120993128952295,0.3513658675636946,3.622262494289514,2.783668235799399,3.8479487732958817
2025-09-29,3.2262588601569964,0.3508203480834103,3.6381830264208923,2.7960073211469307,3.8657692462389224
2025-09-30,3.2346725495626507,0.3503197894467898,3.647640153473453,2.803339280971968,3.8763583267800654
2025-10-01,3.2494477020857326,0.3533753890316419,3.6642530280036,2.8162148245634904,3.8949536092664987
2025-10-02,3.262170628320587,0.3551603913289757,3.6785597638675793,2.8273019920964604,3.910965964375852
2025-10-03,3.2490885468290043,0.3529704957649619,3.6638652521004635,2.81590184510985,3.8945017486125257
2025-10-06,3.2723287413838107,0.3555637334470058,3.68997004237295,2.8361540988580547,3.9237501781687274
2025-10-07,3.2559118704553014,0.35272452583562774,3.671532838664331,2.8218479089932655,3.903088836874669
2025-10-08,3.2914644833621636,0.35288789629969913,3.7114713135724835,2.8528296004891547,3.9478329157490246
2025-10-09,3.287668146542136,0.35212503570614684,3.707206830604196,2.8495213503619223,3.9430551981872215
2025-10-10,3.1789067289072506,0.35217361727761876,3.5850814649099707,2.7547431494840575,3.806174869834709
2025-10-13,3.243086238968304,0.3531389823522567,3.6571571103411884,2.8106712407970056,3.8869472265806957
2025-10-14,3.2225138759630387,0.34906887989877045,3.634037524811836,2.792743821351344,3.8610560477129203
2025-10-15,3.24416339161272,0.3477544917034778,3.6583859812012958,2.8116099062900513,3.8883028727948004
2025-10-16,3.2558855296893836,0.34900895709907936,3.6455333588511487,2.8016404055767072,3.873904726167113
2025-10-17,3.2558855296893836,0.3519932500306765,3.6682575678416574,2.8192548455687287,3.8993437400947686
2025-10-20,3.2558855296893836,0.3534365273015476,3.7121208989913366,2.853276558069856,3.9484785108885925
2025-10-21,3.251477557276442,0.35295802815043653,3.7111983536393947,2.8525613713671607,3.947445570013045
2025-10-22,3.2216914864602564,0.3523152984394029,3.677268175398922,2.8262290756084805,3.9094160438433407
2025-10-23,3.2474319827786307,0.35511786089158925,3.706604768761006,2.848984892117932,3.942280161534827
2025-10-24,3.2804037081604607,0.35777039432080787,3.7441744976718536,2.8781334572236243,3.9843769775679094
2025-10-27,3.3359808951330945,0.35937341378444837,3.8074421187489857,2.927266319823401,4.055335355189892
2025-10-28,3.3604062016341825,0.3602657307606896,3.835226427053063,2.9488594463137066,4.086520692863626
2025-10-29,3.374818965895667,0.36002040075172453,3.8516169733978862,2.961601011778169,4.10492234337015
2025-10-30,3.3256643252074953,0.35774144262860563,3.7957242627965955,2.9181459839398123,4.042163862995668
2025-10-31,3.3409367007435966,0.354668489816022,3.813096325747441,2.9316474864386155,4.061662950672668
2025-11-03,3.356158456441624,0.3575649814121748,3.8304058596724477,2.945104238605773,4.081097286800199
2025-11-04,3.2912764789897797,0.3550289344264162,3.756620061462104,2.8877455010195585,3.998258913882227
2025-11-05,3.3116565196506063,0.3542776540137744,3.7798200841493763,2.9057624211285114,4.024279077254584
2025-11-06,3.252943989292853,0.3484633182572705,3.712993589872659,2.8538577666454916,3.949317440244712
2025-11-07,3.243183928928523,0.34631535110504724,3.701890669800299,2.8452294115421237,3.936856194151544
2025-11-10,3.311403420460235,0.34827741893090736,3.7795989396894933,2.9055386694702854,4.0239558748052096
2025-11-11,3.303008861093716,0.34653357907990956,3.770042940780817,2.898117481849834,4.013238095870876
2025-11-12,3.3005309582884648,0.344223351268537,3.7672283310699424,2.895926898542227,4.010074335741902
2025-11-13,3.2795058927976877,0.3420328646653523,3.6942293538932987,2.8392388701949383,3.9282045725001544
2025-11-14,3.2795058927976877,0.34675356590132295,3.696954263244741,2.84129520250761,3.9311743945968356
2025-11-17,3.2795058927976877,0.3450375639830306,3.666974409140231,2.818047678085813,3.897599921604499
2025-11-18,3.2795058927976877,0.34290034927799834,3.624600937084803,2.785188382735957,3.8501439952824064
2025-11-19,3.2795058927976877,0.34298942122498305,3.645131777536276,2.8011039473327175,3.873129359634125
2025-11-20,3.2795058927976877,0.3288387378233439,3.5634069803144013,2.7376204174043823,3.7814453933675756
2025-11-21,3.2795058927976877,0.32948470549924364,3.5887794430244284,2.757291462576951,3.80985466598835
2025-11-24,3.2795058927976877,0.3343667725007046,3.6758578363083236,2.8247536790035697,3.9072845914911056
2025-11-25,3.2795058927976877,0.33318184989233285,3.697348783560493,2.8414294535025455,3.9313679852798065
2025-11-26,3.2795058927976877,0.33377483577182365,3.728352739434866,2.865481665290328,3.966104737202049
2025-11-28,3.2795058927976877,0.334407279678638,3.757033210314109,2.8877455010195585,3.99825868347867
2025-12-01,3.2795058927976877,0.3359223008968108,3.745060790250846,2.878446436677265,3.984828930199576
2025-12-02,3.289165002986901,0.3367871886933433,3.7728754570957173,2.9000398360354454,4.016014559480095
2025-12-03,3.296809834277751,0.3384810628116787,3.7816272675020937,2.9068353376164917,4.02582885745055
2025-12-04,3.2938926791317127,0.33888642876870056,3.7782917065668853,2.9042422741919545,4.02208383139985
2025-12-05,3.306667319919084,0.3391316548207912,3.7929086829679504,2.9155976708469193,4.03848361493595
2025-12-08,3.3006322499231757,0.3397002955340544,3.7860054959916227,2.910233088407015,4.030736046231445
2025-12-09,3.304504702008546,0.34043427608725435,3.7904384427085382,2.913675316661308,4.0357073114442565
2025-12-10,3.3173800296198572,0.3394895269065029,3.805173128025086,2.9251202139795636,4.052236251180061
2025-12-11,3.307170447066759,0.3400769372060174,3.7934891545624567,2.916044901295496,4.039129511648885
2025-12-12,3.2470183580073377,0.33794582113163674,3.7246503544805973,2.86257562241215,3.9619081854693565
2025-12-15,3.2315276287497836,0.3335595438598591,3.7069060621157273,2.8488058907913514,3.9420216791434712
2025-12-16,3.237613349129686,0.3320600185782265,3.7138870786393636,2.8542154964307773,3.9498341923060556
2025-12-17,3.180579481892159,0.32523534714315827,3.648562774035759,2.803518009430674,3.8766159400163325
2025-12-18,3.224738953792412,0.3297533067918026,3.698679030517594,2.842412869327236,3.9327885995017753
2025-12-19,3.224738953792412,0.3320507889098893,3.7444206009954324,2.8779099784332747,3.9840541373081573
2025-12-22,3.224738953792412,0.33393393428540236,3.756869687460158,2.887566772560854,3.9980006406782103
2025-12-23,3.224738953792412,0.3356231497409008,3.7735671778806505,2.9005315439477903,4.016724778362356
2025-12-24,3.224738953792412,0.3352423905996043,3.7840437236400635,2.9086681911388133,4.028475767654713
2025-12-26,3.224738953792412,0.3345313502140873,3.783813865296143,2.9084894626801083,4.0282176430975625
2025-12-29,3.2254796067155103,0.3322828592963263,3.7664346558521458,2.894987960181305,4.008718602778165
2025-12-30,3.218365511341014,0.33175837063041735,3.7581439602371876,2.8885501883855444,3.9994210376594173
2025-12-31,3.193071017017063,0.3315548552297645,3.728664584725249,2.8656603937490326,3.96636312671654
