datetime,MA 5/20 (BTC),TopkDropout,SoftTopk,LightGBM rotation,EnhancedIndexing,BTC buy and hold,Crypto basket buy and hold
2019-01-01,1.0,1.0,1.0,1.0,1.0,1.0,1.0
2019-01-02,1.016105177061267,1.0649819900247097,1.0650384325786955,1.0370108625734071,1.0604911485078146,1.0169075727462769,1.0688214
2019-01-03,0.9904075822220172,1.013913753280906,1.0142882286972519,0.9779335810476587,1.01157346640589,0.9899297143376771,1.120713
2019-01-04,0.9986854864161827,1.032646319985041,1.0324529269202463,0.9750730863405367,1.028946613207406,0.9986200017004363,1.073769
2019-01-05,0.9931585971254779,1.032998192030603,1.032520815231349,0.9693521860022025,1.032477837500817,0.9928177590777174,1.0899984
2019-01-06,1.0534988855054517,1.0573935532944114,1.0573983589692055,0.9684274392731309,1.0642761075187215,1.056164243696434,1.1094397
2019-01-07,1.0447902861961558,1.0247955194205645,1.025127386096578,0.9398220192617867,1.0330485816951336,1.0470218078606228,1.1765747
2019-01-08,1.0417654522842752,1.0194909318513232,1.020041443657139,0.9734231099164374,1.0301279950098823,1.043846271605312,1.1452645
2019-01-09,1.044319779438292,1.01384581338333,1.0144644505205007,0.9604086392062952,1.0261221483076834,1.0465278711213573,1.1544278
2019-01-10,0.9502130791256717,0.8693671723582819,0.8738522296542878,0.8347596333770319,0.885232041821979,0.9477327202019233,1.1491412
2019-01-11,0.9525955780140272,0.8487652744593721,0.8534954062531315,0.7997388380821135,0.8655506880659226,0.95023395219328,0.99159634
2019-01-12,0.9485425096592078,0.8477515036509583,0.8526763823001912,0.7987502047580236,0.8658056236764287,0.9459789389722263,0.9719031
2019-01-13,0.9476339544846286,0.7907695312126466,0.7966386230931486,0.7507297095830113,0.8107604110530569,0.9184914352785253,0.9769873
2019-01-14,0.9476339544846286,0.8339441412265344,0.8392268996907274,0.794509549139634,0.8644820155083545,0.9576828184469669,0.9208553
2019-01-15,0.9476339544846286,0.7929498977522473,0.7990831271018807,0.7605473186367907,0.8247700076927087,0.9358773629621748,0.98642594
2019-01-16,0.9476339544846286,0.8005350107789854,0.8064853148204622,0.7673397734469748,0.834111252430668,0.9434438315149379,0.94569516
2019-01-17,0.9476339544846286,0.803670524861516,0.8095300677565979,0.7798401182173169,0.8383823688100294,0.9515303406151076,0.9576707
2019-01-18,0.9476339544846286,0.7910567105055784,0.7972278604846839,0.7626021781836014,0.8234828242439797,0.942957716735537,0.9656258
2019-01-19,0.9476339544846286,0.8148365776880784,0.820430319403946,0.7618787547029612,0.846631504837708,0.9625076083530132,0.9469582
2019-01-20,0.9476339544846286,0.7790780460659155,0.7855402673545859,0.7322094605071974,0.810179356454728,0.9242284444230849,0.97275233
2019-01-21,0.9476339544846286,0.7812570680123727,0.787628434144321,0.7313390065200411,0.8115022532189161,0.9230705983629945,0.9270823
2019-01-22,0.9476339544846286,0.7943561877006361,0.800397643655296,0.7402342835121832,0.8259566432640265,0.9349024977781277,0.92485374
2019-01-23,0.9476339544846286,0.7933321661793802,0.799313241972158,0.7355144992200726,0.8256324308567189,0.9286245720841577,0.9474404
2019-01-24,0.9476339544846286,0.805982996514544,0.8114457405152865,0.7386505321794758,0.8359653465988184,0.9327958842375809,0.95066893
2019-01-25,0.9476339544846286,0.808541923425661,0.8137920312393958,0.7379492518002145,0.8371087699207076,0.9310186076479764,0.95356095
2019-01-26,0.9476339544846286,0.8067634213784574,0.8120655291417608,0.7360477201588814,0.8351227435358681,0.9294243482917686,0.9495355
2019-01-27,0.9476339544846286,0.7963036959077298,0.8020367945556662,0.7311177527693651,0.8231248242858425,0.922877190099461,0.9463031
2019-01-28,0.9476339544846286,0.7722704984143028,0.7785993394601565,0.7112266881057114,0.7962151300536779,0.8964612501733169,0.92506695
2019-01-29,0.9476339544846286,0.7654322822826742,0.7718895396036153,0.704824625390626,0.788799737713497,0.8879591110374896,0.88159573
2019-01-30,0.9476339544846286,0.7802573485745172,0.7862135707773158,0.7127224230585466,0.805776195349414,0.8984476588962357,0.8707463
2019-01-31,0.9476339544846286,0.7738513076394464,0.7799597760170199,0.7075956509672371,0.7982719670848532,0.8916391552145516,0.89962965
2019-02-01,0.9476339544846286,0.7908393740608509,0.7961550030311706,0.7127125732138523,0.8137509487848662,0.8984345942756183,0.88657635
2019-02-02,0.9476339544846286,0.8169187658863365,0.8206472865903544,0.7120360570514392,0.8393862423485361,0.9065185272405786,0.90008545
2019-02-03,0.9476339544846286,0.794742134472593,0.799705809835527,0.6963653095193636,0.8180091356577113,0.892496443390509,0.93365395
2019-02-04,0.9476339544846286,0.8038970246559621,0.8080082160361813,0.6965344542083999,0.8257195306787546,0.8911347614844367,0.9081713
2019-02-05,0.9476339544846286,0.8097926977848067,0.813639250540009,0.6889809160064494,0.8304367437263566,0.8960561501218947,0.9145385
2019-02-06,0.9476339544846286,0.7846930441106699,0.7899835000577105,0.6743812306631256,0.8067746538085305,0.8801026357684996,0.9160307
2019-02-07,0.9476339544846286,0.788599691858948,0.7934303476900005,0.678101596697823,0.810109072967598,0.8779175941568481,0.8897544
2019-02-08,0.9476339544846286,0.9387559322158557,0.9341114961622157,0.7557224514508006,0.9497299251091231,0.9466534129688299,0.8934777
2019-02-09,0.9476339544846286,0.9551727920423697,0.9462409320442371,0.755733709872686,0.9626700035625018,0.9471081979884975,1.0444025
2019-02-10,0.9476339544846286,0.9814538537524018,0.9663222210379234,0.7923665351287268,0.9842786743150523,0.9536710872464859,1.0566531
2019-02-11,0.9323029242301063,0.9153225040847723,0.9084653872041439,0.7251351326342376,0.927940988815148,0.9383865689462733,1.0875077
2019-02-12,0.9317354511652334,0.9315191270030796,0.922988303841714,0.7410498073642019,0.9411121530922485,0.9377854096810511,1.0314633
2019-02-13,0.9289277214154277,0.9043044495650594,0.9010959768322654,0.7062973480611504,0.9207762071508054,0.9348110522417746,1.0429513
2019-02-14,0.9251824955631192,0.896688418991957,0.8933890405985948,0.7017503158379228,0.913182223196638,0.9308435751004613,1.0232413
2019-02-15,0.9264383331524975,0.9143011808126571,0.9089536886579255,0.7204257329524666,0.927622302317403,0.932173936898495,1.0158758
2019-02-16,0.9303316164077842,0.931238613896471,0.9239951815656712,0.7378019626039923,0.9417635881655614,0.9362982964666127,1.0279818
2019-02-17,0.9408691111502594,0.9676547608968845,0.9659119198731677,0.7426737916929743,0.9817358545672134,0.9474610697095538,1.0407524
2019-02-18,1.00055612206999,1.0538601974171338,1.0494430444447629,0.805845326288534,1.0686740243646282,1.0106899118819839,1.0709791
2019-02-19,1.0057397575167326,1.0425976996586461,1.0382692793077124,0.8050765497007147,1.0581768456620737,1.0161811941202106,1.1760757
2019-02-20,1.0183176495205926,1.1087794015784207,1.0975973674621842,0.8283212733778693,1.1150079097499217,1.0295054312169578,1.1678005
2019-02-21,1.0081329506321626,1.066735444012813,1.0603017849206382,0.8123506452697982,1.0784834784802189,1.0187163507501593,1.2226415
2019-02-22,1.0190652249593077,1.081901415317524,1.075232783804822,0.82558798882212,1.093480233485898,1.0302973980553782,1.1840911
2019-02-23,1.0605096122211177,1.141559534172901,1.1351110319812452,0.8838969689966963,1.154376828351901,1.0742011229887967,1.2004719
2019-02-24,0.9677963435567523,0.9674113476244062,0.9667220651455096,0.7456275580311315,0.9855769808194184,0.9759862009772478,1.2679627
2019-02-25,0.988661655328209,1.0078993871436681,1.0061360373761625,0.7449214194778631,1.0252120384746644,0.9980896158078676,1.0843849
2019-02-26,0.983897435543361,0.9929564164806844,0.991795437833627,0.7406371650449908,1.0113332329973042,0.9930426562499365,1.1273148
2019-02-27,0.9840035092157143,0.993104771114818,0.9907977657267631,0.7407168376161465,1.0099422877742406,0.9931549987840949,1.1139328
2019-02-28,0.9820864730451757,0.9992151837668819,0.9958795878549446,0.7392769402569178,1.0141764587478073,0.991124198477996,1.1119432
2019-03-01,0.9855479924825017,1.0172092376177981,1.0109670332874316,0.741876908256126,1.028589180374234,0.9947911394798837,1.1139398
2019-03-02,0.986418929012063,1.0280932815566062,1.0171642283157833,0.7425310739042467,1.0341730239744764,0.9957137568038967,1.1289083
2019-03-03,0.9808010601161461,1.0157655411795214,1.0041315219120033,0.7418250812259679,1.0198034253819073,0.9897625193063578,1.1359676
2019-03-04,0.9595311504700739,0.9779283882599221,0.9680418671611565,0.7250769885809969,0.9837876878034993,0.967230417581388,1.1211302
2019-03-05,0.9584455799783487,1.0943339508662129,1.0756282863029756,0.7518506918526207,1.0875026701630994,1.0048327527150367,1.0808886
2019-03-06,0.9584455799783487,1.132187132130059,1.1062316566025052,0.7532091588398214,1.1151533653411199,1.006740694543436,1.1828357
2019-03-07,0.9584455799783487,1.1467218767252894,1.1162353882766916,0.7541694450686334,1.1238170878071265,1.0080893988726023,1.2073104
2019-03-08,0.9584455799783487,1.121313028351587,1.0914063015847304,0.7515771356743618,1.1000215955483017,1.004448618849475,1.2154968
2019-03-09,0.9584455799783487,1.1585400337511675,1.1253372016078518,0.7507689899335237,1.134167007033586,1.0237580672314837,1.1932393
2019-03-10,0.9537971741615708,1.1419086776320961,1.1115805548205235,0.7359004251274875,1.1180572912695033,1.0195553250648155,1.2327553
2019-03-11,0.9418862206128457,1.115858515720375,1.0892019059904399,0.7154124587730031,1.0953647734696657,1.006163084971992,1.2148485
2019-03-12,0.9442851643730987,1.1362663728744622,1.1052318848876999,0.7346587474212649,1.1099768064387041,1.0088603853411175,1.1885762
2019-03-13,0.9421977297396708,1.1211073832854919,1.0933596108293895,0.7205034131556655,1.0984837278703539,1.006513343394453,1.2027289
2019-03-14,0.9428788048045331,1.1282702114730736,1.0989238248725732,0.7273327352738269,1.1052995736636055,1.007279092390895,1.1886632
2019-03-15,0.9542342176641546,1.164895863854686,1.1291359127142377,0.7586234966137158,1.1390260734794493,1.0200466423033165,1.201358
2019-03-16,0.9745042169968736,1.2101248528008264,1.167587265449011,0.7579016983360582,1.1805738249689415,1.042837463137994,1.2534223
2019-03-17,0.9691600960375455,1.1952938120750158,1.1534502808277574,0.7487448049848371,1.167885764308993,1.0368287156363771,1.3135518
2019-03-18,0.9699713591033073,1.197386219197864,1.1653252423870244,0.7795254079220174,1.1780083270628652,1.0377408807919541,1.2983489
2019-03-19,0.9770263683203145,1.1995799181381344,1.1661773633242933,0.776929464536279,1.1796762776745071,1.0456733078118057,1.2969549
2019-03-20,0.9842324500998301,1.2082268507584828,1.1712235703940783,0.7722010986641686,1.184941772899849,1.0537755666920814,1.3024155
2019-03-21,0.9704967079805202,1.169518723657695,1.133849351619538,0.7447581574326955,1.148298159905701,1.038331612734493,1.3117113
2019-03-22,0.9730583583661346,1.1880211360266668,1.1527573810264717,0.7610292051974034,1.1661948835725806,1.0412118210237251,1.2746296
2019-03-23,0.9729769766776911,1.2295749779337652,1.1969909580947697,0.8035380257084014,1.2068713372705735,1.041120343020212,1.2895273
2019-03-24,0.9697435584774965,1.2122121988551422,1.181257335211397,0.794637547337081,1.1918915204277816,1.0374848152129856,1.3175356
2019-03-25,0.955333721731036,1.1895336012443143,1.1578675576049278,0.7732209436705875,1.1687552650772792,1.0212829579399665,1.3030038
2019-03-26,0.9585694667438011,1.1854205575420955,1.1538193553116785,0.7700687469119487,1.1653836352664337,1.0249211060847025,1.2795043
2019-03-27,0.9829957775943376,1.2534253788718759,1.2218250214111435,0.8262989319374551,1.2311802812737063,1.0523851193022755,1.2786353
2019-03-28,0.9794252553290416,1.2323582727326425,1.2016819308901459,0.811789447499135,1.2119839170530724,1.0483705886652885,1.3404458
2019-03-29,0.9979844231556076,1.2527766131868574,1.2211974947424238,0.8258354110380887,1.2331112826667263,1.0692378750565505,1.3228731
2019-03-30,0.9987119777203552,1.2311601966401493,1.2002722776237205,0.8099815533030561,1.2138273877509633,1.0700559331517807,1.3517494
2019-03-31,0.998909586534275,1.2377181393717847,1.207810626265005,0.8189282918099152,1.220331214425452,1.0702781437301687,1.3365159
2019-04-01,1.0086749918868343,1.2336990411767346,1.2028421366861437,0.8176371260157024,1.2163194740997898,1.0812580341354818,1.338685
2019-04-02,1.186486262928734,1.6558385899206338,1.6238005131998188,0.9604800364374464,1.6050366378181014,1.2811823070427237,1.3385847
2019-04-03,1.2036971847494726,1.9187752687500574,1.8909140715444845,0.9743816208594998,1.8419846526610335,1.3005336610494362,1.7083755
2019-04-04,1.1875462679334419,1.8669677849396946,1.8366192436511248,0.9613362223648609,1.7911026089585556,1.2823741752023945,1.8717084
2019-04-05,1.2187346366231986,1.9373716265508274,1.9006576510042084,0.9865276528322482,1.8542350272786707,1.317441234248386,1.8304036
2019-04-06,1.2207244586317152,2.0163363256771007,1.975648825239716,0.9881348693964954,1.9201493776940577,1.3196785861216769,1.901495
2019-04-07,1.2545627830817154,2.0483890109407015,2.0130572354354537,1.0154667188431463,1.960477992853692,1.3577251449381809,1.9512546
2019-04-08,1.2756580063556198,1.989341707178371,1.9564603539383472,1.0144856788396428,1.9155845454487097,1.3814437969052082,1.9996195
2019-04-09,1.25280076169901,1.9173291946956394,1.8863509727471162,0.9689142918985673,1.8495554624338146,1.3557439374315825,1.9784645
2019-04-10,1.2833383038873218,1.9619669218329019,1.9301968091177453,0.9976883952232575,1.8913812629477336,1.390079203547184,1.9148345
2019-04-11,1.2188833256216105,1.7536586179688414,1.7325481026054033,0.8917374883054549,1.7058007421191188,1.317608431471042,1.9575379
2019-04-12,1.2274585947200887,1.7815384931450429,1.764338495081975,0.9276040154631889,1.7342620105031297,1.327250087864739,1.7791371
2019-04-13,1.2246761808979012,1.7579100318777596,1.7416864864542045,0.915254477590361,1.7137420595844761,1.3241216722369846,1.796817
2019-04-14,1.247468274802535,1.862185809116391,1.8376055692591304,0.9139849800507958,1.8026003684880916,1.3497482307181623,1.7799907
2019-04-15,1.216254367926028,1.8568944219502561,1.8495481847081487,0.8557976155899624,1.8068371226492639,1.3146524931908175,1.864076
2019-04-16,1.2564479552760826,1.8991111731758514,1.8884643047550826,0.8832651887591587,1.8473244158265076,1.3598447069882638,1.8300996
2019-04-17,1.2620501254246392,1.8613978998942653,1.852621143138551,0.8652299090921087,1.8162164541204529,1.3661435024421384,1.8836079
2019-04-18,1.274790956539691,1.8872662477593074,1.8742521384124564,0.8954960287815393,1.8336392678044449,1.3804688924121213,1.8609623
2019-04-19,1.2767783949841105,1.8950333341026162,1.8812548622938823,0.9006785867727253,1.8392748500690306,1.3827035166894823,1.8973763
2019-04-20,1.2836428325764355,1.865357534639438,1.8519604806571206,0.9001333690351392,1.8139083190522463,1.390421568297743,1.9028283
2019-04-21,1.278470725492751,1.7834272959853141,1.775876532141606,0.8957001825431902,1.744517715395764,1.3846062714674536,1.8848743
2019-04-22,1.299382300828159,1.804359180318226,1.795738394853209,0.9101604479604405,1.7580019847163648,1.408118443470007,1.8231128
2019-04-23,1.3331230126532478,1.8181412460261517,1.8061828711977932,0.9334920067039666,1.7633809049281997,1.4460551519611733,1.8340266
2019-04-24,1.312004521253638,1.7799211557554293,1.7683664017439422,0.9188886597082382,1.7244818095545236,1.4223103132609602,1.8108002
2019-04-25,1.24062018164973,1.661378104178206,1.6518680018463099,0.8695266924364645,1.6145943959798321,1.3420484350822743,1.770118
2019-04-26,1.2463617335464159,1.672125902735719,1.6626239230980893,0.8734969511568784,1.6237969829954269,1.3485039753106418,1.6768088
2019-04-27,1.2489397283715507,1.6846578370777998,1.6758819978768658,0.8752796236154483,1.6342769240560828,1.3514025343062255,1.6830511
2019-04-28,1.245313419356087,1.6702966193178348,1.6608644395008414,0.8746572186705819,1.614859879454863,1.3473252610875035,1.67874
2019-04-29,1.244115117692429,1.6652049251427579,1.6555556444767325,0.872738275027738,1.604335158545962,1.3455610803476494,1.6313362
2019-04-30,1.244115117692429,1.7245861022206816,1.7156645815550409,0.8924741294747508,1.6748588933966402,1.3775623567614188,1.5947351
2019-05-01,1.244115117692429,1.723611332379302,1.7127692421185972,0.9006076717896739,1.6720265505170435,1.39075072280159,1.7289069
2019-05-02,1.244115117692429,1.7252845033996398,1.7118548562887197,0.911707058340757,1.6750767855823347,1.4087481002823028,1.7240725
2019-05-03,1.3015681708401892,1.7983735976199453,1.780794751074489,0.9548071509922119,1.749856733545621,1.478633936757208,1.7210672
2019-05-04,1.3262610561173704,1.8153111489634013,1.7942996374421458,0.9538968969320625,1.756424943507649,1.5080659263025646,1.837406
2019-05-05,1.3143871643694935,1.813795803367582,1.7953363760594763,0.9625515817084644,1.7543107095115908,1.4939131924979565,1.8321128
2019-05-06,1.3082561551695286,1.8538159540524044,1.841214673811084,0.9480050939991157,1.7734594615661945,1.4866055159512683,1.813864
2019-05-07,1.3215335128912302,1.8428610063884852,1.8271603824766758,0.9319756562846434,1.7584594358317298,1.5024311880031707,1.8170795
2019-05-08,1.3653803681451733,1.8926789548783292,1.8732281192575009,0.9436191249157806,1.8001090348500337,1.5546933053648293,1.7974043
2019-05-09,1.410262156424978,1.9312803853303149,1.9064327035693587,0.9391384011048454,1.828467185192873,1.6081890044280152,1.8276018
2019-05-10,1.4519360377745294,1.974749896746472,1.9454950108571767,0.9478473620440258,1.8665171243285408,1.6578611506122563,1.8396126
2019-05-11,1.6442013470100034,2.225682976085302,2.1815264706690893,1.1662017355711638,2.1058354518801825,1.887026648468044,1.8854004
2019-05-12,1.5915328279999297,2.1875030315910404,2.1518823067284205,1.1692939752182112,2.06559847036676,1.8242497682322136,2.195558
2019-05-13,1.7768602528768531,2.4088728392941676,2.356384726733502,1.258528951049244,2.249939262338233,2.0451458799682922,2.145399
2019-05-14,1.8132581814245905,2.451468979624424,2.3950498019374087,1.274968703696952,2.2994580144111443,2.0885294275011748,2.2931237
2019-05-15,1.859832951393296,2.5270660308602175,2.4686144906010044,1.3220158703822262,2.391680941994487,2.1440429876746103,2.3837059
2019-05-16,1.7887078055471013,2.5308356044753686,2.4920724472294826,1.305449970688628,2.3799547011158015,2.0592672877692944,2.5727837
2019-05-17,1.6757203361699442,2.34100425017477,2.309954134915766,1.303623830519296,2.213130293783348,1.9245948803722346,2.5162694
2019-05-18,1.6535096412857426,2.2771437669195236,2.2449984979078996,1.2695492978973342,2.14716319264583,1.898121459030292,2.3421538
2019-05-19,1.859104879328755,2.59814488598202,2.5472029112055963,1.473031964113467,2.4308937375538746,2.1431752088020573,2.2710555
2019-05-20,1.8151483849874455,2.54892898616779,2.495532347657839,1.4607732106306492,2.379552331153002,2.09078248623633,2.5563934
2019-05-21,1.8046581513704607,2.5677079968230494,2.514205658686012,1.4688896308468857,2.3943746674362614,2.078278952921175,2.4959393
2019-05-22,1.733344456273434,2.417628732221805,2.376193064205031,1.3693372470716807,2.2668969378339505,1.9932784752712178,2.496152
2019-05-23,1.78937002991757,2.4910496380663436,2.4402443623410157,1.431035442865187,2.3270435494991997,2.0600567810092967,2.3718352
2019-05-24,1.8156220601070825,2.5190065205782632,2.4686939046021066,1.4413746261212297,2.3675194379206417,2.0913470898128907,2.4366531
2019-05-25,1.829241397560276,2.5166418084091067,2.468989340079484,1.4322479057856379,2.3714710792064837,2.1075802816677234,2.555797
2019-05-26,1.9756994104386079,2.6985755308278634,2.641151314112374,1.43003849155456,2.534456004994498,2.2821470358498375,2.5788717
2019-05-27,1.9845955945119325,2.7174607017092423,2.6603493600554846,1.4767334588837548,2.5560918939992985,2.2927505785197635,2.7815347
2019-05-28,1.9721121565488449,2.6938327465691225,2.640608494038333,1.4580191335410477,2.5401064148481334,2.2778713285751566,2.8341691
2019-05-29,1.9605079726731118,2.691018523067598,2.6361706894314834,1.4621242511757322,2.541398344945466,2.2640399927930694,2.8055792
2019-05-30,1.8765792512942734,2.513662454683779,2.4704678263145765,1.3735029919435282,2.38966160406239,2.164003424705879,2.841384
2019-05-31,1.936742415653429,2.636611480821507,2.589092593657015,1.4522237925589199,2.5036221965526795,2.235713217795852,2.6675038
2019-06-01,1.9378148229767302,2.5967386308225504,2.5521471669463462,1.4506004274058086,2.466781292736596,2.2369914370895114,2.8013868
2019-06-02,1.9767585411536732,2.641402290832877,2.594774655194841,1.474084531185169,2.508132653154359,2.2834093784806204,2.761716
2019-06-03,1.8389225075608286,2.4499164460993916,2.4114891123890048,1.3677776355061146,2.3290220109349495,2.1191193926887513,2.8153827
2019-06-04,1.743097945202756,2.366959012393178,2.331650922589271,1.3220950244684606,2.2485759318063017,2.0049037762123953,2.5920289
2019-06-05,1.7690867987548207,2.4101494816386877,2.3742672129778573,1.3423031504955183,2.2913427423064188,2.035880497097116,2.4846528
2019-06-06,1.772490000309445,2.5049539135098553,2.4543928466175653,1.4363627083932984,2.36772297121151,2.03993691582934,2.540782
2019-06-07,1.7707785341556586,2.582434243693673,2.5198261728630467,1.4353645354137605,2.4266262521368165,2.0904139133902717,2.6126711
2019-06-08,1.7707785341556586,2.5861200925032968,2.517692207294127,1.4057418683376128,2.4213893113364375,2.0726439418109646,2.6759052
2019-06-09,1.7707785341556586,2.4992307370060507,2.433791864603953,1.3346842184173033,2.3412331801103217,1.9953954940592826,2.6639032
2019-06-10,1.7707785341556586,2.738384988959374,2.6413421643156414,1.425091376310403,2.5322824970479427,2.0950034222325056,2.5659192
2019-06-11,1.7707785341556586,2.8077422524869875,2.6881988950813582,1.4101692931802945,2.569581263900967,2.069515312135719,2.7702422
2019-06-12,1.7707785341556586,2.840892188338147,2.729502840460291,1.507518343630588,2.6167891879722003,2.136907839932478,2.803865
2019-06-13,1.7707785341556586,2.741387911632489,2.639573260499574,1.5059174213701458,2.559877664258065,2.1533790260961654,2.8711324
2019-06-14,1.7707785341556586,2.816949767121987,2.7219722935572856,1.5336151989904543,2.6399368921868116,2.273192996828637,2.8412035
2019-06-15,1.7707785341556586,2.910788051935132,2.802391754075392,1.543255314820903,2.7137390301962636,2.3157350453511243,2.9184108
2019-06-16,1.7916759113696474,2.9078295953580415,2.806590470189759,1.5565365466882166,2.7181394683147984,2.345731413047392,2.9929445
2019-06-17,1.8597052548380935,2.9167003884632057,2.8323831706415716,1.568569362655077,2.744579116834224,2.4393357551746537,2.99384
2019-06-18,1.8113322336494693,2.896474447055159,2.804744963356635,1.5088560967341376,2.710499560358969,2.3727773651539663,3.010774
2019-06-19,1.8491439976877468,2.9428943936871814,2.850603377339416,1.5176986105774948,2.753473703582293,2.424804120857042,2.953641
2019-06-20,1.897329107373696,2.9608347111749818,2.8769074118129403,1.5047988773387424,2.7769236435867906,2.4911038898266082,2.9934125
2019-06-21,2.0312434142800613,3.0900395924194983,3.0108914620135745,1.6042863119270971,2.9143754523249945,2.675362133523781,3.0036955
2019-06-22,2.1130481734446103,3.1741874230268534,3.0957122501361676,1.737202127315555,3.0061220380286158,2.7879207614940333,3.1758523
2019-06-23,2.1446104423939216,3.1336978728915423,3.0687018579786556,1.7201758593966057,2.9803419630451127,2.831348752625004,3.309587
2019-06-24,2.182468024932851,3.1405759508390587,3.080411764227919,1.7189105601976225,2.993579815747926,2.883438688522904,3.2700486
2019-06-25,2.3198432053884837,3.2338662095512145,3.179040476517574,1.7140342242926703,3.0824340759229245,3.072459006555668,3.286449
2019-06-26,2.5424498865574474,3.3165818579602697,3.273728138821822,1.7292608763829698,3.17580316535145,3.3787526897604683,3.3452988
2019-06-27,2.20658617877619,2.893261646100721,2.866458615251207,1.4900738914729852,2.7787825012449465,2.9166239352965917,3.4266276
2019-06-28,2.4347489560242486,3.1193723282133483,3.085524344354214,1.5660019016636617,2.9833998446582766,3.230562463583687,2.9703875
2019-06-29,2.3406922926852856,3.095118231385473,3.0630067826464,1.5851887377203526,2.9818277718496122,3.1011459912962263,3.164265
2019-06-30,2.1309795311998747,2.827420032062947,2.804788231312721,1.5836878615456098,2.730034741341642,2.812593404634721,3.2717505
2019-07-01,2.096098667203321,2.8223165775399397,2.798864280679121,1.5884711560822267,2.730456676143546,2.7645993801529922,2.9838076
2019-07-02,2.1438810563835373,2.8415711996098207,2.8191240741868406,1.539771691631126,2.741581256433837,2.8303451462616813,3.0096858
2019-07-03,2.3618016364857914,3.0349446170336702,3.0084747483065715,1.5791011170636238,2.9163142203482684,3.1301911918744763,2.9750288
2019-07-04,2.2021621892132113,2.838505052535387,2.8184014805807305,1.5521006556851977,2.740533286797132,2.910536579849396,3.1235838
2019-07-05,2.177185355857648,2.8474937251809584,2.8273187815548537,1.539155299865941,2.747222793736674,2.8761698949078562,2.973858
2019-07-06,2.2214935154884055,2.87430246156671,2.8535142585337314,1.5367084710960501,2.7720436733778153,2.9371352714260412,2.9654615
2019-07-07,2.266445731128332,2.9948699402605703,2.9702927911558095,1.565991311360331,2.8784426111454557,2.998986758923452,2.9896488
2019-07-08,2.4220373828432895,3.1298950318011785,3.101881356586357,1.6724000717360314,2.9994417836834946,3.2130716516596314,3.069316
2019-07-09,2.474764274593895,3.138422577774889,3.1099071740637476,1.7084598675400129,3.0011034834759607,3.285620600003528,3.1739624
2019-07-10,2.3848884103144474,2.986075200513993,2.9619498755745326,1.6469939778199718,2.8500403027578143,3.1619567752987843,3.1456566
2019-07-11,2.242621965789184,2.7962512675150224,2.7782275075688037,1.5496982949338163,2.668629643683359,2.9662065226366825,2.9378357
2019-07-12,2.328670223014142,2.8857722520830706,2.864223151236038,1.6085464932971283,2.7489267748804767,3.084603968435444,2.7314277
2019-07-13,2.2466261688461864,2.8006131067649678,2.782617607574844,1.5524367598764521,2.6694189404629554,2.9717161238719956,2.8071485
2019-07-14,2.0215235851416913,2.4433933168119006,2.4333101656082587,1.3984896385151844,2.3298090308710377,2.6619881850194584,2.7151465
2019-07-15,2.0207046968640343,2.5385824753956245,2.521557663836463,1.3979296027706487,2.419656425428479,2.836954891728516,2.349677
2019-07-16,2.0207046968640343,2.2183232485369153,2.2100117075504198,1.2661310777128245,2.124832961213074,2.462748669368869,2.4607806
2019-07-17,2.0207046968640343,2.382027987053589,2.376819892815669,1.3097767880719158,2.259164753142689,2.5342548020795834,2.1664038
2019-07-18,2.0207046968640343,2.639578308925819,2.6260952574629717,1.4045757271261858,2.488770671484502,2.7832710952108073,2.3127148
2019-07-19,2.0207046968640343,2.592667695422982,2.5805672509616104,1.3758179411958509,2.4446354737583365,2.754257066205357,2.5374265
2019-07-20,2.0207046968640343,2.6419381309353773,2.627771191919198,1.4477123413005872,2.4954651102213163,2.8125332236963083,2.4852927
2019-07-21,2.0207046968640343,2.611826770156135,2.599162798587227,1.4294312189604501,2.4676680400999187,2.7680152366068462,2.5587068
2019-07-22,2.0207046968640343,2.520652643514163,2.5106660415598343,1.3827740357468428,2.3835259386065935,2.6981501908162753,2.529055
2019-07-23,2.0207046968640343,2.3969671755392015,2.391385231381753,1.3304756318810689,2.2739533268918395,2.5718414949745,2.4370039
2019-07-24,2.0207046968640343,2.4440307553543468,2.4395050358382964,1.352022710446965,2.319329040597605,2.5541941710833993,2.3307812
2019-07-25,2.0207046968640343,2.443235362023696,2.4382934908981557,1.349934154934352,2.3194843548598647,2.583135039671764,2.3794265
2019-07-26,2.0207046968640343,2.451251427448676,2.4464565334062978,1.4146804668388286,2.3320140454921834,2.57259431539719,2.3814654
2019-07-27,2.0207046968640343,2.3379597260560976,2.3366242817673837,1.3629798939456033,2.227095513249686,2.4777145416257156,2.4142542
2019-07-28,2.0207046968640343,2.3635799830458417,2.36192727379229,1.3884474789354824,2.250273738249055,2.4915719605723288,2.2985647
2019-07-29,2.0207046968640343,2.3382441968111025,2.3369048441169484,1.3642129205410731,2.2290973818191158,2.4816427798481904,2.3319016
2019-07-30,2.0207046968640343,2.3484652935146237,2.346421940298314,1.419357352415353,2.253797287704974,2.5062109785216835,2.3198144
2019-07-31,2.0207046968640343,2.489948922676363,2.4867065746046424,1.4180042093332372,2.3921186811369832,2.6364456300955017,2.346705
2019-08-01,2.0207046968640343,2.493067466836222,2.48968620558481,1.4210845374804397,2.3973563626040586,2.719726507680193,2.4871984
2019-08-02,2.0207046968640343,2.4377135683646505,2.4356312293602085,1.4147303234959008,2.3519754906984662,2.752937641734165,2.5075765
2019-08-03,2.0207046968640343,2.458455326082565,2.454887411966441,1.4461327013805485,2.373991713355285,2.8281446916455804,2.4809623
2019-08-04,2.046354090505422,2.4762226449274016,2.472551496012144,1.4493712361945625,2.3796532019852337,2.8691134061974326,2.5157142
2019-08-05,2.1957082556263883,2.555435941091046,2.5497014125640147,1.49221132435896,2.46179964174006,3.0891756926556257,2.518811
2019-08-06,2.132914192800542,2.474012374562479,2.4710125852004903,1.4907068026216812,2.383639844153847,2.996653153381205,2.640963
2019-08-07,2.2232986256400173,2.5374773657542278,2.5337164344396057,1.5522269773219757,2.4347756325854286,3.129828084857382,2.5538251
2019-08-08,2.224357561755324,2.5172205900421734,2.51431558832648,1.5529643340528148,2.4147912571593,3.1313884082210284,2.5746236
2019-08-09,2.202202186117249,2.436971492600946,2.4367481509429423,1.5375371377235427,2.334866554154547,3.098744146348388,2.551909
2019-08-10,2.100179676397225,2.3804141149795024,2.3828809044501496,1.4664969841659135,2.287013257061381,2.948421435500677,2.4445825
2019-08-11,2.1462658302982387,2.49314820532446,2.492147940891544,1.498587622388725,2.392724196224863,3.0163261672600377,2.4053924
2019-08-12,2.119395737786235,2.4437916166632956,2.4447574377725294,1.4971621539350048,2.3440282257767606,2.9767350812527704,2.5207248
2019-08-13,2.024608569742009,2.45635736889259,2.4539890559377135,1.5728254288652803,2.3488768509353983,2.8370730541355655,2.4519799
2019-08-14,1.8775463698985877,2.2380666067158215,2.2439226707070032,1.41709966756437,2.1442912761339117,2.6203876886179853,2.4289896
2019-08-15,1.9261761877808172,2.278492068927717,2.284294663644647,1.4316530533307343,2.180888357640529,2.6920401639768525,2.1964917
2019-08-16,1.9355368504444612,2.2648939210987775,2.2721781079327767,1.4095853560107712,2.1668588295211486,2.7058325002223174,2.2288525
2019-08-17,1.933700429159398,2.240865327372185,2.2485392068648267,1.397623107614933,2.143832440812003,2.6705510082324584,2.2054043
2019-08-18,1.933700429159398,2.289311568864339,2.2948110549381986,1.4424061218590893,2.1936873261362924,2.6960836749111565,2.175393
2019-08-19,1.933700429159398,2.380861761044772,2.3862183468770977,1.4409077308121698,2.277693797639671,2.854082718197319,2.24704
2019-08-20,1.933700429159398,2.3286673435486724,2.33601885883755,1.3971144604497014,2.228525604906184,2.8146403370163386,2.3236978
2019-08-21,1.933700429159398,2.2199348339780465,2.2291070588186828,1.3476192107270906,2.1287555990356686,2.647605989971675,2.2688599
2019-08-22,1.933700429159398,2.2473831414979335,2.2546800321766343,1.3813736784010668,2.1526482085991874,2.641634000728734,2.1715875
2019-08-23,1.933700429159398,2.2960891738327778,2.3030945257503688,1.4015336241285095,2.199592196409965,2.721009852819771,2.1904738
2019-08-24,1.933700429159398,2.231898885780829,2.2407910988333404,1.359109216110313,2.140994586391408,2.6523002514087204,2.245193
2019-08-25,1.933700429159398,2.227802331251854,2.236869034953499,1.3555317306151715,2.1335899542955388,2.6498851194261097,2.1860301
2019-08-26,1.933700429159398,2.2712917264293644,2.2796037243811993,1.3791009032660173,2.1730289640562486,2.70815088418625,2.1655877
2019-08-27,1.933700429159398,2.2412366733566595,2.2498936723955354,1.376699250285282,2.1457406791189206,2.658543951690582,2.2028637
2019-08-28,1.933700429159398,2.1335035502829847,2.1450275786056094,1.3054121073251326,2.039351557900034,2.5389599787354142,2.177125
2019-08-29,1.933700429159398,2.067587744661541,2.0811417880095306,1.255560438603316,1.9774892239230248,2.481640634423116,2.0417573
2019-08-30,1.933700429159398,2.058200050069184,2.0718956713216654,1.2505073162154081,1.9759374918301824,2.5044888293940097,1.9716988
2019-08-31,1.933700429159398,2.061309706659088,2.074864861161401,1.253819434877575,1.9813147673987985,2.5093084565804165,1.9806
2019-09-01,1.933700429159398,2.087507462545052,2.1006068913609184,1.2645626006293498,2.0058064217718883,2.5526055476618406,1.9909568
2019-09-02,1.933700429159398,2.1946050676131286,2.2056802231475494,1.315730745484386,2.10218527684632,2.7132756734580847,2.0204914
2019-09-03,1.933700429159398,2.217416752667566,2.2284074797187707,1.3449028924679276,2.1349663406328983,2.7778898432297203,2.105361
2019-09-04,1.933700429159398,2.1883011208184726,2.199943203422074,1.3444315196291956,2.1058983543244687,2.7656997048940095,2.1515582
2019-09-05,1.9306292208696487,2.180930141069018,2.192674920583593,1.3422962203006017,2.0963819458742483,2.763841532055705,2.1123288
2019-09-06,1.8844843087041785,2.1336205012986578,2.1465205994028356,1.3102133425961437,2.0533320059139895,2.694368474841862,2.0912554
2019-09-07,1.914942595432422,2.1980037061952493,2.209707512286676,1.3313898806440538,2.1188431316392773,2.7402246643808446,2.0512552
2019-09-08,1.9001170229688107,2.212812679780191,2.223968173346708,1.3210821997768107,2.1355855850955856,2.7179041338226386,2.1359956
2019-09-09,1.8846718110843357,2.1949808047686736,2.20655048934445,1.3103437061757797,2.1190202303625814,2.6946506953875073,2.1611452
2019-09-10,1.847002142127566,2.1709197623711978,2.1827344511731983,1.3091004843511578,2.0988841411947177,2.6379375169618724,2.144356
2019-09-11,1.8586664515868438,2.1618479111621443,2.174519463132635,1.2918539839199759,2.089703948348656,2.655498592970814,2.1337056
2019-09-12,1.9044136417054343,2.193612431767173,2.205854121547612,1.2825336987902867,2.1178326542329824,2.724372890633937,2.1207438
2019-09-13,1.894381247175084,2.18156745034809,2.194078168953196,1.2791924138696071,2.107648534079346,2.709268786350519,2.1409097
2019-09-14,1.89339524912536,2.2030617222026545,2.214904462512773,1.3060983173099387,2.131850962874451,2.707784254712319,2.134239
2019-09-15,1.8837100561090803,2.197536104455823,2.209395340600744,1.297657225887494,2.1242763793991273,2.693202886236644,2.1710896
2019-09-16,1.876432725936719,2.241270557677012,2.251025430517165,1.2964237800403642,2.1649497154328428,2.6822465700402365,2.1610105
2019-09-17,1.863039359718649,2.2934134415936307,2.298994222542321,1.3597673271600859,2.211835078143084,2.662082257266717,2.2037673
2019-09-18,1.8578087892530137,2.3548440401341737,2.3617986943858646,1.3742282162976591,2.2525463604401272,2.6542075013867255,2.2477388
2019-09-19,1.878597479907992,2.4028276879997947,2.4044910504623256,1.4398629853678264,2.289721285917833,2.6855057689446054,2.289951
2019-09-20,1.8768137304341344,2.362980189010841,2.3647211237563797,1.4227841963229124,2.2517709548263842,2.657759474804454,2.3105314
2019-09-21,1.8768137304341344,2.3173335872535,2.319248869644359,1.4024642522174222,2.2093043512925825,2.6068305393175195,2.269064
2019-09-22,1.8768137304341344,2.2830858626509904,2.286448454476427,1.4015612103787949,2.17965254158645,2.6206328743895346,2.2275891
2019-09-23,1.8768137304341344,2.142717440131652,2.1465645261397324,1.3364247398339009,2.050975207996017,2.533583434643227,2.2077644
2019-09-24,1.8768137304341344,1.794767060917211,1.809410501594914,1.1376311214168922,1.7314068835342125,2.2294274652788864,2.0926642
2019-09-25,1.8768137304341344,1.7579407628208863,1.7649043396223185,1.0579400578301577,1.6933438947668205,2.20547096302798,1.7794695
2019-09-26,1.8768137304341344,1.7027155240365983,1.7088814205862903,0.9980849818337953,1.6323811841877034,2.10658439735718,1.7645689
2019-09-27,1.8768137304341344,1.7631618455680427,1.763201231899012,1.02647163779764,1.6824247820042262,2.141604452408584,1.6882875
2019-09-28,1.8768137304341344,1.7533980528786883,1.7528138169320722,1.0254272377502345,1.6762456027851664,2.1477410779634494,1.7317262
2019-09-29,1.8768137304341344,1.711578987754509,1.7129138961436012,0.9837224041950009,1.6346371564219182,2.104597986798035,1.7399969
2019-09-30,1.8768137304341344,1.8016091916684984,1.7949276263244722,1.024281908091147,1.7111556509725334,2.1706077768986685,1.6906567
2019-10-01,1.8768137304341344,1.7739789781965274,1.773002659452828,1.0072965333497796,1.690483907882362,2.174935739973878,1.7646616
2019-10-02,1.8768137304341344,1.806203811693073,1.8013420279190162,1.0147410261119745,1.7163812530938634,2.1906699536021765,1.7471476
2019-10-03,1.8768137304341344,1.7714878653732324,1.772519967847151,1.0028469942409872,1.6857111839251326,2.153736937597237,1.7684363
2019-10-04,1.8768137304341344,1.7777075110131946,1.778001073467041,0.9990819544140838,1.6880543069455696,2.1318504149486146,1.7445432
2019-10-05,1.8768137304341344,1.7864500550129154,1.7867183097710713,0.9981759529272348,1.6960525835564646,2.129487709085166,1.7376478
2019-10-06,1.8768137304341344,1.7182598768965123,1.7199511931822127,0.9576957208558929,1.6350097309360965,2.054257102165577,1.7450042
2019-10-07,1.8768137304341344,1.8062659022863665,1.8029489541789314,1.0090706487888046,1.7183643792163854,2.1455275362188337,1.6878154
2019-10-08,1.8768137304341344,1.8063607772738428,1.802123373982446,0.9997297354474296,1.715850982698337,2.137948014589968,1.7776103
2019-10-09,1.8768137304341344,1.9152536620786735,1.904255023801624,1.037426872418777,1.8095544625142002,2.245106803082938,1.7692883
2019-10-10,1.8768137304341344,1.9065231352978718,1.8971104877085525,1.0125734674306577,1.7979570285831266,2.2444533659143726,1.8540355
2019-10-11,1.8768137304341344,1.8147882743013892,1.8122914513825454,1.011443184083392,1.719272704599407,2.1607728684790573,1.8228343
2019-10-12,1.8768137304341344,1.8128079999911286,1.811920470046832,1.0047470281448685,1.71999895697204,2.1716717710873428,1.7490453
2019-10-13,1.869438618348885,1.8181412148411533,1.815549293211472,1.0117567667965115,1.7236516692890043,2.1648605475449734,1.7538654
2019-10-14,1.8848950593123108,1.8573404331631174,1.8499538949172134,1.0418670328508648,1.7554347593210489,2.1836866045120953,1.7586031
2019-10-15,1.8435750276710234,1.7895398366432083,1.7829438542667433,1.0085705514206316,1.6993021532080756,2.1333585932568258,1.786437
2019-10-16,1.8073320530893744,1.7360663755285184,1.7325671867528205,0.9762830665535696,1.6527569946928726,2.089214393811874,1.7319002
2019-10-17,1.8061033982609067,1.762718866446349,1.758178630108649,0.9756216674427005,1.678881871488805,2.110818811589604,1.6828532
2019-10-18,1.8061033982609067,1.7118736567177169,1.7071144248101702,0.9418430615925756,1.6313673168573104,2.0789220411867064,1.7194148
2019-10-19,1.8061033982609067,1.7059565131951742,1.701988794993261,0.9463075844939893,1.6297311576009006,2.0818283062997023,1.6754113
2019-10-20,1.8061033982609067,1.7381744271889996,1.7329703066576037,0.9954588525072855,1.6672672845296905,2.1526160099267395,1.6811694
2019-10-21,1.8061033982609067,1.730008776987798,1.7547082860460375,1.0273418659816642,1.663057898682136,2.145768195064858,1.7349607
2019-10-22,1.8061033982609067,1.6895582098469695,1.7188789546828964,1.0043456752819098,1.6274864420263186,2.097363884309579,1.7416251
2019-10-23,1.8061033982609067,1.5725073662201812,1.601382037412612,0.933545883085473,1.5182707713246073,1.9536482405652742,1.7028655
2019-10-24,1.8061033982609067,1.5671145975321177,1.5989033082025639,0.9418852203543735,1.517488047499413,1.9421534562833696,1.587809
2019-10-25,1.8061033982609067,1.8219392201337035,1.8638535576014852,1.1373952571297044,1.7662509544193568,2.265493244222295,1.5868495
2019-10-26,1.8061033982609067,1.8710923408407096,1.9033498546172585,1.1363057161153627,1.7799737439519396,2.420162716669401,1.84981
2019-10-27,1.8061033982609067,1.9290646065416868,1.9608463240661929,1.1615508686009484,1.8346610991393768,2.4957120199194653,1.8770664
2019-10-28,1.7452443704623433,1.8998052138924524,1.9386129651786945,1.147219230958798,1.811645761244432,2.4114643407421004,1.944469
2019-10-29,1.7819272179868477,2.0004484656438586,2.048378046850716,1.201667485881524,1.9115468786308472,2.464860835953204,1.9050206
2019-10-30,1.7341013262548757,1.9678057186379827,2.0185711287479338,1.1553744782049196,1.8798529905195347,2.395244436105055,1.9960434
2019-10-31,1.733210745419147,1.9497913582177937,1.9987561185722142,1.1493779755680469,1.863372933244058,2.3939481054456757,1.9466382
2019-11-01,1.750024119035119,1.947834761347185,1.994299962270913,1.1542351280640146,1.8599865914136327,2.4184220820070927,1.9373538
2019-11-02,1.7599713055344408,1.9873862888866942,2.0374009685796457,1.1535559166286302,1.8963347699900786,2.432901291456937,1.9385552
2019-11-03,1.741656797337907,1.9805186230588687,2.0321504518112223,1.1404517306403945,1.891092296162027,2.4062422454375354,1.961278
2019-11-04,1.7786468505375832,2.0025618280745094,2.051957720106539,1.1647050680539925,1.9147160724059782,2.460085901697172,1.9537587
2019-11-05,1.762407909451213,1.9987285506261208,2.049908441404267,1.1540576511583953,1.9168026219695546,2.4364481487054244,2.0011768
2019-11-06,1.7658516990975435,2.0494543420025044,2.103255212904461,1.156315647161349,1.960123442371457,2.4414609778420946,2.0182796
2019-11-07,1.7402778787137345,1.9614583361533604,2.015077972313914,1.1395476124852404,1.8818663210377904,2.404235180080426,2.0529997
2019-11-08,1.6620228440263198,1.8661138207689802,1.9195161843975233,1.1384657953332393,1.8077304409461792,2.2903253108197434,1.9874141
2019-11-09,1.6700812065913102,1.9093307748983623,1.9624273737213043,1.1441579366109949,1.845182567707782,2.302055142038873,1.9190152
2019-11-10,1.7103624986739614,1.9664002852877749,2.0204216266736594,1.1683663043062609,1.898492494076711,2.3606896265395565,1.9483705
2019-11-11,1.6545767886632128,1.91612687735401,1.9707693853941826,1.1434510619449496,1.8513343998086713,2.279486719879999,2.0019906
2019-11-12,1.653009049542641,1.9188182123756568,1.9745617215921722,1.1571750358331165,1.856538728997656,2.302606833322843,1.9456047
2019-11-13,1.653009049542641,1.8978112026851006,1.953057956437819,1.161533751749098,1.838153917149661,2.2891048402002276,1.9584694
2019-11-14,1.653009049542641,1.8422965940099174,1.8977068839180986,1.1609576182485581,1.7884653799730519,2.2555615699500153,1.9447626
2019-11-15,1.653009049542641,1.7762227263719697,1.8294286975070835,1.1024164949877875,1.7266190098885872,2.210471354516036,1.9002033
2019-11-16,1.653009049542641,1.794622875958082,1.8477213178416263,1.1121288617488887,1.7435062620386026,2.216618485930229,1.8434522
2019-11-17,1.653009049542641,1.8038474261528934,1.8567276908542636,1.115711264232212,1.7554552060958224,2.221587019135136,1.8593581
2019-11-18,1.653009049542641,1.7235950816227004,1.7742850315825218,1.0356639864179389,1.6657759589964174,2.1350315173557672,1.8738015
2019-11-19,1.653009049542641,1.7038734160304045,1.754553759923095,1.0189857898103183,1.646805005587472,2.123144748481739,1.7762699
2019-11-20,1.653009049542641,1.693843497696682,1.7448417430335377,1.0242399841683403,1.638628932398473,2.112585728944539,1.7569873
2019-11-21,1.653009049542641,1.5654580884979894,1.6161631617600967,0.9565321399255716,1.5198087812684862,1.9906599869369013,1.7519544
2019-11-22,1.653009049542641,1.465549988949902,1.5159237799735052,0.8868738414603797,1.4261270470492013,1.9035137000937445,1.629933
2019-11-23,1.653009049542641,1.4872497775700935,1.5380971475310377,0.9142196797648058,1.4475811847186928,1.9156044928071596,1.530428
2019-11-24,1.653009049542641,1.366768449111295,1.4158060746758496,0.8627123339245892,1.335803851312876,1.8056621765073904,1.556023
2019-11-25,1.653009049542641,1.4153736079990524,1.4638988327730629,0.8844855326466865,1.3821630057465786,1.8627359508974628,1.4468963
2019-11-26,1.653009049542641,1.4284865656309271,1.476495151940781,0.8974220737902221,1.3957105895794109,1.8720562834326129,1.4955107
2019-11-27,1.653009049542641,1.4870500279454408,1.5360208801873914,0.9319726214123097,1.4505154013291428,1.9664213451000967,1.5191394
2019-11-28,1.653009049542641,1.46869019611282,1.517757597151326,0.9226184827520973,1.4328944819114826,1.942556304002702,1.5750715
2019-11-29,1.653009049542641,1.5168817549080706,1.5670700402072328,0.9496857194460152,1.479760537620533,2.028176117809765,1.5534126
2019-11-30,1.653009049542641,1.4835312411391617,1.5333656781916496,0.9247281292180659,1.4469550416943682,1.974837114520751,1.608995
2019-12-01,1.653009049542641,1.4660131577669284,1.5148986805104212,0.9234627330935289,1.4304301740828138,1.9352015127290183,1.5664352
2019-12-02,1.653009049542641,1.4469037881214244,1.495730626939523,0.920377362062881,1.4112472109068281,1.9092585885495292,1.5514625
2019-12-03,1.653009049542641,1.4381941176471167,1.487712357168632,0.9108500428506102,1.4025993349384818,1.908717580117024,1.523333
2019-12-04,1.653009049542641,1.4195572830555876,1.4689444227365198,0.8937581573437671,1.3851002448433432,1.8815489956249707,1.5102916
2019-12-05,1.653009049542641,1.4505635360265015,1.5004755428164882,0.910522979757134,1.4135276482167576,1.9323971549094652,1.4916667
2019-12-06,1.653009049542641,1.466749352125882,1.5176294154088326,0.9172288962439193,1.4294068783593983,1.970697218015234,1.5182092
2019-12-07,1.653009049542641,1.4561966662722516,1.507286985520692,0.9163569631947336,1.4198033614338228,1.9607941720595508,1.5365506
2019-12-08,1.653009049542641,1.4748155556184313,1.5248940219276435,0.917551874989704,1.4357002824352096,1.9654489676039837,1.5267394
2019-12-09,1.653009049542641,1.440976958382432,1.490679076168156,0.8963761021498106,1.403649041716547,1.9177527966914587,1.5397098
2019-12-10,1.6261546888107827,1.4253386988433807,1.4744022999717776,0.8826674323830951,1.3880420272428298,1.8868755109749802,1.5036036
2019-12-11,1.622272374434632,1.4233834067883921,1.4723165319463625,0.8805624900788867,1.384514856179296,1.8821343713222116,1.486448
2019-12-12,1.6189936574808024,1.4208392685117412,1.4697098434335554,0.8787848107487329,1.3829073230754008,1.8781303017566036,1.4776787
2019-12-13,1.6174557439172015,1.4451802212380291,1.4933190223018409,0.8862100427454176,1.404178682187497,1.8948549280046316,1.4781902
2019-12-14,1.6174557439172015,1.4081562290960592,1.4561808679685007,0.8853687800117168,1.3694386446050815,1.8459827116851162,1.4981071
2019-12-15,1.6174557439172015,1.4159755114508574,1.4641657084258486,0.8884447647715185,1.3767911190304805,1.8585515608387073,1.4604287
2019-12-16,1.6174557439172015,1.3558484906903776,1.4049009363247882,0.828976595579401,1.3165454218778103,1.7974003852619715,1.4680797
2019-12-17,1.6174557439172015,1.2623850011787578,1.3137951662178078,0.7664816372966914,1.2298843015583967,1.7293389574806646,1.385168
2019-12-18,1.6174557439172015,1.3653651813927745,1.4191677102375424,0.8321221089167022,1.3305611253995417,1.9041670306904892,1.2898848
2019-12-19,1.6174557439172015,1.3279457823938683,1.381698029964411,0.804168480500986,1.300809295539014,1.86851460941376,1.4090042
2019-12-20,1.6174557439172015,1.3343468162264736,1.3882111733063291,0.8034077393591447,1.3077293056235666,1.8791989852088562,1.3770921
2019-12-21,1.6174557439172015,1.3266869122997282,1.3804331141022885,0.7979218364172327,1.2998812240923967,1.8669175357042902,1.3860607
2019-12-22,1.6174557439172015,1.3957392386043774,1.4502735608355493,0.8396114647854147,1.365209730403048,1.96363501525112,1.3753327
2019-12-23,1.5742162697941775,1.3546418498386963,1.4087809138811511,0.8113162856348136,1.3251853789466914,1.9107691215159086,1.4460961
2019-12-24,1.5628105505261651,1.3445789169535949,1.3986174763839956,0.8079371401934679,1.316226287897965,1.896190198904016,1.4001976
2019-12-25,1.5499511357055147,1.3254256698811497,1.3793961017571656,0.7931991708277119,1.3011211142560786,1.8797532207422631,1.3929672
2019-12-26,1.5503620842559722,1.3219206595823392,1.3759206851935686,0.8029702095083432,1.2999193802564157,1.8802784737460296,1.3753345
2019-12-27,1.5609335260488577,1.3422292115996175,1.3962828648582097,0.8657488860950433,1.3226982330070987,1.8937909310585308,1.3796917
2019-12-28,1.5725559018655808,1.355024945696871,1.409140689438709,0.8768226926596798,1.343615396214993,1.908646675709774,1.41875
2019-12-29,1.5893679508368759,1.3835513797662176,1.4376182343052921,0.8761479369835641,1.3712090567284796,1.9301360518471213,1.4453274
2019-12-30,1.5552429469473363,1.354303419186697,1.4081325944424374,0.8554227659013036,1.34291250957153,1.8865171723194554,1.4767082
2019-12-31,1.5445529930238886,1.336268049410125,1.3901975250261185,0.8395579569525744,1.3245517366089004,1.8728531706621636,1.4442251
2020-01-01,1.5463135022051844,1.33682525029913,1.390777162985785,0.8497833276360026,1.326459156396111,1.875103423279416,1.4204233
2020-01-02,1.4994251312368652,1.288222688608832,1.341861130270488,0.8288368966855465,1.2793911378047698,1.8151702922396995,1.4271048
2020-01-03,1.5790542005427097,1.4089298404676864,1.463022075325931,0.8744479978303954,1.391502351057052,1.9169528950926202,1.3720057
2020-01-04,1.5775544825464063,1.4205822964308936,1.4741967873811945,0.8736165248888741,1.401895001025932,1.9206590096294556,1.4812491
2020-01-05,1.5774364809733379,1.4158895749322993,1.4698524793328258,0.8735511780971557,1.3996082612535454,1.9224284155697995,1.4922788
2020-01-06,1.6608946861567626,1.5239279665857661,1.577049844639796,0.9197685785054877,1.4996917737982405,2.0293858816409576,1.4963312
2020-01-07,1.7412244894921536,1.5266454005934407,1.5809701802535563,0.9642535357042998,1.5055995561649351,2.1323341879174,1.599186
2020-01-08,1.718177221675814,1.5009581692466814,1.5545153080142857,0.9514904430563718,1.4806669579953258,2.1027974755331127,1.6256466
2020-01-09,1.6709182983805089,1.4855863591112386,1.5388714498055192,0.9253194443390453,1.4637680311244274,2.0422318723175965,1.5996451
2020-01-10,1.7492943442592401,1.6620500396120954,1.71339535017152,0.9687224517106746,1.6203208790018164,2.142676202335704,1.5698664
2020-01-11,1.712974769863086,1.6316505079159926,1.686983333685545,0.9677965801495099,1.5950229168029284,2.096130140064427,1.7029922
2020-01-12,1.7457703115052277,1.6942220086188253,1.7499237774641672,1.0008405962949665,1.6522668346888536,2.1381599006264866,1.6708839
2020-01-13,1.7302076674379934,1.6549218133406427,1.7091848274493437,0.9881924242467235,1.6152272633195395,2.118215256058023,1.7233047
2020-01-14,1.8752475707641376,2.055971545800038,2.1011939370835644,1.2755774250982217,1.9676243168877485,2.3040941111338524,1.6906282
2020-01-15,1.8738442909435846,2.021463347145792,2.070016726081899,1.2432347384109383,1.9415315441849028,2.3022957130930033,1.992658
2020-01-16,1.8546638098652446,1.9704525183790491,2.022954192278992,1.198701909146799,1.8994377208390543,2.2777145594499193,1.9761848
2020-01-17,1.8923233312714303,2.154311980390952,2.197975530905387,1.341319814372601,2.0524999420223544,2.325977809470383,1.9384398
2020-01-18,1.8943424131364268,2.0390586328066354,2.0919260928722747,1.2435518109252857,1.9659691542995341,2.3285653692798265,2.0573068
2020-01-19,1.8511500338399802,2.0120722846838888,2.0619139804253326,1.2419664483535495,1.934413737914473,2.273211265545473,2.0069487
2020-01-20,1.837151491116872,2.0161988630872134,2.0636268060064946,1.2538395184160582,1.9351015972005194,2.2552711890980723,1.9637673
2020-01-21,1.8561465544386222,2.0238980255318446,2.071925198838484,1.2558477518589126,1.9444877915040537,2.2796146845098573,1.9611995
2020-01-22,1.8435735974315965,2.050903163385598,2.0978865051223328,1.274943280069527,1.9649615483822078,2.263501601946459,1.9766078
2020-01-23,1.7874575407528768,1.9173533108572267,1.9668038409419704,1.1910565801275752,1.8484289793046647,2.191584914909756,1.9829983
2020-01-24,1.7960311701873048,1.895492050238597,1.9473943588787286,1.1691777164883725,1.8323767754130649,2.202572612364013,1.8839316
2020-01-25,1.7755453959009173,1.8439459947162946,1.8960988868531916,1.1387023062869046,1.786681104378154,2.1763186576883418,1.8743335
2020-01-26,1.830240049218966,2.017245425003048,2.061396132390818,1.2711734609789733,1.9335670699039194,2.246413714133093,1.8358371
2020-01-27,1.8916177081655237,2.1010429805643027,2.1439432025742304,1.3229993881477207,2.0078718098610406,2.325073467872147,1.9608026
2020-01-28,1.9932897724277068,2.1891282029847807,2.2291544988825094,1.32165339747622,2.0886019120400614,2.4553731925417193,2.029663
2020-01-29,1.9716600243562983,2.17682657282157,2.213898106996475,1.3028393459610788,2.073178657687176,2.4276531661511815,2.1221309
2020-01-30,2.0154335518952045,2.3398791565786445,2.3924298096998022,1.3820664646561154,2.2324335696852495,2.483751967721805,2.1025677
2020-01-31,1.9811513820639461,2.284142815908139,2.3440086790504364,1.3477347495251801,2.187089101805821,2.439816904898227,2.2279887
2020-02-01,1.9903692933915744,2.3429929116022894,2.4049034371610443,1.3745719898210595,2.2409135971026464,2.4516303122271013,2.1811044
2020-02-02,1.978810059672459,2.3208997261523754,2.3825398809563167,1.4087609229702653,2.2242742379898197,2.4368163839488735,2.2215943
2020-02-03,1.9700386645749866,2.337789262996753,2.3971291790617846,1.4069179151500697,2.2366897008809743,2.425575247921338,2.2153137
2020-02-04,1.9463490068833709,2.30334305571074,2.3609000379637215,1.3888520097990233,2.2027715909957704,2.3952152496586945,2.2235923
2020-02-05,2.0380178727994136,2.4765326695131518,2.5326077368349282,1.4535873906984667,2.369779314881196,2.5126953545778092,2.1916368
2020-02-06,2.0684435126214207,2.4881378637754854,2.5458224704798282,1.475073588474611,2.4031423100181923,2.551687834674331,2.401949
2020-02-07,2.0776289609046623,2.522586591286274,2.586489667955043,1.4815602345938328,2.4482499666125674,2.5634594858844078,2.4364867
2020-02-08,2.0975313961909934,2.5400031494572244,2.602839870345101,1.4956150798917682,2.466506905118694,2.5889657092588734,2.4573298
2020-02-09,2.151108364815181,2.5721705437967786,2.6366333981663113,1.5334504500216979,2.5037492129880774,2.6576282019076034,2.4933846
2020-02-10,2.086547335920892,2.4888038678416655,2.554229517339141,1.5319875544333301,2.428685895270564,2.574888748730343,2.53413
2020-02-11,2.1718408980708652,2.5978603356693637,2.6658198780938736,1.5682253200606826,2.5384881079634503,2.6841984824494665,2.4785626
2020-02-12,2.188384503641951,2.7753379774455755,2.846190336169602,1.6022811144345033,2.7003005030452423,2.7054001296415415,2.579863
2020-02-13,2.165004937730154,2.769345050706067,2.8396515354230316,1.6105214604744025,2.701173539910338,2.675437608285879,2.695633
2020-02-14,2.1925041237225837,2.9083782876147453,2.977134917026407,1.6671739131732124,2.8257868340046004,2.710679829674455,2.6888912
2020-02-15,2.098669395182569,2.645305790300147,2.713073504033239,1.488332490328167,2.5833895065158146,2.590424103900473,2.7839866
2020-02-16,2.100663980394439,2.5764167905674564,2.6439276484485252,1.4000061891198696,2.5049509193496977,2.5929803719645057,2.563408
2020-02-17,2.0555933251985268,2.6058933537211204,2.6688135141559246,1.3983919284546247,2.5234499145614175,2.5352191819414456,2.4883661
2020-02-18,2.155124023489863,2.7475069949442394,2.809427760856451,1.4688874620863404,2.65161619211011,2.6627745609400857,2.484132
2020-02-19,2.0352156946735005,2.5139395142449916,2.5775171915625696,1.3471303707475044,2.4346041062039476,2.509103640519479,2.5940065
2020-02-20,2.037248916882985,2.489810562212861,2.5521699367677244,1.3268677734574221,2.4108444520299575,2.511709473443869,2.376593
2020-02-21,2.035289047013471,2.5400033665092963,2.5989886138248233,1.3967016831832375,2.4764301706698,2.534084763508799,2.353795
2020-02-22,2.035289047013471,2.540422839962593,2.6037842620737486,1.4232963421264708,2.47987446504107,2.526915648012212,2.4208622
2020-02-23,2.035289047013471,2.683790031491213,2.748097545282678,1.4217610002705092,2.616343009689294,2.604482841444441,2.4153135
2020-02-24,2.035289047013471,2.5672345580966502,2.6304947763995843,1.370546956139855,2.5039382850503036,2.524764679636614,2.5522006
2020-02-25,2.035289047013471,2.4007634103917956,2.4661710277039317,1.278321916632167,2.3506674290507283,2.4319808850971225,2.4348512
2020-02-26,2.035289047013471,2.1232282218775755,2.1831614463245472,1.16555337947158,2.0899495190727926,2.294321116551574,2.2924895
2020-02-27,2.035289047013471,2.1480443782561633,2.206110169472668,1.1858027103020519,2.1196578246770437,2.303257325496024,2.0655494
2020-02-28,2.035289047013471,2.135878720434207,2.192642051948139,1.1845278876534866,2.101922709758853,2.2761799511215024,2.0999537
2020-02-29,2.035289047013471,2.0645100869751976,2.124657665486953,1.1822376065204778,2.036754426019735,2.2281364442648677,2.0611026
2020-03-01,2.035289047013471,2.063962494233978,2.1240736911212093,1.202001486620308,2.037362227544331,2.227414902305719,1.9974083
2020-03-02,2.035289047013471,2.18203474126008,2.2394411174064963,1.3050783282544003,2.1522300645258476,2.330049651979113,2.0030153
2020-03-03,2.035289047013471,2.122214762311183,2.1825204822569444,1.2685903142258794,2.0990324987133984,2.2889738373076565,2.1380475
2020-03-04,2.035289047013471,2.126710251562128,2.1865824332858943,1.2316618190661814,2.098465212733357,2.2897108509259554,2.0900898
2020-03-05,2.035289047013471,2.180187481971155,2.2420302532528242,1.2932215216916096,2.1544018420874025,2.370605101358765,2.0697467
2020-03-06,2.035289047013471,2.277166003404686,2.3310219026455274,1.3478434224515972,2.2382837441368277,2.393693935405035,2.141068
2020-03-07,2.035289047013471,2.2098113821289647,2.264881993816917,1.3473603462797217,2.170147060900847,2.326487174331521,2.2158284
2020-03-08,2.035289047013471,1.9210509309770456,1.98807385928422,1.1256571707849843,1.8969168789774467,2.100771596171736,2.1254447
2020-03-09,2.035289047013471,1.9274386284095628,1.9915373614004153,1.121251742664014,1.8984183025571224,2.0737886049053516,1.818274
2020-03-10,2.035289047013471,1.9115056034449667,1.9762244175964574,1.1155711273101476,1.8840510793929108,2.06337591473809,1.8103756
2020-03-11,2.035289047013471,1.8854856949689551,1.9538115111127254,1.098954422280139,1.8605350099941829,2.0747111150810875,1.7987314
2020-03-12,2.035289047013471,1.126528092079934,1.1935261133064914,0.6332603021334596,1.1337821531474905,1.269465342542772,1.7693421
2020-03-13,2.035289047013471,1.3387720077031098,1.4137900913258545,0.7621367053470848,1.348825824477495,1.4734589942544989,1.0391948
2020-03-14,2.035289047013471,1.2202657796426608,1.2918741091626804,0.7110112261277564,1.2329799007094784,1.3500042700837183,1.2643598
2020-03-15,2.035289047013471,1.2449310829808937,1.318839165051249,0.7518961723434312,1.2630186118393183,1.3970757387899753,1.1538644
2020-03-16,2.035289047013471,1.1594735173652526,1.2318071985422097,0.7356271866841979,1.1781442168143816,1.3166438672318106,1.2022123
2020-03-17,2.035289047013471,1.2223306271829417,1.2970112968408662,0.7724545420806156,1.2335662241483019,1.393510645089937,1.127405
2020-03-18,2.035289047013471,1.2398763770512478,1.3151849808113678,0.7824632818255753,1.2508960768987873,1.414924102029953,1.1795605
2020-03-19,2.035289047013471,1.4469102094794986,1.5262218566217503,0.9231259978130549,1.448485235141064,1.6168581678518579,1.1993061
2020-03-20,2.035289047013471,1.4237438342530415,1.504769270148795,0.8950320769977633,1.4266844340843674,1.6220437662429004,1.3829161
2020-03-21,2.035289047013471,1.4432532044948838,1.523306652112384,0.9175999899189432,1.4428205404747854,1.6201305391562264,1.3584237
2020-03-22,2.035289047013471,1.3424226700682953,1.4212140444224155,0.849587213132301,1.3450618856565308,1.5206742298081102,1.367988
2020-03-23,2.035289047013471,1.4809812709678556,1.5643526855095131,0.9256764902097847,1.481568745339261,1.6964094092961501,1.2676458
2020-03-24,2.035289047013471,1.5292057783689421,1.6143935096558406,0.9231568575681598,1.5282856290479978,1.7685482982385745,1.4052188
2020-03-25,2.035289047013471,1.496690830519486,1.582039595665155,0.9125532785475444,1.496634692163633,1.7487682620407878,1.4509649
2020-03-26,2.035289047013471,1.5310302369432114,1.61627598922751,0.9212662643863271,1.5296931010538122,1.7663372310582637,1.4171968
2020-03-27,1.9224810049300283,1.4389163048886644,1.5227193418841598,0.8712568003145279,1.4414133743873678,1.6654981188810802,1.4510822
2020-03-28,1.88800361881036,1.427753777691838,1.5105166994152832,0.8556325769198374,1.432191565165456,1.6339934391112076,1.3646554
2020-03-29,1.7808560767900101,1.3579518732349989,1.4380199051030602,0.8070761948638636,1.3634618138559025,1.536084336290786,1.3635128
2020-03-30,1.9322172849197656,1.465139488064667,1.548818419289052,0.8065435974258849,1.465804757958664,1.6743949695690152,1.2946502
2020-03-31,1.9373514778362924,1.462118849986835,1.5461661369309914,0.8079242551586182,1.4642245324566034,1.6790864486993726,1.3868151
2020-04-01,2.0065006572498794,1.5056910387652451,1.5913160957715302,0.8368391378305939,1.5047844928553098,1.742273410344561,1.3886957
2020-04-02,2.0460893319925564,1.5473246814885129,1.6332638607935568,0.8533932299403055,1.544582468701071,1.778448717528633,1.4209551
2020-04-03,2.028204290942469,1.5553067450546194,1.6401006852835116,0.8459145603749929,1.551448702842602,1.762105793045361,1.4587908
2020-04-04,2.0661825424622404,1.579515686218716,1.6651104597830046,0.8617952504438208,1.574948155858221,1.7968094931065905,1.466236
2020-04-05,2.0385754667757,1.5421864251049218,1.628127418141433,0.8609730161568306,1.5416649054659808,1.7715827282796808,1.4888754
2020-04-06,2.199695859188712,1.6946989259195477,1.7822630212822017,0.9562192161512959,1.6966130747571833,1.9188111102940624,1.4617872
2020-04-07,2.159209028887409,1.6421264942301892,1.7270648420507542,0.9356340235156717,1.652935045762374,1.8818151425057545,1.6408284
2020-04-08,2.2078617984691995,1.7322563750436681,1.818805957102883,0.9879458434188558,1.7365928494650051,1.926273055756312,1.6049237
2020-04-09,2.1858752129554664,1.6781057022728125,1.7652982213908768,0.9490037666619479,1.6891826367032772,1.906182184263597,1.6739703
2020-04-10,2.0653645519309274,1.5500334365458894,1.6349949014037184,0.8669107178807576,1.564257058514751,1.7960621267731423,1.6402574
2020-04-11,2.0704385512468058,1.552691638989557,1.6378471220566133,0.8676888556486263,1.568520152043517,1.8006986201407276,1.5175934
2020-04-12,2.0757242756174,1.5418543543568304,1.627654771995859,0.8675700733878992,1.5605972275323137,1.8055286848727767,1.5223731
2020-04-13,2.0623040355397415,1.5198095579358517,1.6050778688925817,0.8543829873121276,1.5376606339249053,1.793265518017803,1.518863
2020-04-14,2.066926233699944,1.5252983166053031,1.6114968146361082,0.8514394909065804,1.5430423107055506,1.7974892628995516,1.4907995
2020-04-15,1.99449056748717,1.4628602753017677,1.547525840658368,0.8137621230789371,1.4824525065722052,1.7312990756163884,1.492619
2020-04-16,2.134219187716286,1.603914267343471,1.6949064678613777,0.8785200171566228,1.6251779590950528,1.8589801452087455,1.4339154
2020-04-17,2.1127158269316526,1.5879022902006017,1.678431253542482,0.8708668217008226,1.609767479458971,1.839330855060103,1.5670587
2020-04-18,2.1768710323963485,1.6875936633820159,1.7824099859163072,0.8710186934942686,1.7074475409436336,1.8979545092745196,1.5499154
2020-04-19,2.139387597412764,1.6397878266953017,1.7333735592153345,0.8338888867942342,1.657488546655188,1.863702963325087,1.6348329
2020-04-20,2.055719749454936,1.5632107090788878,1.6547366760876372,0.7962767483854398,1.581609377679658,1.7872491355689974,1.5743724
2020-04-21,2.0601503336474147,1.5674700545220739,1.6591341064522465,0.8043231386837952,1.5863370304277615,1.7912976389767241,1.4976718
2020-04-22,2.1411408931495046,1.6416085259770061,1.735993720574104,0.8264039207049647,1.6635821766234398,1.8653050284301778,1.5043173
2020-04-23,2.241818670552639,1.6901027135529558,1.785953266805634,0.8473619256905704,1.7111931049830598,1.9573022845663999,1.5795622
2020-04-24,2.2492009757420925,1.7025826789701084,1.7987942272117803,0.8765534861717625,1.7253392492866835,1.9640480481482836,1.6250075
2020-04-25,2.2586311202965152,1.735271369901373,1.8324020593521242,0.8755326781204728,1.754210434265537,1.972665070706025,1.6448991
2020-04-26,2.304048937739535,1.7679177460966566,1.8658165351369018,0.9039453620314578,1.7864867443295671,2.014166813268487,1.6584545
2020-04-27,2.3278948211776926,1.7725249725360366,1.8706682705584377,0.8910331573131505,1.789228078309059,2.0359565593508067,1.6920651
2020-04-28,2.317952542206619,1.7681869091848637,1.8662047996122049,0.8862521116289861,1.7873138743285635,2.0268715068715517,1.6889962
2020-04-29,2.6150575408205046,1.9671105557374151,2.069773137649122,0.9427168548957756,1.9747660142640466,2.2983595789356444,1.694154
2020-04-30,2.566585072720005,1.9067170306923578,2.0080098602864527,0.915740862299772,1.9140110578121612,2.2540664845092633,1.8541489
2020-05-01,2.6252600069795298,1.95531129311233,2.0576167348063477,0.9328756806023402,1.9598984515471676,2.307682400513453,1.7903706
2020-05-02,2.669925613904938,1.9821505200256142,2.084725981343,0.9546869084608844,1.9897756109311955,2.348496918448941,1.829634
2020-05-03,2.648293625959756,1.9560737919713005,2.057893080134737,0.9537053723755357,1.9611945291787964,2.328730015623639,1.8731947
2020-05-04,2.6407368850227164,1.9382311405460462,2.0393005869410934,0.9382333691353121,1.9409784455594719,2.3218248377432777,1.8355427
2020-05-05,2.682284714823144,1.948021175269105,2.048298939398491,0.9320708125171593,1.9482519339030884,2.359790343762719,1.8090425
2020-05-06,2.7186098070601523,1.934872018622586,2.032705256974969,0.9054814754017328,1.9299202325243254,2.392983391001579,1.8137438
2020-05-07,2.961438613052587,2.087258947449379,2.1852848242786616,0.9624094212769752,2.069985672102838,2.614875150256923,1.7875946
2020-05-08,2.90572978480365,2.061788452246845,2.160814164468448,0.9586170787427272,2.052778169278717,2.56396967121613,1.9085817
2020-05-09,2.82770519165182,2.0245376284390546,2.124614701485772,0.957963539208966,2.021887849701608,2.492672456546398,1.9098105
2020-05-10,2.5967835457615887,1.8367872611615805,1.9326638604340791,0.8800140757705076,1.8355940155884438,2.281661245489499,1.89016
2020-05-11,2.5517461630474907,1.8113924832154327,1.907411840258274,0.8649888370500488,1.813514311120349,2.2405070093219743,1.697314
2020-05-12,2.6229718121929464,1.857393088510823,1.9539274118541068,0.8887509279384946,1.8541985815631987,2.305591584562418,1.6823103
2020-05-13,2.7659381777673593,1.9561242828706134,2.054022302358719,0.9364469449425988,1.944486438949821,2.4362312055350364,1.70966
2020-05-14,2.9015366231659314,2.024024940160233,2.120483399170919,0.9816848981596026,2.0039609292172185,2.560138039980691,1.7819679
2020-05-15,2.7633181500454165,1.9320755909752463,2.027851617595058,0.935572859025433,1.9191675581915384,2.4338369794705743,1.8321218
2020-05-16,2.783643196656808,1.9656767118923506,2.0639519696596254,0.9423536410988326,1.9517812809921475,2.452409453779405,1.7584006
2020-05-17,2.867582683949346,2.0269734001925173,2.126140057112925,0.9411579577263035,2.007448645858859,2.5291115662075194,1.7802453
2020-05-18,2.8824243868283865,2.067671872351292,2.1700941642611036,0.9744646339640443,2.051458305771839,2.54267365250154,1.8245523
2020-05-19,2.8982244388667,2.072647236714357,2.1746227547496395,0.973341904668252,2.0558143986876556,2.5571114032482614,1.8695254
2020-05-20,2.8197537706325746,2.0212799418829692,2.1228989343941143,0.9528300707071664,2.0055122214461774,2.4854066671814934,1.8748722
2020-05-21,2.6917721201113625,1.92164826505325,2.0213661439313233,0.9038607159728759,1.9109289286806326,2.368459841305272,1.8217494
2020-05-22,2.7223423689416353,1.9718834627571877,2.07462718864317,0.9414298119413063,1.9623111505002953,2.3963942351616856,1.7369657
2020-05-23,2.726037781176315,1.9704031665117234,2.0728428681047046,0.9385797307769072,1.959792355616936,2.3997708835710063,1.7855417
2020-05-24,2.592742055238264,1.8877303251942712,1.9898556689128193,0.9082222217858392,1.8803644331326363,2.2779681662858744,1.7806621
2020-05-25,2.5902377034161694,1.9276249514969954,2.0306321223403074,0.9273521742520393,1.9202006887026293,2.3259489418010593,1.7019455
2020-05-26,2.5902377034161694,1.9076417644305235,2.0098274888376086,0.9137496159819086,1.9000857968148344,2.311602886379908,1.7430594
2020-05-27,2.5902377034161694,1.9810922280386207,2.0844451193895996,0.912709434799157,1.9690856343168517,2.4067677216895174,1.7232449
2020-05-28,2.5902377034161694,2.0528240175122288,2.1598577393730145,0.96189225543748,2.0462352434741997,2.50390595177453,1.7838025
2020-05-29,2.5902377034161694,2.0350791812771707,2.142273043969362,0.9626411012700645,2.0305746466962034,2.4630417835515344,1.8514795
2020-05-30,2.5902377034161694,2.1671312628998916,2.2788792624566243,1.0592461496213734,2.160145689686409,2.5353060322376515,1.8365113
2020-05-31,2.5234070231774357,2.0643586835291328,2.1737020523130886,1.0080729227880836,2.068629887233187,2.4689827242174895,1.9505289
2020-06-01,2.7168059864112246,2.216070432472699,2.3293063347556475,1.0782593173781585,2.2149451892604137,2.6682429731397885,1.867901
2020-06-02,2.5426583067672244,2.0969789831079866,2.207479442847395,1.0772673662624164,2.1046876773472287,2.48881743402294,1.9998199
2020-06-03,2.5795959686124634,2.1488404318847207,2.260448930525948,1.0919945462073213,2.1508882505292157,2.5268744739867803,1.9098325
2020-06-04,2.6100267753822384,2.1492716621322745,2.2612638135927616,1.1048882198177248,2.1531582963986624,2.558227677000309,1.9466126
2020-06-05,2.565679285540266,2.120725817249291,2.232017867802808,1.0860979832068764,2.1261359186613795,2.512536065241332,1.959454
2020-06-06,2.580516778035881,2.115234959647849,2.2258243253447416,1.0923846974199642,2.125679832561412,2.52782314603398,1.9352256
2020-06-07,2.60040992797382,2.123657185303974,2.2338419559402802,1.1008135170803544,2.1345498065876183,2.5483190875657153,1.9375383
2020-06-08,2.6083726875371576,2.1285697542802744,2.2384045274293283,1.1041873751454574,2.1395327339055314,2.5565230595809534,1.9495056
2020-06-09,2.6078400697646664,2.109928186366853,2.2194630089045777,1.103136027734627,2.120635717739897,2.555974336864529,1.9561551
2020-06-10,2.636918770579904,2.140363192090628,2.250370470861488,1.1143405489531595,2.149277715387549,2.585934473825896,1.9437778
2020-06-11,2.478148880809102,1.973057677903634,2.0785619185836195,1.0472721212634297,1.9872789187247097,2.422352680207546,1.9715698
2020-06-12,2.527871598756892,2.022514920935542,2.1285065430786476,1.0682762582445178,2.038437879040485,2.4735822458625703,1.826513
2020-06-13,2.5306189155461594,2.026400309634409,2.1323714637495566,1.0694367945255958,2.041926012958489,2.476412741217465,1.8772396
2020-06-14,2.492567710962619,1.9815623842503534,2.0874160337665186,1.0533630007678352,1.9993408985909586,2.4372083716192647,1.8825971
2020-06-15,2.491122083025004,1.9905120731645523,2.0971880296194665,1.0527523308672628,2.006803461723203,2.4653126816792263,1.8439622
2020-06-16,2.491122083025004,2.018935450780961,2.125838828283198,1.0707186689769501,2.032425527164351,2.489807673147727,1.8465838
2020-06-17,2.491122083025004,2.0050063768623803,2.1116067399394445,1.063660405382419,2.021609964264459,2.4718415757614496,1.8650545
2020-06-18,2.491122083025004,1.9751022443462176,2.080516527028565,1.0521419228516888,1.9959372632170094,2.4505744647022345,1.862993
2020-06-19,2.491122083025004,1.954265392527647,2.059177809044357,1.0417926264915884,1.9762336659335094,2.4311735907953156,1.8392382
2020-06-20,2.491122083025004,1.9600829478954283,2.065395559825688,1.0423988589366595,1.9831975437032872,2.4452428287386265,1.8201773
2020-06-21,2.491122083025004,1.9484176857046185,2.053328627039975,1.0414080975795517,1.9703368606488276,2.427051750556136,1.8305333
2020-06-22,2.491122083025004,2.0561156089523656,2.162107566080607,1.0879090039159862,2.071974021907868,2.532799364411679,1.8136638
2020-06-23,2.491122083025004,2.0491408026343194,2.1545442282333265,1.0857151834166947,2.064888586262602,2.5152408913207545,1.9011767
2020-06-24,2.491122083025004,1.9782242714819778,2.0824764006096808,1.0509147433287978,1.9955641286401073,2.4269918091424034,1.8937519
2020-06-25,2.491122083025004,1.9632295795577095,2.067551280868288,1.0483337896186988,1.9818536006855454,2.415909986357791,1.827597
2020-06-26,2.491122083025004,1.9435566997143257,2.047561304227626,1.0425695874642913,1.9656580792533687,2.3928866332479064,1.8163366
2020-06-27,2.491122083025004,1.89048047847243,1.9946927670721315,0.9814000459108523,1.9096825245446316,2.352908526181387,1.8100805
2020-06-28,2.491122083025004,1.9188316034074109,2.0233888695787607,1.0073820141655867,1.93765182773315,2.3818622376343,1.7417355
2020-06-29,2.491122083025004,1.9391684786680532,2.043902726109513,1.0204160240338294,1.9578413581033338,2.40047394364708,1.7705398
2020-06-30,2.491122083025004,1.9242264859133917,2.02889747214278,1.006177555973264,1.9419348494663364,2.387863211780412,1.7906983
2020-07-01,2.491122083025004,1.9587398336504631,2.0635163124602367,1.0137915039760554,1.9739624418533883,2.414984616319999,1.7704709
2020-07-02,2.491122083025004,1.9243240535592498,2.0286018434223556,0.9960256471822247,1.9404331387217209,2.376188028810269,1.7967199
2020-07-03,2.491122083025004,1.9153863896963765,2.0196505901931694,1.0004133538188562,1.9333355189403882,2.3689587146287883,1.7647693
2020-07-04,2.491122083025004,1.9414819556965857,2.0457340488257607,1.0202869796302267,1.9599634171334546,2.3884667544666067,1.7619016
2020-07-05,2.491122083025004,1.9279192499809432,2.0319058888343977,1.0065216962622203,1.9454131902539533,2.3717081253272108,1.7919476
2020-07-06,2.491122083025004,2.0155831731572915,2.119442694119638,1.0933290657814374,2.0349425206466654,2.441993865801908,1.7746619
2020-07-07,2.491122083025004,1.9865499460569744,2.088786518343426,1.074100727626128,2.0096030008821564,2.4186360592615044,1.8745236
2020-07-08,2.491122083025004,2.041200484407294,2.1437897251880518,1.0976737794962175,2.0628427324096994,2.46603160466422,1.8509367
2020-07-09,2.491122083025004,1.9952795514934107,2.096432246531984,1.075649260469358,2.019266469875161,2.4141954851532312,1.9036167
2020-07-10,2.5026161845078003,1.9915507613302854,2.092915663555446,1.0760364593182141,2.015787877929706,2.42833511813895,1.8629274
2020-07-11,2.4882558644788726,1.973800453820512,2.0746344201531977,1.0690677333334353,2.006175704956559,2.4136858327246142,1.8660038
2020-07-12,2.505772727716877,1.9877167763938748,2.087195464144672,1.0682646274567564,2.0188826880463253,2.4315552509827483,1.8584445
2020-07-13,2.4887477607969637,1.9566718417427191,2.055045518004994,1.0426534878252638,1.9878874031911526,2.4141876161861875,1.87181
2020-07-14,2.493877143511713,1.9610402045314312,2.0590723662972423,1.0347536907934398,1.990848761690888,2.4194202792498922,1.8428409
2020-07-15,2.4767676084557295,1.9404710460960963,2.037619424900565,1.0227544906697805,1.970323622771585,2.401966413528775,1.8437777
2020-07-16,2.461382462730513,1.8949864958664846,1.9904128585118182,1.0095169013676513,1.92731062740135,2.3862715826293526,1.8260139
2020-07-17,2.4675774540000703,1.8918091408237587,1.9875521908043714,1.0025138060023588,1.9226421484877116,2.3925912735100914,1.7968229
2020-07-18,2.465232066084243,1.910740513844324,2.0061660765223697,1.0103282463140004,1.9424818522437222,2.3982260621662626,1.792204
2020-07-19,2.465232066084243,1.9279431714305049,2.022376752989766,1.009071671397612,1.9591692303038308,2.407901751249357,1.8075207
2020-07-20,2.465232066084243,1.9011642723992197,1.9947519853435742,0.995452257061784,1.9324524057164294,2.3943578550235527,1.825202
2020-07-21,2.465232066084243,1.9794985660330586,2.074981523379707,1.033715197992397,2.008035631683065,2.4552788282225393,1.8001393
2020-07-22,2.4983008504607125,2.084860817312203,2.176341145311816,1.1083580972108569,2.10188801025504,2.492402716411907,1.8630822
2020-07-23,2.517512138708588,2.1343852483066916,2.2199260834314636,1.1540332648159595,2.1398651559952486,2.5125434242549023,1.9357183
2020-07-24,2.5020479159457345,2.1356814805651183,2.2156131010339215,1.1696990690457747,2.134102476899135,2.496331085989952,1.9586546
2020-07-25,2.541966056295327,2.349375840322823,2.4343039674830624,1.168859075501972,2.3325143454321635,2.538180584812971,1.9507337
2020-07-26,2.5992230477122806,2.353272299862296,2.430215140531458,1.1939558194260937,2.3299588160077858,2.5982077752431203,2.0802464
2020-07-27,2.875426399850342,2.5032924867248263,2.5960479568654256,1.3206308498763708,2.4949584144346675,2.8877742030293803,2.0918884
2020-07-28,2.846836613999063,2.5310337850264144,2.635420942895793,1.3075187280818912,2.5369617276643877,2.8578012587193995,2.2677147
2020-07-29,2.8906861177072503,2.5207056956696983,2.62282391951721,1.3276294080373165,2.527201566314329,2.903772139925387,2.3061683
2020-07-30,2.8921395632887963,2.6279049415675617,2.7264074812583234,1.3282960011900604,2.618911864961334,2.905295921339413,2.310571
2020-07-31,2.9508923620178127,2.706307509495099,2.803030770199748,1.3270296110915056,2.6917808984670795,2.9668911423489597,2.3646486
2020-08-01,3.065184554412057,2.953105235752207,3.0381621294077097,1.4041425247754602,2.9082333223559185,3.0867129549382106,2.4294384
2020-08-02,2.880320153557991,2.789754355652939,2.865946947250149,1.2550610196059984,2.7356465914635697,2.8929045761390944,2.599158
2020-08-03,2.9213526021867686,2.8860172777390707,2.959454297597608,1.3092648292489495,2.823909484187084,2.935922204799655,2.418124
2020-08-04,2.912355360158021,2.8845834773126517,2.9511850049224253,1.2720259639751657,2.812352582942764,2.9264896458647813,2.4932578
2020-08-05,3.0518917355255533,2.9605286664723742,3.0241267485814616,1.2964888689280765,2.884357045926074,3.0727770089484543,2.4750183
2020-08-06,3.0561646707687222,2.9365029452713562,3.005592005698578,1.3606202473461075,2.875757641391611,3.077256535234869,2.5549645
2020-08-07,3.014439096583719,2.832365427761936,2.905357072140876,1.3326805201482232,2.7844596708033698,3.033512256081861,2.5720034
2020-08-08,3.056436613601987,2.9182499444890424,2.979271702778227,1.3443674647802615,2.8590625476793714,3.077541645074558,2.50421
2020-08-09,3.0348720581864024,2.8565457498685913,2.9151561115638858,1.3225854891648596,2.801424194585824,3.0549337359238082,2.5644815
2020-08-10,3.0875369406319777,2.905001481188905,2.9659714130964296,1.3327643790861121,2.8488974216786622,3.1101465320996944,2.5242033
2020-08-11,2.9600941089525077,2.7518009498276483,2.8054079244248302,1.2451334508309186,2.6947804668082895,2.976537825483932,2.5634708
2020-08-12,3.0044497623029116,2.79694951677535,2.845422216784365,1.2439534081825119,2.7327732754369602,3.023039487218888,2.4262824
2020-08-13,3.061664391989348,3.012879670730808,3.0418300662301516,1.3577218313202153,2.910516182858809,3.0830223628628133,2.4630105
2020-08-14,3.057438687641124,3.067932244849251,3.080613182533816,1.4001071668997427,2.942607301215024,3.078592217651361,2.592601
2020-08-15,3.0774426758577618,3.045337016970997,3.066641507090602,1.3809437284687263,2.9632413848554595,3.0995638822809957,2.610552
2020-08-16,3.0923009311076393,3.1203572191226,3.1648354218384096,1.3844530320255526,3.053432098681235,3.115141128726318,2.6449413
2020-08-17,3.1883865873335795,3.1716991979336333,3.236785556301242,1.3777396870140988,3.125354461554889,3.2158756639438044,2.6947463
2020-08-18,3.1000691960349394,3.0969314396748695,3.160619104843391,1.3764229632417562,3.047959045298999,3.1232854375118144,2.761175
2020-08-19,3.052420283324137,2.972910343482288,3.0331240045646326,1.3284199258908655,2.9296672820216556,3.073331199308908,2.6797624
2020-08-20,3.0786940511155763,3.021912735362871,3.0782682559125423,1.337207667559092,2.971164607689416,3.1008759671127724,2.5922732
2020-08-21,2.9951681610716117,2.8321230620557762,2.8940970701190567,1.2865490915970537,2.801384065783218,3.0133090004108642,2.6245844
2020-08-22,3.030995229469395,2.876575178320412,2.9350438586421244,1.3027460798756427,2.845844362108563,3.050869538346355,2.4971797
2020-08-23,3.025281265013969,2.8596517003406015,2.923499264077315,1.2938722315639961,2.8356103329693583,3.0448791675761266,2.5378926
2020-08-24,3.0223769033817964,2.8960483811764615,2.965082459344469,1.2934204516969587,2.8957048232938796,3.072019023838294,2.5266466
2020-08-25,3.0223769033817964,2.7686898601090975,2.8309429860756574,1.2195163080634794,2.761377124618356,2.959912738786656,2.5878282
2020-08-26,3.0223769033817964,2.7835853598138303,2.8406104716641245,1.2137735447471605,2.770436484662018,2.996072008315686,2.4559329
2020-08-27,3.0223769033817964,2.733380008452676,2.782862921812704,1.1753565869009597,2.712725758615651,2.9612559104116456,2.4675775
2020-08-28,3.0223769033817964,2.8081798518540673,2.85432401034892,1.2001097989118437,2.7789522571976497,3.014819763385382,2.4194849
2020-08-29,3.0223769033817964,2.813539444020312,2.854344609562992,1.1911986274797637,2.7780888887710606,2.9989575267572337,2.4733052
2020-08-30,3.0223769033817964,3.050023014717571,3.0989883535018907,1.189873001194499,3.000814449077883,3.0621291272054916,2.4701598
2020-08-31,3.0223769033817964,3.036229711501112,3.0698635779189023,1.201840604169022,2.9716628763674806,3.0461835191142383,2.6142437
2020-09-01,3.0223769033817964,3.247136820590084,3.2522646849281402,1.311684401616561,3.143675433010048,3.1165475096970914,2.593031
2020-09-02,3.0223769033817964,3.012553225320726,3.0239036689275243,1.2179955893143208,2.9238741008823745,2.9783547325199096,2.737075
2020-09-03,3.0223769033817964,2.623487953490592,2.6388124267593716,1.0673820226919546,2.5530868954981996,2.6587182034417474,2.5480847
2020-09-04,3.0223769033817964,2.661959202117037,2.6759770771095037,1.0834316494133192,2.5923217050453555,2.7443225344251707,2.2210963
2020-09-05,3.0223769033817964,2.3995085773936378,2.458326029027522,1.083038501156932,2.3836742702718348,2.6576312263370356,2.2718573
2020-09-06,3.0223769033817964,2.482845479884782,2.529421375043732,1.0905285998429506,2.4462866436559887,2.681023212420614,2.113159
2020-09-07,3.0223769033817964,2.497365025678305,2.5462149773288902,1.0956308708645532,2.463824920762024,2.7116392499813893,2.156344
2020-09-08,3.0223769033817964,2.405280353112657,2.461745810383228,1.0658371532730821,2.3835011420432317,2.646478962947653,2.1762555
2020-09-09,3.0223769033817964,2.47268633501876,2.5201817549375285,1.0731717026232506,2.4362516245006423,2.6723196982516644,2.105652
2020-09-10,3.0223769033817964,2.556224640057913,2.591720615688071,1.089344163931001,2.502504937858328,2.703335856172165,2.1443064
2020-09-11,3.0223769033817964,2.586041959891484,2.617338768918453,1.0796406732437047,2.524356573916759,2.716712338267645,2.1978087
2020-09-12,3.0223769033817964,2.650383399840019,2.6696238269784702,1.1015531894507584,2.576946423657634,2.7303318351702903,2.211438
2020-09-13,3.0223769033817964,2.5492821926693603,2.5869570775718778,1.0657460214296306,2.4944199463644434,2.701644760732872,2.2651818
2020-09-14,3.0223769033817964,2.625986789969643,2.663314808444167,1.0815995560419165,2.5650156879573247,2.7913420123283346,2.1812477
2020-09-15,3.0223769033817964,2.5790308150830423,2.631780941547307,1.1242401525440748,2.540714429089085,2.818471437647187,2.2382545
2020-09-16,3.0223769033817964,2.5991897070852774,2.655575698401156,1.103739867100984,2.5577396654851796,2.8644349289846742,2.2292788
2020-09-17,3.0223769033817964,2.7018982738405652,2.73726132900386,1.1026892502723646,2.6326709871535456,2.8602531502726625,2.231046
2020-09-18,3.0223769033817964,2.6806717280614025,2.7204231965370997,1.1010223221213635,2.617884602823098,2.8586611671976847,2.289908
2020-09-19,3.056914036024869,2.695952996496981,2.7391047993411557,1.1146605010674997,2.6334876359925024,2.8959001295746,2.2794976
2020-09-20,3.015145178509999,2.619202805661734,2.6715158587355203,1.0994305157521123,2.5676044312392077,2.8543146277298663,2.2881703
2020-09-21,2.8828194054623673,2.4426292278887316,2.508742156056797,1.0511811811935772,2.408672762687277,2.722569721771515,2.2270966
2020-09-22,2.912827384880937,2.5027956077246576,2.563168072472016,1.0621228519282042,2.4530895381416755,2.7524460386286425,2.0775685
2020-09-23,2.8351149909991236,2.3926542781135605,2.4607377306575757,1.0337869412027965,2.3521714388278423,2.6750747053045933,2.1166027
2020-09-24,2.967661492009981,2.4960021071227536,2.566486602428633,1.0330281847159624,2.4585458268713554,2.807039319046128,2.018492
2020-09-25,2.9546723820068146,2.4945497943454393,2.5633750704368032,1.0275264689518608,2.4596813802300606,2.7941072276856165,2.1378498
2020-09-26,2.951865957211919,2.503693614231559,2.5725253803944774,1.0311330493040947,2.4767670108725715,2.8044231579268017,2.1502302
2020-09-27,2.951865957211919,2.522187242961109,2.5897898635591794,1.0355373837783306,2.495542129995223,2.8170207514056007,2.1649468
2020-09-28,2.9273512196548617,2.499699831380019,2.5678818867787783,1.0279851329548915,2.472159334473006,2.7954189450790574,2.1886315
2020-09-29,2.9651215292287496,2.537525583827891,2.6050076731871243,1.0412511415172496,2.5075739258447673,2.8333636402657167,2.1609535
2020-09-30,2.949225555333687,2.532018942570868,2.598026429730481,1.0401920970423613,2.5025687866149937,2.8173941930211006,2.1930506
2020-10-01,2.907079514809064,2.51497940946789,2.577504217719011,1.0391605346933328,2.4757997700711893,2.7750533858536195,2.1929176
2020-10-02,2.895499821069726,2.4570782256582078,2.528030978302335,1.0033637545674559,2.427226726153868,2.763420211453262,2.165972
2020-10-03,2.8927491102738574,2.4475855066482426,2.519236893236279,0.9983365846337015,2.4214581616248427,2.757808779868678,2.1260579
2020-10-04,2.8927491102738574,2.472697401088963,2.544795915778781,1.0079142089708053,2.448639225614837,2.789031106342022,2.128346
2020-10-05,2.8927491102738574,2.492722056040904,2.56625292871945,1.013851430108531,2.4667986361009517,2.8214111793465833,2.1616797
2020-10-06,2.8927491102738574,2.4193261068711784,2.4973676285562294,1.0129752069930422,2.414954947537688,2.771140693407813,2.1725671
2020-10-07,2.8927491102738574,2.441823097689092,2.5188215358020782,1.0252069323243012,2.436994978384373,2.788863740926702,2.126699
2020-10-08,2.8927491102738574,2.531855856484919,2.604511057139436,1.0390292456518242,2.517661558359215,2.857502783195453,2.1439931
2020-10-09,2.9213294870468376,2.56293860534747,2.635141419087991,1.0511760883259078,2.5506464460892198,2.8899065872299543,2.2043793
2020-10-10,2.9822695721050154,2.5856987554817334,2.6633624557637177,1.073794462802312,2.5798528318448866,2.95326874329245,2.249837
2020-10-11,3.0009992561700183,2.6287053200277133,2.711925667666375,1.10688420929936,2.6150629361036475,2.972742780049826,2.285651
2020-10-12,3.041583347732662,2.6356174246718287,2.7187634003534074,1.1056178270315888,2.626210995517635,3.0149396977087357,2.313946
2020-10-13,3.01462613357352,2.5982055612703756,2.6817529710362633,1.1652337955182432,2.627731463839232,2.9869110212232375,2.3510303
2020-10-14,3.01449553785774,2.6095486349368957,2.698175779743178,1.1892813192181815,2.6444636393356618,2.9867751814564256,2.3517303
2020-10-15,3.035017476285355,2.6139248136579822,2.7059428882235133,1.2035609337283149,2.652589783499665,3.00811262660517,2.355043
2020-10-16,2.9896725326327926,2.507234853492397,2.596970796989664,1.1509980261511423,2.5545770189818517,2.960965456554492,2.3616326
2020-10-17,2.9994608288189037,2.4859008540243055,2.571434170532175,1.126424895431678,2.528924069264267,2.9711427728635664,2.2895787
2020-10-18,3.0362392335737707,2.524662825447379,2.6118774659079085,1.14819467731849,2.569422863565745,3.0093830149412732,2.2820723
2020-10-19,3.098139639008135,2.555684161640448,2.639553783783445,1.149333514806499,2.595401810694112,3.0737435560957205,2.3252704
2020-10-20,3.139208800372247,2.537414212757725,2.611653368117237,1.109779982496569,2.5645667850682563,3.1164449021112604,2.3479352
2020-10-21,3.3614645430602983,2.720681059129027,2.795431336969755,1.18844906354586,2.75105154627251,3.347534016010785,2.314283
2020-10-22,3.4064650773345924,2.7677041803934914,2.844269780115381,1.2297546638122816,2.812336443149075,3.394323068001681,2.499154
2020-10-23,3.3939141417022625,2.7685056925602205,2.8473088568934966,1.239084589431518,2.816963168696964,3.3812733920477465,2.5830114
2020-10-24,3.4414612924342665,2.8142955252030046,2.8941015315788956,1.262825531315769,2.8687274709964754,3.430710249627439,2.5823712
2020-10-25,3.4210397556001735,2.7835013918506712,2.8613534325320806,1.243158177507061,2.8373911077243426,3.4094770092500988,2.640986
2020-10-26,3.427019910171821,2.682008683853761,2.7572448493052124,1.1916028393372327,2.73920532137731,3.415694748747225,2.6138208
2020-10-27,3.585230973783894,2.768790834987114,2.8484386716264942,1.2129345708163675,2.816445505828174,3.580193646374893,2.5532222
2020-10-28,3.480376115449346,2.671160270237483,2.753110573736065,1.2294043036906703,2.726048584625103,3.4711714634221247,2.6366968
2020-10-29,3.525359220596158,2.6625620552839653,2.7495780492235826,1.2264694862660281,2.7222819197230397,3.517942398401938,2.5648022
2020-10-30,3.5533896762391164,2.6492714164467213,2.73982712487753,1.202947636422724,2.7094686099976673,3.5470870341888694,2.5660095
2020-10-31,3.6120347625250617,2.7115983913894337,2.800446583481149,1.2030790381776053,2.7649613768265784,3.6080630791629784,2.5485742
2020-11-01,3.6036842466158743,2.7079690691794602,2.7965224922017025,1.22940430369067,2.7679329049493515,3.599380785114194,2.5851173
2020-11-02,3.551305790842018,2.6307078710923006,2.7222803603960335,1.1831490145333508,2.6964972528449027,3.5449204971761428,2.6125016
2020-11-03,3.6700992870293923,2.6726407816998936,2.7687536790791576,1.1820200960732332,2.733985859240563,3.6684352034010175,2.5393505
2020-11-04,3.7016919126567176,2.7023226443653354,2.798160545635057,1.1910691958538842,2.7635614910297726,3.7012834234952527,2.5604525
2020-11-05,4.065359494870963,2.9371641405030666,3.0372016374474415,1.3068251953762893,2.9859640016483313,4.079404687849633,2.598414
2020-11-06,4.063283219374596,3.04684529782493,3.1401734060097857,1.3061643134139695,3.0951910232205404,4.077245989122816,2.7733264
2020-11-07,3.870767214226075,2.8685285731792587,2.9648612758197475,1.2448861470612178,2.9303790512918644,3.8770785596957333,2.8979945
2020-11-08,4.033860151897767,2.977121914932715,3.074884354922954,1.296798901836566,3.043652273752197,4.0466533266265285,2.7621162
2020-11-09,3.9985045530990293,2.919930112761868,3.020111666255713,1.2955592223739671,2.988226227407577,4.009892618520696,2.8875446
2020-11-10,3.9916622704186993,2.884881975372835,2.987081820236578,1.2613921591369996,2.956977426713713,4.002778299691941,2.8347237
2020-11-11,4.089888414254738,2.958071641027694,3.0609022357369304,1.2602757231269608,3.0248004761050256,4.1049085518859005,2.8214533
2020-11-12,4.241973507777923,3.0069931494735016,3.1142613729642603,1.2733012831372694,3.0765106429749522,4.263038349322647,2.8834357
2020-11-13,4.249200458666198,3.056491200543176,3.162000664680903,1.270649747613427,3.1313614704416834,4.270552502449492,2.939889
2020-11-14,4.18445959641362,2.981428000237405,3.088159817146868,1.2523673271252795,3.0582581617187112,4.203238648460382,3.0117857
2020-11-15,4.155521598738258,2.9298113137997275,3.037743018778978,1.2511785069780117,3.0049670264278063,4.173150441217646,2.9395285
2020-11-16,4.346501876823021,3.035389858576414,3.1452362420429902,1.3063053453256932,3.132975876469603,4.371720894290885,2.87879
2020-11-17,4.585988889573968,3.1672361189123044,3.2791829838405513,1.3772145602308408,3.2666528343920174,4.620726240981561,3.061033
2020-11-18,4.612018677766536,3.1154745897932825,3.228567752748189,1.3849216664479194,3.2140896502630967,4.647790342963457,3.1941
2020-11-19,4.62173922128807,3.2871163140230943,3.4015660615253696,1.38779980209981,3.366750535987013,4.657896947497368,3.1556392
2020-11-20,4.8363281117294274,3.381035194778722,3.4988550036960273,1.4513369834015268,3.4754910257898097,4.881014473937665,3.2113612
2020-11-21,4.847881413923919,3.47781341015223,3.5930799489408733,1.4501395815739622,3.60189467011539,4.893027020454851,3.375525
2020-11-22,4.776604628865621,3.4107036481162982,3.5321028214778383,1.380110742208152,3.522217289369691,4.818917441303774,3.5734947
2020-11-23,4.7633221608403895,3.678650042142182,3.802406201800544,1.5293368669070015,3.782785880762714,4.805107142294968,3.5068505
2020-11-24,4.961408367843729,3.671001560404693,3.7943469901811784,1.6495218604636086,3.7980444239134012,5.011066213068349,3.7043004
2020-11-25,4.848062087696126,3.4086009352037325,3.532379810147433,1.4846684351072026,3.5386648089163133,4.893215230841968,3.797243
2020-11-26,4.457950100439775,3.0492161830595164,3.171387982576297,1.2987679531515601,3.176848249276788,4.487598664189152,3.5706384
2020-11-27,4.453915380168046,3.006062990427586,3.1272173876332383,1.2712622885841838,3.1334491665569977,4.483403480825646,3.2147248
2020-11-28,4.601194453158258,3.1350656389370344,3.258575894191087,1.319047138629739,3.2630421778414083,4.636535780214561,3.1847396
2020-11-29,4.717376035030033,3.3746497211296913,3.5015103587225354,1.360283099683228,3.491376165383101,4.757335092501509,3.3077884
2020-11-30,5.097425769673936,3.6694748746296986,3.7995278059953956,1.505489582396187,3.7915391323681344,5.152489677912202,3.4825785
2020-12-01,4.863406102377598,3.528911208870968,3.6577612065776837,1.3724325823320749,3.638875865607297,4.909169195868896,3.788324
2020-12-02,4.974678561835524,3.640467984424598,3.7690956801239177,1.4012932892600898,3.7465670497539945,5.024863981484972,3.5942361
2020-12-03,5.030737018314752,3.696801159242788,3.8276350220590794,1.392576277357553,3.7998932832887484,5.083150694813143,3.6879983
2020-12-04,4.832016980224674,3.360300934971606,3.490338449558052,1.3354421725747285,3.4830482012387503,4.876532686859344,3.7378714
2020-12-05,4.95791959657932,3.520759588531554,3.6524650647575863,1.3330950200506404,3.639091480788765,5.007439031879927,3.49
2020-12-06,5.012376537175563,3.543054413318197,3.6749335029076,1.3167174997348723,3.6592424135409627,5.064060538324134,3.6283593
2020-12-07,4.962632825419501,3.4906754170274406,3.622119968179446,1.3060611881571813,3.6156237678159373,5.012339690401429,3.649446
2020-12-08,4.746078125782717,3.284168317464657,3.4133441504319184,1.2349609562342034,3.3956835743865352,4.787178084682765,3.6108484
2020-12-09,4.803976705354967,3.3431321512449577,3.4731329475937813,1.2389789644030589,3.452705739952229,4.847377564953748,3.397365
2020-12-10,4.730296664549515,3.284777361718926,3.4142243889460158,1.2256149255570339,3.391615217297115,4.770769067216703,3.457571
2020-12-11,4.677184467056737,3.2026260902888217,3.3309928179455373,1.197576566964463,3.3097913168792856,4.715546071719562,3.3825247
2020-12-12,4.673161223006272,3.3363427056358814,3.465891131867886,1.235310417786555,3.4429596525840105,4.919181286951047,3.30761
2020-12-13,4.673161223006272,3.4296704461183842,3.559823305523637,1.2340968233813394,3.5427827771842137,5.009448288899602,3.4586735
2020-12-14,4.673161223006272,3.426235011679618,3.5565883227481674,1.2357770320309094,3.540921188950296,5.037079473039734,3.5834422
2020-12-15,4.708396017539959,3.4488024254523384,3.5792584169336075,1.221514355318762,3.56668295524963,5.082094057077502,3.5866427
2020-12-16,5.1495391866251055,3.754344972856554,3.886549084308875,1.3872465890719374,3.881408992257662,5.582616777106605,3.6153498
2020-12-17,5.487432090306286,4.037731709745556,4.171988157989764,1.5034874260390554,4.0963784265524685,5.965991235275087,3.9751036
2020-12-18,5.559137100344923,4.226638268047168,4.360988346522704,1.6217250290406269,4.268316741112239,6.04734771722976,4.149797
2020-12-19,5.7232035622787905,4.494458771936437,4.623664464126222,1.6200213218825223,4.504719598924725,6.233498521694943,4.2680874
2020-12-20,5.637170147818501,4.357293387491238,4.491215644259029,1.7689301867636422,4.402410359939888,6.135884610923705,4.420717
2020-12-21,5.4650691254499995,4.093313219311933,4.233722642648894,1.5965680295257856,4.143542998388634,5.940618092314652,4.362807
2020-12-22,5.717048291738626,4.380505166144099,4.519380663180249,1.6425248150818132,4.41132027463888,6.226514757030915,4.109187
2020-12-23,5.580005001682098,4.095411046655684,4.241543904016309,1.4121604041576372,4.118918781889451,6.071024982764153,4.336272
2020-12-24,5.692789840091485,4.31062425658229,4.457250822469767,1.51602274541948,4.332365843679047,6.198991437315064,4.01826
2020-12-25,5.92009348465105,4.717647683061185,4.857920865992547,1.5157943644243852,4.703725780520383,6.456890842873861,4.2129326
2020-12-26,6.3279704781299415,4.907077731294185,5.057152045283844,1.536894995109259,4.88416911563225,6.91966965248926,4.4839616
2020-12-27,6.278052543298337,4.850091743796076,5.001107032445883,1.6462664485721459,4.862881155677623,6.863032367951141,4.6458135
2020-12-28,6.458123788429722,4.95827394915309,5.109981945173428,1.7509966014055058,4.989356956573848,7.0673416834045035,4.728585
2020-12-29,6.533217549123174,4.9667917392925425,5.12048965530644,1.755729900621314,4.99433686776693,7.152542978356264,4.9236403
2020-12-30,6.8859085672211755,5.126401731049243,5.283055480348261,1.8042117531739272,5.148446745541193,7.552707620458886,4.92913
2020-12-31,6.907253377174135,5.0229238297790335,5.181060100607552,1.8025048677812519,5.042720552371431,7.576925313021836,5.0959272
2021-01-01,7.004638566431505,5.100782645153595,5.258377289606727,1.8016423715020646,5.108953732709635,7.687418647975854,4.998118
2021-01-02,7.6526457966656745,5.550292981284024,5.703930423204161,1.860679592065856,5.523865667655714,8.422650268854925,5.0312657
2021-01-03,7.849542467744762,6.100816312460389,6.2563987551875835,2.2093041506363567,6.127484396425303,8.64605019609785,5.4155974
2021-01-04,7.6052109360326785,5.890396557994676,6.048817086451951,2.1159243813130666,5.949790447516303,8.368830794381445,6.1882806
2021-01-05,8.068376035322444,6.1149943590330915,6.278913884942513,2.186459206988699,6.186666263072953,8.89433991219589,6.1534195
2021-01-06,8.719965479140473,6.599118406147996,6.76555805980567,2.35912175759058,6.6659730166817734,9.633636282604154,6.4612703
2021-01-07,9.329555470804108,6.645542007783744,6.81249692633331,2.331677741387206,6.726552114263363,10.325279626368975,7.007082
2021-01-08,9.596673786161222,6.70893680805814,6.873624287625558,2.2747900193575985,6.768475828029477,10.628352868861883,7.2077055
2021-01-09,9.502753382988919,6.8414834752054325,7.012751838718709,2.976738132513499,7.003723146996284,10.521790701886324,7.2677264
2021-01-10,9.022263453446241,6.599837235616384,6.772657266875635,3.0888141149921022,6.785391768795001,9.976625092898853,7.6470804
2021-01-11,8.395930370058199,5.51773360824065,5.687895237472205,3.0858137137408748,5.85170220215813,9.265984792549332,7.429036
2021-01-12,8.070297167199248,5.308250331048084,5.4773966505095215,2.9784994282318085,5.623251066275254,8.896519935042976,6.4614058
2021-01-13,8.843067290633446,5.754608977644772,5.9282221180496855,3.1966636820357164,6.097379420228784,9.773307695588947,6.197646
2021-01-14,9.24192396256715,6.179866487158553,6.349781385789403,3.4673690983843546,6.510885188127378,10.225851978058044,6.7721
2021-01-15,8.695872595767495,5.824767706209873,5.993594480122828,3.2971143635206555,6.145324183607912,9.606299616521753,7.1747365
2021-01-16,8.523628500814256,5.968183304724878,6.1267026149252315,3.4561123207346967,6.262134329272085,9.410870592957064,6.76293
2021-01-17,8.480565452463898,5.9289200631338,6.080812013800209,3.4544755776376266,6.216872898970653,9.362011206982125,6.819991
2021-01-18,8.66582465349022,6.15156692154842,6.313922304603591,3.648891254659467,6.414882006722941,9.572207052673592,6.7926064
2021-01-19,8.502974758440397,6.434392000503575,6.572805170007039,3.6468384042640203,6.64400963926355,9.387436794164243,7.0214777
2021-01-20,8.407563340973079,6.400288549593888,6.528146815652885,3.5748489296487573,6.595240633950493,9.279182470476657,7.182539
2021-01-21,7.337067267151626,5.279564779702544,5.436396328499725,3.0330110757967863,5.518451517232993,8.064593111019276,7.137229
2021-01-22,7.329948181845596,5.71399927972363,5.852726437648106,3.1782904420580804,5.933509781934909,8.621028931588443,6.009466
2021-01-23,7.329948181845596,5.672481606046071,5.803476919650759,3.1754866733976104,5.881055398539478,8.392880092024743,6.4926634
2021-01-24,7.329948181845596,6.131423907435402,6.211939840965333,3.5623184137204427,6.262371014463139,8.439023579698047,6.422333
2021-01-25,7.329948181845596,5.892753796739594,5.999916773331337,3.3765214862835564,6.061055113656652,8.432047403315336,6.782279
2021-01-26,7.329948181845596,5.9987862893215675,6.078862690605397,3.4987324895078276,6.130243930945945,8.497113605057509,6.5869417
2021-01-27,7.329948181845596,5.3997821898425435,5.4762694477600595,3.1883297503515826,5.53761226769678,7.9472879961082725,6.674077
2021-01-28,7.329948181845596,5.789686730746231,5.859848114218154,3.413714998090296,5.937291030062616,8.752770815396909,6.1026425
2021-01-29,7.329948181845596,5.919939949517796,5.968574620394568,3.527788485004465,6.04584400888736,8.954835817190787,6.627799
2021-01-30,7.329948181845596,5.919964025167135,5.968414601730609,3.5281061819460784,6.072161923554221,8.968824332156377,6.781757
2021-01-31,7.329948181845596,5.672164378709636,5.735990283913922,3.3666731794005447,5.835981857854657,8.66096780070166,6.7907286
2021-02-01,7.329948181845596,5.8552686079408085,5.893746493538628,3.5149099757431403,5.998108117573335,8.76432402412479,6.5217133
2021-02-02,7.329948181845596,6.378179834060161,6.385282627755771,3.8547597908565443,6.4708475637751155,9.281686741224243,6.7089143
2021-02-03,7.329948181845596,7.013450771917826,6.99727479769744,3.85150005348199,7.059342845498933,9.847720162527049,7.2218857
2021-02-04,7.191170294181728,6.648915107924522,6.623354557982098,3.6386170357180765,6.693864686455699,9.663885310495441,7.8125825
2021-02-05,7.4381047608387005,7.132073434838647,7.079972574900105,3.8546324126629177,7.13342282212002,10.01319308513051,7.49178
2021-02-06,7.61435846667294,7.035068415051681,7.012792687020919,3.941856853635634,7.088496604032252,10.262517607061975,7.947894
2021-02-07,7.541560141088394,6.840542448794504,6.849691185045849,3.8346673305044385,6.8986419569617965,10.159538969894228,7.9578247
2021-02-08,8.941455212307165,7.688257678962591,7.756551613470984,4.155663071790972,7.788366522661895,12.13980061280527,7.74394
2021-02-09,8.953765812900981,7.742366806846034,7.801705231263104,4.151777897367082,7.884408634304182,12.157214493722568,8.7257185
2021-02-10,8.646184118249746,7.558747578808629,7.608297168203536,3.990708884308978,7.6927262657570274,11.722116164137777,8.937228
2021-02-11,9.227803520696458,7.877707124219658,7.953216451599291,4.261125857828432,8.037410178329594,12.544862997302037,8.733044
2021-02-12,9.11887235181422,7.98930987005238,8.028522687945447,4.621197646087806,8.167632980417668,12.390771113307636,9.107979
2021-02-13,9.086374156144512,7.907853099937953,7.958694268746467,5.323517273389038,8.222948902484571,12.344800223503999,9.371016
2021-02-14,9.353956683561782,7.736909745435199,8.039346543874046,5.732317661099237,8.216831897911293,12.72331722597782,9.708176
2021-02-15,9.216433338263734,7.578217406203466,7.896165502240454,5.725566464127547,8.079858991645423,12.528779702104666,9.762315
2021-02-16,9.4422773218022,7.579873555194401,7.884592002806607,5.72434276988392,8.080504962924792,12.84825387047912,9.609462
2021-02-17,9.998656276106395,8.186236480095861,8.431074986957286,5.938268218850138,8.62303174511784,13.635296355433779,9.693414
2021-02-18,9.893658552333871,7.903681101716149,8.170584773839026,6.205988076592788,8.397896154403638,13.486768871520582,10.2816105
2021-02-19,10.703261155072287,8.17985735531221,8.431538667032981,6.261096199416115,8.67704959015401,14.632016100888107,10.29769
2021-02-20,10.692168118129866,7.809432797064994,8.049553819313825,6.13212363732187,8.313484592561268,14.616323755644219,10.740447
2021-02-21,10.981441610561292,7.938101661449443,8.208599983004776,6.124899231054305,8.466733831780113,15.025523279732784,10.505609
2021-02-22,10.363031866010479,7.356854261030384,7.645189414671094,5.6471060444853025,7.826871203622839,14.15073419371789,10.702002
2021-02-23,9.394474776857013,6.447248018647243,6.76257173918923,5.043407704894021,6.857394217247866,12.780634006952129,9.87824
2021-02-24,9.54927568958282,6.562080606666648,6.879556310130883,5.186103542365793,6.9851055036648555,12.999612195456969,8.692895
2021-02-25,9.05423105313425,6.2253234626381015,6.533998660429707,4.75720508092878,6.668137222381954,12.29933286952105,8.893906
2021-02-26,8.918932089089068,5.999984777443104,6.3201342276763155,4.644660034527513,6.459372542003792,12.107941673811846,8.373222
2021-02-27,8.892058359059716,6.025036798673073,6.340745637552303,4.64004526600496,6.480955779785849,12.069926676110914,8.149894
2021-02-28,8.881527191294891,5.851714399654353,6.16931428113221,4.426870713992791,6.299924825873473,11.82189312809301,8.182469
2021-03-01,8.881527191294891,6.291426637805649,6.636236097050025,4.793509515108209,6.787222380631722,12.973887500599474,7.951823
2021-03-02,8.881527191294891,6.333106837417079,6.6611795607298765,4.942550414572899,6.787392818526507,12.679123365236313,8.694529
2021-03-03,8.881527191294891,6.456539576774058,6.800690575538586,4.9725952096608435,6.947023675497744,13.162225225102729,8.511732
2021-03-04,8.881527191294891,6.208986144716306,6.546416632592234,4.825648449140222,6.705329738910746,12.6417266029076,8.867294
2021-03-05,8.881527191294891,6.225486186146298,6.566990222020554,4.756180939680772,6.715775172359725,12.746519643992173,8.590622
2021-03-06,8.881527191294891,6.499320016212247,6.821479382497114,4.78522437126143,6.894860022518636,12.783208057231198,8.581688
2021-03-07,8.881527191294891,6.781258005453882,7.106598271052894,4.928893639015141,7.178555492670935,13.323907100082009,8.854533
2021-03-08,8.881527191294891,7.0948372082297135,7.4082794879499225,4.926920852324879,7.464786054095631,13.699385962682955,9.232929
2021-03-09,8.881527191294891,7.314299729076996,7.646222961759642,5.145780417423069,7.714955344733214,14.353092287837791,9.565504
2021-03-10,9.021967060039797,7.198301754542264,7.561598040645158,5.232787984054606,7.632529229560717,14.607741971325996,9.935538
2021-03-11,9.31766513561934,7.373555994130825,7.747347871075012,5.40467348586968,7.806679885315361,15.110807077044894,9.825867
2021-03-12,9.227092923628518,7.210397222097332,7.591003525512068,5.35202501976779,7.69245515285053,14.956718819163019,10.031212
2021-03-13,9.83431807314894,7.50873322762458,7.915883440145269,5.704997217288824,8.12876849951533,15.989779112425246,10.019551
2021-03-14,9.495447165173315,7.178112683593586,7.582157039480497,5.69979071909197,7.790646202056401,15.413265265670123,10.721469
2021-03-15,8.982862346834356,6.878030315122716,7.265956611342648,5.412551777140846,7.449973521160576,14.541215681149419,10.260856
2021-03-16,9.18118900841246,6.970874709468396,7.366813287168818,5.458395851498176,7.547334300966968,14.878624398718891,9.7689495
2021-03-17,9.488202084337116,7.118136226749829,7.52482044801228,5.584663311929923,7.724156837106418,15.400940133201647,9.895627
2021-03-18,9.291468704430518,6.9500344148863435,7.353225254318771,5.454673415735839,7.542135170971036,15.066241814953472,10.126545
2021-03-19,9.352107024497998,7.038523542320713,7.4416727134080825,5.495521557997109,7.627347098690773,15.169404325778762,9.872285
2021-03-20,9.363942316823977,7.036834392651949,7.440593931494258,5.488740120067402,7.629398345755102,15.189540123895393,9.967753
2021-03-21,9.248202855590334,6.950046562610773,7.35143362544508,5.415078102395987,7.5301470688273,14.99263453998173,9.977925
2021-03-22,8.748415299641167,6.563209030429571,6.95471293551656,5.123240844942165,7.133717816794033,14.142356587993532,9.827077
2021-03-23,8.784589694804435,6.54986004434723,6.9436304503406525,5.144363892422708,7.124602904931722,14.2038986918668,9.3011265
2021-03-24,8.466676891949612,6.261612287565897,6.648863744978966,4.958727416703723,6.8085022009620095,13.663039954415703,9.294316
2021-03-25,8.456118336734173,6.220317644050972,6.602253521544856,4.873403340339629,6.756178094402777,13.414445376845437,8.843108
2021-03-26,8.456118336734173,6.654551545769242,7.053754857733465,4.8684182888696785,7.218328824969242,14.393883174838432,8.750292
2021-03-27,8.456118336734173,6.725391726896241,7.127926239221798,4.808385996273269,7.284201900847732,14.598814702850865,9.380699
2021-03-28,8.456118336734173,6.666453165153711,7.070069639586119,4.776894410881718,7.228713802272778,14.578504364474147,9.453484
2021-03-29,8.456118336734173,6.935398592690486,7.345105265677491,4.970956441401821,7.551629058697144,15.058016890298248,9.391539
2021-03-30,8.456118336734173,7.043035516088133,7.457706348891219,5.037865161471846,7.66804883135645,15.36459082826987,9.877135
2021-03-31,8.456118336734173,7.199734922435822,7.610032700621717,5.1785280776392115,7.821956260555968,15.368129483250556,10.034918
2021-04-01,8.438039116386554,7.291417483349313,7.696381955736077,5.176141909161339,7.922947288239335,15.348914301651288,10.222972
2021-04-02,8.47281714878806,7.752559749241396,8.154476004968851,5.38369288247228,8.326124753837009,15.41544705915249,10.386107
2021-04-03,8.215054542564596,7.219398406626611,7.599140697589945,4.991741878998809,7.7702139737549905,14.922334601187083,10.833231
2021-04-04,8.368288793695442,7.404609019178733,7.780665250564355,5.159582201505188,8.013907373700937,15.215479943489264,10.246519
2021-04-05,8.49221465279618,7.937884261913851,8.392776662101667,5.624781561218867,8.627323801932533,15.45255614326088,10.560542
2021-04-06,8.341516427721036,8.03587180511548,8.49864477805774,6.004362589808813,8.746665632716912,15.164262886457507,10.98837
2021-04-07,8.059499336611303,7.486020304058255,7.935703099342251,6.002004320935992,8.17875650806562,14.624749456299392,11.084094
2021-04-08,8.350140090396563,7.86726096020415,8.323961411361898,6.334698090084655,8.56627425309101,15.180759982253392,10.429677
2021-04-09,8.351448662763689,7.770408826824764,8.22157134290225,6.290410637652855,8.462095164959354,15.183262780221238,10.900927
2021-04-10,8.581780881100572,8.137349591624579,8.60758689113272,6.485002639468907,8.895175611989087,15.62390024442499,10.810965
2021-04-11,8.610014984315411,8.156777889676915,8.636133004072736,6.535674768868358,8.959306398880228,15.677913151821345,11.418381
2021-04-12,8.590144643799427,7.919955698470155,8.392226219081605,6.499368339781758,8.725990312853122,15.639900519022806,11.459428
2021-04-13,9.102254332939012,8.714758549279573,9.21548742649946,6.96920361687926,9.554501287532752,16.619592454327133,11.3269825
2021-04-14,9.018038735365783,9.286396501616437,9.808743378503399,6.9627900023251,10.130398148098397,16.45848344446552,12.212828
2021-04-15,9.053182869171792,9.691244932755056,10.223513695728428,6.983196038942328,10.534979138509678,16.525715439594094,12.634449
2021-04-16,8.807023436033994,11.391230940339824,11.944609896843424,6.793935519362331,12.100687611403162,16.05480017637092,12.963544
2021-04-17,8.62006996472692,10.638714887788181,11.225479938645034,6.650195705430222,11.405819790692325,15.69714838885637,13.262842
2021-04-18,8.103034984243044,10.107324085523757,10.657924158016003,6.2526715975784075,10.83406385309444,14.708033999642803,12.708832
2021-04-19,8.024125188657566,9.437124523000703,9.992051932513592,6.192001532157438,10.201184743404948,14.557075424477382,12.047209
2021-04-20,8.133758150068113,9.704567848100714,10.245082643750644,6.1861510554748955,10.478657891521282,14.766808450004662,11.616513
2021-04-21,8.123088757572953,9.475422769908546,10.021117094733825,6.243347203489741,10.253736171729646,14.061539373032721,12.066854
2021-04-22,8.123088757572953,9.078379351162038,9.632541833312157,6.351148292851591,9.885331832496876,13.512868975874701,11.856352
2021-04-23,8.123088757572953,8.824452353541744,9.36110513664065,6.275702848982775,9.623770492539157,13.378445166020517,11.655276
2021-04-24,8.123088757572953,8.179917870371504,8.701125068621756,5.8893274835264435,8.973065256987748,13.091437074746946,11.450031
2021-04-25,8.123088757572953,8.094799720008139,8.616403289362152,6.155024836535823,8.906349297435414,12.838398780243146,10.829637
2021-04-26,8.123088757572953,8.92116959890849,9.463112413668803,6.149852982270734,9.802039728635659,14.127597092206607,10.937132
2021-04-27,8.123088757572953,9.359974374050834,9.916025097924196,6.428174814894014,10.253553242950584,14.393147363086811,12.022053
2021-04-28,8.123088757572953,9.60502479065746,10.170769041171338,6.567712812715084,10.487202900766034,14.347254944163376,12.521254
2021-04-29,8.123088757572953,9.446808839635207,10.022478271114919,6.358440655150043,10.331076355392977,14.003816338550521,12.694831
2021-04-30,8.123088757572953,10.123159361501957,10.680294222355112,7.158186316092713,11.011631064426105,15.106445128882912,12.540213
2021-05-01,8.123088757572953,10.440623475840734,11.036169782725713,7.2147164317089905,11.353237149975943,15.122260005573043,13.191145
2021-05-02,8.123088757572953,10.268381600542783,10.876038161685106,7.206978964268917,11.177914602519467,14.799716636940593,13.583846
2021-05-03,8.123088757572953,11.2628701067181,11.94219559917327,8.317454494046869,12.221542964763334,14.953274621369717,13.386519
2021-05-04,7.579783522135843,10.59672718392286,11.260750559968663,7.867585015126254,11.573691122835582,13.915453003340616,14.636896
2021-05-05,8.156235624665385,13.8640072057155,14.568756036434658,8.540046865156233,14.773223552358283,15.0324570920201,13.975288
2021-05-06,8.011233883271482,14.11244330888831,14.754749437878443,8.453728015215153,14.9258377811305,14.751483594557762,16.098652
2021-05-07,8.137986063182213,13.160930499454862,13.95803629436858,8.435058710976426,14.193037752449055,14.997093469541584,16.031204
2021-05-08,8.350783105113814,14.162458522651557,15.062549148865841,8.42695396360823,15.228289869458651,15.409435377650235,15.719108
2021-05-09,8.263719782996894,14.354565930168775,15.24228767571235,8.33130088129136,15.468400543016688,15.240731006154308,16.769617
2021-05-10,7.933778227916857,13.78253327825846,14.732174670717717,7.999149593745559,14.916519356847246,14.601396158579456,17.138918
2021-05-11,8.053388542022113,15.423023531815756,16.350195975013875,8.119560979405,16.409265807247124,14.833166948691414,16.590069
2021-05-12,7.074901819258437,13.088019711503714,14.09851561508862,7.134520993357814,14.135126348831866,12.937132091081896,17.633924
2021-05-13,7.100710009059234,13.063614577420998,14.05073426282351,7.160502029512782,14.110707258197275,12.987141864135722,15.364457
2021-05-14,7.092952923807507,13.852585568202988,14.90667026072554,7.152692992383952,14.905563377737195,13.040295801191949,15.276881
2021-05-15,7.092952923807507,12.468744710371574,13.470187524326434,6.4810450337693615,13.509574982291102,12.225375248654526,16.1199
2021-05-16,7.092952923807507,12.349115296926861,13.3396660428201,6.463245694456885,13.378396646242825,12.140504823477263,14.64456
2021-05-17,7.092952923807507,11.321709679573525,12.270268864835536,5.945864726608884,12.341640127766823,11.390318554820459,14.464561
2021-05-18,7.092952923807507,11.594179797884014,12.558025759252159,6.06464798134072,12.618734696676722,11.201261525475287,13.402231
2021-05-19,7.092952923807507,7.920234584192865,8.753822319013198,3.994390485508593,8.870069442057385,9.600310938043162,13.67553
2021-05-20,7.092952923807507,9.138470017830205,10.061146368574738,4.648197481209416,10.163519024642987,10.617424950614202,9.906575
2021-05-21,7.092952923807507,7.867713222663272,8.709793496692638,3.958478035454982,8.823685906046208,9.759486420191532,11.219834
2021-05-22,7.092952923807507,7.32399851984575,8.124606225675487,3.6517035179418427,8.266007765961605,9.795047560003951,9.864445
2021-05-23,7.092952923807507,6.752546951787015,7.508618095340025,3.248027628333142,7.5363796825821,9.084622963775956,9.420642
2021-05-24,7.092952923807507,8.008228385614155,8.863102315234299,4.300170647944355,8.999201461530935,10.161408480205722,8.504414
2021-05-25,7.092952923807507,7.920145400668784,8.748048465475332,4.299359085493155,8.931020675598667,10.026349552680557,10.539038
2021-05-26,7.092952923807507,8.287371325715572,9.123084751226802,4.549585682279679,9.340996816289463,10.269788839048715,10.53998
2021-05-27,7.092952923807507,7.993418769801559,8.825763881641265,4.465968134507877,9.047273601354703,10.077333625373676,11.154659
2021-05-28,7.092952923807507,7.210660171485523,8.008677640390367,4.117948983146701,8.21859968848193,9.325547306265648,10.762805
2021-05-29,7.092952923807507,6.905774937975831,7.687128285229544,3.909443501331125,7.870989506684717,9.050424134974822,9.688249
2021-05-30,7.092952923807507,7.168480362601117,7.96769451503582,3.961314864284077,8.150145673003633,9.32266485396546,9.18929
2021-05-31,7.092952923807507,7.817306829329233,8.642851928035789,4.194196917943497,8.836833220758761,9.743424636959954,9.534602
2021-06-01,7.092952923807507,7.649016564948288,8.467119589083607,4.129570335838915,8.656765231248857,9.588094599862307,10.470829
2021-06-02,7.092952923807507,7.843582190899334,8.674512446759396,4.125481583629622,8.861719431279434,9.821468000933223,10.228798
2021-06-03,7.092952923807507,8.231105618682937,9.084695541343022,4.239442938088349,9.267076369431607,10.258111136210976,10.474467
2021-06-04,7.092952923807507,7.75314265171638,8.573401102666343,3.9734112924203044,8.732363646604444,9.632922866787984,10.963137
2021-06-05,7.092952923807507,7.537962118929957,8.336446852566462,3.849858478234487,8.487902268646744,9.28870002204854,10.27915
2021-06-06,7.092952923807507,7.6894951481170875,8.48750153933238,3.8861944159224957,8.638291604816802,9.35691409000335,9.987079
2021-06-07,7.092952923807507,7.3014954963181795,8.062760338857498,3.5515346197678768,8.176538074855523,8.77549396585577,10.20083
2021-06-08,7.092952923807507,7.154487521094079,7.919937383156276,3.548241599018768,8.042758618608246,8.730074033339847,9.600643
2021-06-09,7.092952923807507,7.67763632309663,8.52022092582003,3.682130095637707,8.647676356400623,9.775977241960673,9.41815
2021-06-10,7.092952923807507,7.393409733975097,8.227664544184393,3.4944782609279623,8.347906085700123,9.590459820100085,10.051891
2021-06-11,7.092952923807507,7.2685626494542275,8.112348521185048,3.338209038965863,8.213448033484857,9.758879777015252,9.645009
2021-06-12,7.092952923807507,7.132866471264999,7.955935541646676,3.3599996228072886,8.069334645867142,9.293363297936459,9.377007
2021-06-13,7.092952923807507,7.527434569873417,8.38283038766654,3.5463887011043496,8.568339690083572,10.197132766158182,9.285005
2021-06-14,7.349463817159515,7.765481092134464,8.642465741665664,3.5430029195653896,8.852038776860594,10.595510535333194,9.9168
2021-06-15,7.284335440678277,7.615930164124424,8.485561935595227,3.508454543555849,8.709433164653232,10.49695151519215,10.281167
2021-06-16,6.97149430633092,7.181027396858377,8.019578974459794,3.3580569167679677,8.303851502290508,10.023526139143168,10.116363
2021-06-17,6.927310339224948,7.167419319516087,8.00318027858988,3.336815580302817,8.290151854642732,9.956662068764128,9.529249
2021-06-18,6.538132921391963,6.757769872882221,7.558170155452294,3.1497194678826164,7.8217903681373855,9.367716799153566,9.536619
2021-06-19,6.476472229374854,6.619336688316273,7.4105563435140125,3.1200762377338123,7.667854725104031,9.274404887568178,8.967817
2021-06-20,6.493914547300062,6.748502140183413,7.547377951823986,3.1284615903413067,7.8039721873071874,9.30080097338965,8.758783
2021-06-21,6.487769890037948,5.8528904088637725,6.580175855493224,2.798338684403045,6.7596810136794225,8.261632649835915,8.940977
2021-06-22,6.487769890037948,5.9273915875246335,6.664302587044809,2.7957141300118464,6.818376102593241,8.504320708964112,7.5621166
2021-06-23,6.487769890037948,6.160865882479789,6.921552296562309,2.8868800579563123,7.101823476534878,8.804883266369192,7.559313
2021-06-24,6.487769890037948,6.276307328333406,7.049355176708405,2.9657465396163594,7.244135590295158,9.057418573103678,7.931414
2021-06-25,6.487769890037948,5.784514656173819,6.511432757246229,2.715983922574743,6.670069305084847,8.257662102992576,8.104073
2021-06-26,6.487769890037948,5.885342552634626,6.622152721802515,2.7715332770798584,6.782309210027216,8.435534491161869,7.4087067
2021-06-27,6.487769890037948,6.231826778388577,7.003514745540364,2.970207437539602,7.1745171761705215,9.07170246439524,7.526088
2021-06-28,6.487769890037948,6.328673084222944,7.108626948501755,2.952575874802315,7.305437522608782,9.015245266865422,8.069547
2021-06-29,6.487769890037948,6.600769261187605,7.404372900755143,3.0677512788912806,7.60955496600679,9.384045029830133,8.326633
2021-06-30,6.487769890037948,6.531546418057893,7.326833481318844,2.99883836104853,7.557449095225616,9.163381019969773,8.670964
2021-07-01,6.487769890037948,6.145464543923953,6.909368629818871,2.995976652465558,7.160274709534109,8.759865368503547,8.833407
2021-07-02,6.487769890037948,6.241766747222151,7.013427981530711,3.018108354941122,7.253397895358479,8.835375615829026,8.291508
2021-07-03,6.487769890037948,6.421100382114969,7.208755057235077,3.092606383346727,7.450536594638177,9.064627937136846,8.4014845
2021-07-04,6.487769890037948,6.61320965375061,7.4154186789150724,3.1437266525490766,7.670459676432348,9.22193991727567,8.642163
2021-07-05,6.487769890037948,6.292525974805464,7.067991108851035,3.0090003051084846,7.312018360081652,8.807348229816633,8.941127
2021-07-06,6.487769890037948,6.5193372982438,7.3100819625464935,3.0538405220294083,7.545523064727502,8.945334716782275,8.495556
2021-07-07,6.419089766074292,6.481872353315025,7.26749542225775,3.0509326398509833,7.500206995560377,8.85459701587667,8.790189
2021-07-08,6.238539460790637,6.104279558931097,6.868231114195591,2.9463475800856957,7.101799380007021,8.592551923904564,8.741249
2021-07-09,6.409311962672844,6.230911548937636,7.008659528220563,3.0261913548879957,7.248894303644685,8.840405725343267,8.212788
2021-07-10,6.403218767616316,6.1505433225548485,6.921320497653106,2.9856420330382494,7.161007931368419,8.759668045953893,8.381395
2021-07-11,6.403218767616316,6.25917748205629,7.041259075749382,2.99066081244455,7.274069681339972,8.95409080530467,8.273029
2021-07-12,6.403218767616316,5.983868240351941,6.740547140229634,2.8866929227876073,6.985445850427745,8.648785163946549,8.386157
2021-07-13,6.403218767616316,5.846160916172269,6.588767937696128,2.801887281495703,6.785120528905219,8.555489083703803,8.054989
2021-07-14,6.403218767616316,5.90896799355743,6.659453499869363,2.7995200179653756,6.855066017235413,8.57698640470227,7.8182473
2021-07-15,6.403218767616316,5.683973071668243,6.412723026690006,2.7316810846826654,6.6088609005481125,8.3292901935481,7.92678
2021-07-16,6.403218767616316,5.515050845496625,6.2271759365719825,2.6314359435039583,6.418634679708856,8.203674278842005,7.657032
2021-07-17,6.403218767616316,5.5552643202276055,6.271150419533872,2.6197661793981366,6.450084666414011,8.241793954921159,7.4711266
2021-07-18,6.403218767616316,5.5498181035998195,6.265394603854559,2.632289786311254,6.448234004861657,8.308268814301405,7.5151396
2021-07-19,6.403218767616316,5.358320046315338,6.0551110647738495,2.4995402479195388,6.203305367874022,8.060961721095019,7.512211
2021-07-20,6.403218767616316,5.2240270857059175,5.907903685068106,2.406752290127605,6.038313278444319,7.78761037447039,7.2192955
2021-07-21,6.403218767616316,5.723221562988904,6.455163076197883,2.4044828542943586,6.595353495688544,8.39894546822301,7.0101757
2021-07-22,6.403218767616316,5.777207242267729,6.513368443086858,2.4117938527678238,6.664701016378941,8.438816541759357,7.713206
2021-07-23,6.403218767616316,6.037374162616916,6.796991422881559,2.508379855068297,6.9454067319444714,8.794144642199976,7.821066
2021-07-24,6.403218767616316,6.177570640242341,6.948716053789016,2.553546151936901,7.093338487438253,8.960306075854291,8.158291
2021-07-25,6.403218767616316,6.284423082823429,7.069389234124492,2.6349094260049597,7.206137506411082,9.259632096455622,8.340159
2021-07-26,6.7121241271505045,6.489957559845822,7.2960548696557685,2.765240412190014,7.44348461766693,9.739104542150717,8.435631
2021-07-27,7.091189796582333,6.780376013418584,7.612247587632823,2.762592557184702,7.760259891221395,10.316118594607746,8.701381
2021-07-28,7.188135673527637,6.827788007522594,7.66356316126063,2.810979172799712,7.83023212080574,10.463689395283582,9.05392
2021-07-29,7.188880828044191,6.947440300959616,7.7948725388102265,2.9526188735372956,7.97362900684741,10.464823253685395,9.1572895
2021-07-30,7.566366313820754,7.248952634739843,8.120880295033075,3.027044980586819,8.296890054344757,11.039431148056787,9.370768
2021-07-31,7.438803372495466,7.286738707124699,8.162720333688148,2.9894660298584217,8.326611432090186,10.845254943149396,9.731312
2021-08-01,7.158999528294863,7.1804020840868565,8.043570804077245,2.8862938645578025,8.19143537104169,10.419337393319475,9.793167
2021-08-02,7.036092628962298,7.195799788141096,8.053988246452501,2.9751453173339164,8.216169926980028,10.232248820952194,9.656894
2021-08-03,6.8715778038071145,6.9713094026476785,7.814715495835607,2.9725666799190607,7.984237002836693,9.981824509828353,9.745867
2021-08-04,7.134446318086041,7.411911178953461,8.283124049145057,3.052745605441469,8.431611828894287,10.381963375724697,9.457198
2021-08-05,7.334705756027199,7.660923028469155,8.549189871417468,3.0741592246734726,8.681120429109498,10.686798203054957,10.021304
2021-08-06,7.674817483814629,7.919673612907778,8.836184583429969,3.165931611794344,8.963715973390634,11.20451617415959,10.315612
2021-08-07,7.978343533322154,8.45754614296901,9.398891918246873,3.3282669046009574,9.522554942799301,11.666543413281946,10.623062
2021-08-08,7.839575104590868,8.174989502738034,9.10812825325879,3.20243680226862,9.217502898994184,11.455309863387708,11.370835
2021-08-09,8.261330548841897,8.595578281954277,9.560944109473779,3.1979538777463925,9.708092622688971,12.097305586652505,10.932184
2021-08-10,8.1428878695473,8.508216031433994,9.46434187598483,3.1996924403277083,9.617476606931115,11.91701212281487,11.579976
2021-08-11,8.135646926108313,8.53418300972234,9.489528162617363,3.345097957061303,9.677109354699088,11.905990253804559,11.489325
2021-08-12,7.941393661610667,8.245098175370833,9.178784979508643,3.272010078516451,9.38094875858053,11.610298002418318,11.616557
2021-08-13,8.527150840823213,8.9299464948034,9.91486036072721,3.5208071181838445,10.182639353398283,12.501936925075562,11.252694
2021-08-14,8.402840824255156,8.827874955866283,9.8105403272755,3.7129004233730063,10.111006159472174,12.312712035133623,12.246095
2021-08-15,8.38650175208795,8.947322919986716,9.939758456812056,3.7083694699009957,10.22933562935137,12.287840339444024,12.144994
2021-08-16,8.195565800136546,8.54106720071706,9.504596038256603,3.62152663662473,9.793383378993674,11.997197875637085,12.258459
2021-08-17,7.984222272599918,8.149006632259088,9.077260847802709,3.529292304668483,9.359521175866652,11.675490902973495,11.760048
2021-08-18,7.990472583076754,8.11521067001858,9.03598510918974,3.5320200589464097,9.316446749759422,11.685005432179382,11.280799
2021-08-19,8.343813989387158,8.544794568220274,9.498992748661477,3.686224963839334,9.778462257554441,12.222861181010991,11.26078
2021-08-20,8.786205720015621,8.866392189468103,9.851820710734914,3.879293122647332,10.15199419018847,12.896268996944169,11.848467
2021-08-21,8.704582795442223,8.66773330210414,9.632721871243685,3.876163889714579,9.946201395870842,12.772022266624964,12.345908
2021-08-22,8.776286646977534,8.798794407523452,9.759141933109815,3.853739023948829,10.029296055868658,12.881170379428639,12.133012
2021-08-23,8.814382084768477,8.839335749476158,9.801248095621618,3.88757370905245,10.123665691098148,12.939159084850175,12.237215
2021-08-24,8.501191159848224,8.309971765264484,9.243511055332938,3.6631540905456594,9.561349269298264,12.462420028295188,12.425749
2021-08-25,8.725239873709855,8.513237815280961,9.462725380268655,3.7378517773253592,9.774914378828583,12.803467139920325,11.827143
2021-08-26,8.358511172934632,8.089559205760036,9.01154354881555,3.493273011482911,9.300245148424242,12.245232628208285,12.086365
2021-08-27,8.740734526852453,8.480526957014519,9.431782866765808,3.4910585211171523,9.740028630077937,12.827052143439028,11.52249
2021-08-28,8.717618639892033,8.455574435598246,9.405110990948556,3.4600682752086978,9.71936898984999,12.791865171965483,12.145725
2021-08-29,8.69351815632468,8.488592511821048,9.450731355333565,3.438267516463099,9.730324834224964,12.755179669868525,12.097553
2021-08-30,8.382934266153164,8.16114898162743,9.095231915303945,3.4408496308915044,9.379576561110438,12.282409323932184,12.057345
2021-08-31,8.403330439734082,8.194091153961002,9.132134531834899,3.6445998430071893,9.450608766590008,12.313455739178272,11.835121
2021-09-01,8.699919375682008,8.775480332818578,9.78428271930616,4.048778993198769,9.986352157757091,12.764923731772557,12.268915
2021-09-02,8.775383876519136,8.770318914959942,9.77517376177174,4.044800442611056,9.989128075532687,12.879795153537382,13.25988
2021-09-03,8.903408934371791,9.003029974764086,10.03085858106295,4.665536084830539,10.337648714824676,13.07467468538137,13.248212
2021-09-04,8.88932611764445,8.912373720369711,9.93181833563414,4.641239867690495,10.251254552104662,13.053238168347152,13.923205
2021-09-05,9.206318604940783,9.406799259237093,10.458438149605618,5.06390909769495,10.794112596734122,13.53576372960085,13.800278
2021-09-06,9.362503930599042,9.11180212838651,10.15478309965959,4.795185368127046,10.533963837074948,13.773508286523246,14.310423
2021-09-07,8.365899671723433,7.7133697353293105,8.648799012127228,3.9341385162230225,9.000161717651178,12.256478132691322,14.25449
2021-09-08,8.22267708354621,7.810366346469825,8.754783610951359,3.9622046707152005,9.085218058108293,12.038465099824217,12.387878
2021-09-09,8.280993640616702,7.743633576312252,8.681852427221274,3.977285059312844,9.01916605147254,12.127234451928253,12.444177
2021-09-10,8.015106278021838,7.378416610165142,8.280048723290536,3.846169795799802,8.607717808706274,11.722500712504944,12.3259
2021-09-11,8.007220319845858,7.532758733481562,8.448870470148648,3.93832744203469,8.773826501569523,11.806236174359166,11.701188
2021-09-12,8.007220319845858,7.774008676437948,8.715705168193022,4.0304854078641315,9.03795464660595,12.029022619407042,11.884347
2021-09-13,8.007220319845858,7.570676324436424,8.491438095478019,3.9550834648759117,8.796993723272605,11.747662405332768,12.257824
2021-09-14,8.007220319845858,7.8120777644534725,8.759191120873929,4.033208033864711,9.085252696490763,12.317302911559256,11.874765
2021-09-15,8.007220319845858,8.136138626529185,9.115609607177166,4.030210362234702,9.435861243595202,12.584129098345972,12.3861065
2021-09-16,8.007220319845858,8.002913119878828,8.969978168074705,3.995297267152846,9.286851969173782,12.480901114452175,12.87072
2021-09-17,8.007220319845858,7.707710184085638,8.646503287366574,3.9595376158431583,8.968449255267094,12.363376683815938,12.69787
2021-09-18,8.007220319845858,7.776151503191045,8.721693142137863,4.039943011481684,9.054240212247166,12.627629864948986,12.270187
2021-09-19,8.007220319845858,7.541028795693826,8.463740042451578,3.955753920231438,8.788761148801056,12.350941787363064,12.43489
2021-09-20,8.007220319845858,6.769116002994269,7.615761188284844,3.618329040209399,7.911894307507806,11.241991379192132,12.073301
2021-09-21,8.007220319845858,6.404466555775314,7.217934478724903,3.614489126895613,7.467911435820266,10.642590616607567,10.8431225
2021-09-22,8.007220319845858,6.8956030387475575,7.757279581596541,3.8994270698214724,8.03895856863255,11.388912260619895,10.150918
2021-09-23,8.007220319845858,7.047564488556547,7.923585596203834,3.934344276902595,8.207706217285365,11.734561331519796,11.121762
2021-09-24,8.007220319845858,6.640025332864022,7.478451306909795,3.6663519967629945,7.738533959427844,11.199115652314559,11.385619
2021-09-25,8.007220319845858,6.621884534233292,7.4585730994445525,3.6895850789296607,7.717338340362193,11.161633775524447,10.654976
2021-09-26,8.007220319845858,6.806689989075844,7.662889066960496,3.5969255733358745,7.897745648434872,11.285129339656365,10.627733
2021-09-27,8.007220319845858,6.582456626591989,7.417317659770833,3.4944838264678957,7.644376247955374,11.022130758387483,10.893471
2021-09-28,8.007220319845858,6.36477252125732,7.178151387465605,3.39788434936951,7.399739824380101,10.722689659191037,10.497116
2021-09-29,8.007220319845858,6.451083958549735,7.272893208919654,3.4710471635583984,7.506698749284809,10.852349639520277,10.127069
2021-09-30,8.007220319845858,6.790566058507967,7.644148913946514,3.59298539451891,7.8880494432592805,11.454077091403033,10.298457
2021-10-01,8.007220319845858,7.460353456705849,8.37663821824192,3.8728657949405303,8.633565665070632,12.588740486133027,10.846774
2021-10-02,8.007220319845858,7.504901003239307,8.426840657786327,3.869102289379866,8.693148224765713,12.455950005202702,11.912022
2021-10-03,8.007220319845858,7.584029841191449,8.51271411376797,3.909402164836537,8.791673751092896,12.60657322094693,12.063634
2021-10-04,8.159142554980647,7.625597316191533,8.558014688243503,3.987409134190073,8.811522191460094,12.870955438750153,12.206745
2021-10-05,8.513739748129186,7.936796924336917,8.896322204827946,4.160801031612439,9.17492444859069,13.45861588953936,12.152355
2021-10-06,9.120202515707366,8.296596176068947,9.281615667570144,4.457350840855718,9.563644280495708,14.463684073291676,12.68156
2021-10-07,8.8770712234209,8.192525969192554,9.174486953934,4.3384638420106825,9.460168163622665,14.060751040963108,13.132271
2021-10-08,8.903250660150796,8.178511531386578,9.157930435657384,4.334903784513878,9.426947444031626,14.104137080690354,13.043288
2021-10-09,9.060716620797828,8.267742902171262,9.252638524242894,4.459232523541489,9.539370733277888,14.365100189281316,12.958664
2021-10-10,9.017858389121924,8.072035954320613,9.033476669298503,4.251067388319356,9.300720363941027,14.294072760111803,13.113131
2021-10-11,9.458951958246983,8.424364446345475,9.410169789037502,4.360257382741811,9.674937782148007,15.025081161030668,12.69154
2021-10-12,9.225175921188779,8.254759122477806,9.229870102802153,4.270462045443203,9.480989629373681,14.637652739598224,13.189269
2021-10-13,9.440007966838825,8.48679656060234,9.483131382896516,4.307525854888896,9.73317337919381,14.993685916023848,12.912607
2021-10-14,9.43877649342902,8.685737787175437,9.711153860140977,4.303430956064638,9.958790708596233,14.99164472047435,13.282878
2021-10-15,10.122576900023459,9.10207736885813,10.150298230178748,4.608379457960679,10.410043445087748,16.124883020216227,13.673418
2021-10-16,9.993577134133941,8.995969910873606,10.036705244800443,4.550079302717932,10.295267590673651,15.911096754687915,14.23004
2021-10-17,10.096037693172834,9.064686764974262,10.108894993030102,4.596385328601283,10.346131020318838,16.080901450039836,14.067698
2021-10-18,10.177304465459597,8.993456168096994,10.022112585480214,4.633113034327919,10.270363980171279,16.215581698809835,14.105303
2021-10-19,10.533838503230658,9.310586884633558,10.361656725471013,4.794245030250911,10.599659858106243,16.806452606916615,13.957825
2021-10-20,10.805631276453177,9.75097484017171,10.85195168870513,4.7896618685090555,11.12356696087594,17.25688418041456,14.404032
2021-10-21,10.202791467916045,9.341276802291059,10.421366923676151,4.667110333164379,10.68023195968523,16.257819417821302,15.26352
2021-10-22,9.963647217104443,9.135797120396287,10.200252995069944,4.577076249945186,10.461709784499659,15.8614940209118,14.674408
2021-10-23,10.060222700863767,9.396892462580148,10.488821148183176,4.792469658154304,10.746748641456858,16.021545846303344,14.366778
2021-10-24,9.989959103450705,9.269382080553928,10.350281690227629,4.698532109427641,10.593276278553946,15.905100110764948,14.838104
2021-10-25,10.341498250573098,9.590183363004959,10.695794471106344,4.849726535826387,10.929040682781581,16.487693099486634,14.571624
2021-10-26,9.90844652931777,9.282987367631167,10.367523256964416,4.845362931171535,10.62415364030395,15.770012527228852,15.039432
2021-10-27,9.611617082334426,8.628825648899856,9.656905434171946,4.697499797186699,9.995172198844866,15.278087903618026,14.684171
2021-10-28,9.948508533976609,9.16564455016281,10.236231040196365,4.860478703976449,10.595959838918,15.836406175844122,13.901627
2021-10-29,10.214256676335198,9.429518371401242,10.520368098296075,4.989040415803472,10.894247010857491,16.276820051466455,14.880655
2021-10-30,10.153648347932577,9.297294977968741,10.380794130811468,4.959719757599581,10.738642401713937,16.176375988901576,15.334247
2021-10-31,10.144512729282793,9.220928387172222,10.297860260207539,4.917854603444987,10.675793326189877,16.03295797208227,15.054816
2021-11-01,10.144512729282793,9.375018150778715,10.469095253305792,4.88778381466265,10.773742494790657,15.929943935810783,14.983984
2021-11-02,10.500107402722662,9.747098335512334,10.866471969453062,4.8836565056202454,11.16887514425225,16.535515184543673,15.051055
2021-11-03,10.447759808434178,9.9005140984985,11.039659101402785,4.854737474576914,11.337448313958618,16.44897711769465,15.774282
2021-11-04,10.212044943814798,9.72626472964725,10.84971891356554,4.745405704530012,11.135413364707807,16.05930893546674,15.847993
2021-11-05,10.142740982890503,9.578650410862522,10.688615100250203,4.71326040588137,10.984499488046508,15.944740541849702,15.55105
2021-11-06,10.227034307692193,9.595553268285167,10.703399180896929,4.752358230359212,10.993909763516157,16.084089146362402,15.383527
2021-11-07,10.506845236347248,9.798055162878518,10.923219487133458,4.882143104799453,11.223736636037676,16.546655344062895,15.476777
2021-11-08,11.178098360092966,10.615192880595892,11.830938321455168,5.193490852372081,12.133147926464195,17.656327205823917,15.834378
2021-11-09,11.081626910521042,11.271916371119136,12.546647578606708,5.188484822371982,12.860504785928404,17.496846644521582,16.783571
2021-11-10,10.760292769789983,11.119254956084513,12.375673110152,4.808744605792073,12.637648098573228,16.96563745560131,16.998743
2021-11-11,10.743753889453918,11.264495801891776,12.53708626158476,4.899048275795183,12.797053127285244,16.938296808625847,16.562914
2021-11-12,10.639455806928341,10.955957300984036,12.217286330606457,4.844385320442221,12.48956676084954,16.76587813137449,16.76568
2021-11-13,10.679315249638197,11.07761293751915,12.338905437009872,4.82550055759395,12.601436856760236,16.831771571157738,16.512848
2021-11-14,10.854018444082813,11.545421187000585,12.807916730510854,4.919443618484212,13.055524879829147,17.1205796633783,16.53587
2021-11-15,10.556720027168009,11.110819103528469,12.371302721941664,4.8261183696597865,12.624269711683148,16.62910483606983,16.781174
2021-11-16,10.000739440898279,9.988330966294523,11.18471321004682,4.82243862147781,11.439712491067068,15.709994119060935,16.373852
2021-11-17,10.039242053133963,9.935788838108671,11.125752517085834,4.799769205440452,11.445624946566351,15.773644199041371,15.070708
2021-11-18,10.029700399430201,9.056834755981898,10.183690336403044,4.296277525868597,10.500430149388501,14.871024849540413,15.227189
2021-11-19,10.029700399430201,9.524465421942333,10.689487931118416,4.57217404316263,11.018599108054431,15.19097512446921,14.154411
2021-11-20,10.029700399430201,9.833684478508308,11.022506592188213,4.748684435971686,11.340651699126434,15.619245185731026,14.964407
2021-11-21,10.029700399430201,9.55291269614316,10.713342909902533,4.6389617347684915,11.0327026511734,15.334477157626042,15.390831
2021-11-22,10.029700399430201,9.099902167293486,10.224693661069226,4.634758081650832,10.541546993310298,14.709714710760291,14.961661
2021-11-23,10.029700399430201,9.356178438975212,10.501590423616959,4.741058839028358,10.901255351017902,15.045839244725567,14.332136
2021-11-24,10.029700399430201,9.185280840693972,10.315184833887349,5.117419851883067,10.770935750303243,14.940198670895501,14.985496
2021-11-25,10.029700399430201,9.409173679553515,10.541630121442845,5.101537230978456,11.129655069190008,15.417083815167073,14.868927
2021-11-26,10.029700399430201,8.393866615644061,9.448475907103854,4.632567786625406,9.982535146205914,14.050261191779128,15.572887
2021-11-27,10.029700399430201,8.422957753927461,9.484573901644366,4.677607932491455,10.032135384072316,14.311984449538627,13.962561
2021-11-28,10.029700399430201,8.560297461967865,9.631556046066136,4.725492597308535,10.217712646289849,14.980582754532032,14.140154
2021-11-29,10.029700399430201,8.753249375940747,9.836002577416076,4.7767749623646845,10.430468854678168,15.11672330916386,14.744028
2021-11-30,10.029700399430201,8.883712047036964,9.956264613050196,4.775540809123652,10.564885404177627,14.894541783299449,15.131018
2021-12-01,10.029700399430201,8.849931880592294,9.92674355809491,4.722587704732067,10.533204727396852,14.9568855179328,15.441624
2021-12-02,10.029700399430201,8.726903760630504,9.794453476738228,4.651782837881791,10.384928399669612,14.772614282300758,15.370223
2021-12-03,10.029700399430201,8.22195687042944,9.253562155946776,4.360521771536353,9.80281349268213,14.018994360950714,15.123113
2021-12-04,10.029700399430201,7.826583476999424,8.79833657493887,4.268737844140247,9.25187361453716,12.869803409862346,14.178014
2021-12-05,10.029700399430201,7.926367194578758,8.899564744475734,4.34710652495807,9.31248108133483,12.933340773679566,13.391317
2021-12-06,10.029700399430201,8.15425316414287,9.140003058880408,4.3429936587097995,9.574816911019465,13.206553983604435,13.474507
2021-12-07,10.029700399430201,8.11494422821276,9.104264017595268,4.297269190424049,9.541331878095093,13.231623836151474,13.912051
2021-12-08,10.029700399430201,8.243352622235854,9.22577159855154,4.420757515417779,9.671023402125515,13.203971620495244,13.837642
2021-12-09,10.029700399430201,7.695538596032979,8.642646232986982,4.103840006024834,9.049146550624412,12.432623898587178,14.118188
2021-12-10,10.029700399430201,7.455196507639447,8.403530018924501,3.9094440412248077,8.805087570960787,12.328734979101691,13.106893
2021-12-11,10.029700399430201,7.804630706815024,8.785884105434098,4.089739910631434,9.2141009543343,12.91335361055068,12.643268
2021-12-12,10.029700399430201,7.894236148316077,8.885745013699914,4.08585371900139,9.310031892953399,13.091575146341588,13.279165
2021-12-13,10.029700399430201,7.30336885539575,8.24697210916132,3.7735177215300673,8.631495954808976,12.212938646694973,13.408774
2021-12-14,10.029700399430201,7.494441935379621,8.462751348540758,3.9021182441413935,8.867328004370233,12.641453895568253,12.331598
2021-12-15,10.029700399430201,7.696753442172762,8.6723554763944,3.995306886260427,9.085102442245063,12.776670576773006,12.663126
2021-12-16,10.029700399430201,7.545215842653833,8.501342626793742,3.915164467892423,8.900817056043227,12.449819876502689,13.050593
2021-12-17,10.029700399430201,7.361275029548539,8.29510617181491,3.7982551839209693,8.678816910874618,12.066212746080168,12.787513
2021-12-18,10.029700399430201,7.497570562513759,8.441104582663622,3.893815890225244,8.840887342371397,12.247326590653332,12.468993
2021-12-19,10.029700399430201,7.448316665938389,8.389925651743265,3.868146665510243,8.802446862080116,12.202301801709902,12.738855
2021-12-20,10.029700399430201,7.485686420573178,8.430867231023234,3.845611926482642,8.836985772993412,12.26473587845198,12.691299
2021-12-21,10.029700399430201,7.694181582840986,8.671823944030368,3.9109286205233755,9.078251887885829,12.784490227076047,12.738303
2021-12-22,10.029700399430201,7.636010726473642,8.609155475878996,3.907471989387987,9.021269584086907,12.704492368490994,13.038452
2021-12-23,10.029700399430201,7.924565160514058,8.930178519896765,4.074332663379974,9.36632317467449,13.288267522111973,12.954099
2021-12-24,10.029700399430201,7.85919935404065,8.86563627896227,4.075033689466234,9.295174282389432,13.290667410781941,13.459131
2021-12-25,9.940727151315551,7.7350486156980285,8.73498611383739,4.042725037849853,9.226551024313348,13.180092572946405,13.310911
2021-12-26,10.01070632128206,7.707364155355462,8.711765478270374,4.071246657055565,9.19587991917586,13.277705861263065,13.3528
2021-12-27,9.994963551445851,7.696998877189793,8.700117636414587,4.06483032935796,9.194964330684908,13.255746526381017,13.292813
2021-12-28,9.400122674801553,7.246526662439043,8.201807913484531,4.061154145578523,8.657066902946681,12.426002942605882,13.256656
2021-12-29,9.199289461428727,7.098502102975443,8.037784229877909,3.978822812064592,8.479830350704834,12.145860435469343,12.4429245
2021-12-30,9.321237557400625,7.1945532625715165,8.143563614409464,3.991740556150575,8.579169914530091,12.315965447814738,12.040907
2021-12-31,9.150573167770355,7.086770407495869,8.022744321693501,3.9791743901022674,8.456043612495593,12.077905606243396,12.260761
2022-01-01,9.141914551407178,7.312926869263719,8.272578678594893,4.110285107906097,8.716128677224448,12.475750740634844,12.116992
2022-01-02,9.141914551407178,7.307607244525225,8.261190124944891,4.134538628996261,8.710568142759005,12.362225621907129,12.455677
2022-01-03,9.141914551407178,7.127095029533264,8.066332257602717,4.018366893775706,8.515144369389606,12.14280833697345,12.554747
2022-01-04,9.141914551407178,7.021522867449495,7.951300382590448,3.9548329074588167,8.39966364382927,11.974242821593478,12.33233
2022-01-05,9.141914551407178,6.543445674695096,7.421213279982039,3.7123837808821825,7.848515909610888,11.352572290773173,12.295901
2022-01-06,9.141914551407178,6.513853979521766,7.3855876536556595,3.7082560173846004,7.8185029838922135,11.260500372888307,11.524918
2022-01-07,9.141914551407178,6.2897799242300545,7.138292311686367,3.579615525478743,7.550335811970186,10.863599188835632,11.250697
2022-01-08,9.141914551407178,6.1781007124027605,7.0265037664115315,3.4647113320786134,7.410692060370314,10.894874451717193,10.689878
2022-01-09,9.141914551407178,6.226680777973996,7.078228986602107,3.5008115032085896,7.469428972027432,10.944971916305608,10.43446
2022-01-10,9.141914551407178,6.1063578352772625,6.954822973195083,3.3830018088339204,7.3324845235666105,10.931263641054379,10.601263
2022-01-11,9.141914551407178,6.223162451048126,7.084750122195956,3.438296612037815,7.488136966555166,11.174166913740796,10.408029
2022-01-12,9.141914551407178,6.5470686891131935,7.434867808801021,3.5614771705093213,7.808696271183246,11.479159065585765,10.826044
2022-01-13,9.141914551407178,6.331367079458213,7.199140835426922,3.507239181818778,7.562740763243322,11.129266458724274,11.269087
2022-01-14,9.141914551407178,6.560312199186691,7.43982251778673,3.578206708165369,7.806146701470868,11.26231841982987,10.87221
2022-01-15,9.141914551407178,6.631079031775599,7.510706295395071,3.5748981698963007,7.880064114045406,11.264273206085143,11.118688
2022-01-16,9.141914551407178,6.578341198061082,7.452899395510976,3.542540023716193,7.837479522545266,11.265877859262556,11.186219
2022-01-17,9.141914551407178,6.628161471390637,7.4874462607317795,3.6505732552853964,7.849659487496743,11.034224255715436,11.214216
2022-01-18,9.141914551407178,6.403364417041546,7.273011611467781,3.428530257368489,7.642002271652317,11.073880393284544,10.915129
2022-01-19,9.141914551407178,6.227574201994213,7.086254368565201,3.306015853972128,7.4446637310888155,10.8921105677077,10.749605
2022-01-20,9.141914551407178,6.00532069858458,6.847571041054032,3.158906817461164,7.1978283928755475,10.629884612740424,10.491749
2022-01-21,9.141914551407178,5.353646025665718,6.129796023142918,3.1543156935995116,6.426465720342184,9.528493978046665,10.189291
2022-01-22,9.141914551407178,5.112966758182352,5.864319652021732,2.93270101450526,6.134166523560341,9.16506586923326,8.875636
2022-01-23,9.141914551407178,5.289538175659635,6.060855583091026,3.0360614416435725,6.3467994101879555,9.482892954063763,8.394232
2022-01-24,9.141914551407178,5.2511801147709845,6.023981590936539,2.9386971159435875,6.29031908266613,9.59027429810875,8.772259
2022-01-25,9.141914551407178,5.227672537359757,6.00053616855898,2.9309879256521665,6.269800011720576,9.66520174581208,8.570184
2022-01-26,9.141914551407178,5.196532201300076,5.9660374647563605,2.909287928822148,6.2354813565805705,9.628775517146506,8.609982
2022-01-27,9.141914551407178,5.217685280423022,5.990578762002291,2.91138180090454,6.254147257083748,9.719662595696748,8.598781
2022-01-28,9.141914551407178,5.316940002317443,6.100813299603486,2.9794322079035345,6.380334436144833,9.864334640414858,8.54484
2022-01-29,9.141914551407178,5.379601788147587,6.1709048401470845,3.0007514215042543,6.455453378103899,9.981739701520784,8.849552
2022-01-30,9.141914551407178,5.305648622335334,6.089474869828713,2.914998224999125,6.369148887614962,9.906009871276733,9.003184
2022-01-31,9.141914551407178,5.367975501295251,6.159473365002399,2.8694093812887465,6.44044513796566,10.060364974803381,8.948282
2022-02-01,9.141914551407178,5.518347509662189,6.325161782096011,2.8952971222835497,6.610791102540679,10.119158916840577,9.154352
2022-02-02,9.141914551407178,5.288029416534134,6.06834692086782,2.8954088372864377,6.319666551915683,9.6504072948768,9.413011
2022-02-03,9.141914551407178,5.330008295191494,6.11587360899523,2.9258912248285394,6.3732390975119095,9.756656468343117,9.013257
2022-02-04,9.141914551407178,5.916146110505575,6.771709177089329,3.172271703071317,7.044698940155439,10.876526165110665,9.096394
2022-02-05,9.141914551407178,5.918571760675419,6.7730493299821175,3.3162820858219484,7.062793282089605,10.821694968445334,10.090816
2022-02-06,9.343698018730514,6.029535402746267,6.897976559992485,3.3545595289208516,7.200449332693764,11.085752020545174,10.137437
2022-02-07,9.648401642087013,6.209971891381892,7.098868712575031,3.5389246452744922,7.435812711669481,11.465489477772834,10.344356
2022-02-08,9.694019734188279,6.202031345685279,7.091622019451081,3.461083903577195,7.411582196079834,11.522341226576446,10.716355
2022-02-09,9.763386923712838,6.351043894628845,7.253182956348015,3.566322120890035,7.591903219516186,11.608789608689072,10.645626
2022-02-10,9.577021636682185,6.120116577984108,7.003318899848867,3.5157801518157137,7.3387964173053435,11.376531697339454,10.980259
2022-02-11,9.337680870728649,5.89808972404062,6.759296877446195,3.315292942988185,7.063430600926539,11.078253007361194,10.536586
2022-02-12,9.308005558377454,5.87957255233174,6.738671569091225,3.4123222104972384,7.057065854695568,11.041270066065316,10.071551
2022-02-13,9.272357335736048,5.820985905554225,6.674325842519395,3.4436759556038172,6.996463915539503,10.996843626238837,10.070295
2022-02-14,9.371706224725852,5.910802330485105,6.773878513934758,3.4110363549977483,7.084598074936324,11.12065664622587,9.9649515
2022-02-15,9.798445310198854,6.322265233819571,7.230796506695672,3.5413973514368915,7.537959096249218,11.652480603920614,10.094579
2022-02-16,9.65416647128907,6.1720471754312705,7.062614163015196,3.5372073303193123,7.362787202237188,11.472673412213325,10.8015995
2022-02-17,8.949754642714101,5.6813891018255465,6.514906681347692,3.285534796927925,6.799110108733232,10.594799875483684,10.588726
2022-02-18,8.833743701551402,5.528001450688458,6.347661179832177,3.1634866491088323,6.636486476456995,10.450221272127049,9.790513
2022-02-19,8.858570888392043,5.520019939213439,6.339516316269712,3.14666562296593,6.630811217030817,10.481162299021596,9.515795
2022-02-20,8.499340189337236,5.294800623529978,6.111048651489172,2.993976382990084,6.358903508322406,10.033471184671942,9.502636
2022-02-21,8.492746826299086,4.937160896310282,5.715086640626547,2.936469227443343,6.044815477712395,9.676441015675014,9.058778
2022-02-22,8.492746826299086,5.099786142054798,5.8984938337962145,2.9343510201251366,6.242979206880037,9.997520308853344,8.765121
2022-02-23,8.492746826299086,4.994266608255577,5.780268206510103,2.859891144985869,6.117849839361393,9.74052471592062,9.036427
2022-02-24,8.492746826299086,5.168578577374557,5.976407856852834,2.938532450401751,6.30409303426053,10.02256376344183,8.833462
2022-02-25,8.492746826299086,5.294833907684331,6.11833477995148,3.0034781691664656,6.473533343185158,10.255485457138713,8.950847
2022-02-26,8.492746826299086,5.342649886778484,6.172135637277251,2.9961410240750674,6.5231067248021155,10.229171309549573,9.396063
2022-02-27,8.492746826299086,5.1534100667764395,5.96091313114072,2.892604267829744,6.2875859211038545,9.85784686756322,9.413905
2022-02-28,8.492746826299086,5.808082317066467,6.6976535295423645,2.8898186230816467,7.054483982698497,11.288960766164184,8.941487
2022-03-01,8.492746826299086,5.802807295533601,6.690403682698923,2.803604344366838,7.051181843366474,11.614956347905084,10.045421
2022-03-02,8.38888168910283,5.697103850590019,6.5707191898985675,2.7348697862546176,6.927220363807529,11.477058815017994,10.208456
2022-03-03,8.126009158830355,5.491460571166247,6.339878879130404,2.6943093777671963,6.731880645129971,11.098623800391591,10.083194
2022-03-04,7.5272736578378225,5.070101982034316,5.8681728081237825,2.494501799204485,6.226474290840071,10.236675300543368,9.768031
2022-03-05,7.570104710973513,5.119280272378492,5.924369078755443,2.5257521922038793,6.295357114916509,10.298334962025445,9.010248
2022-03-06,7.389634176843022,4.950236726492017,5.732351884599946,2.4256864498639703,6.085616906207001,10.038527097636207,9.147356
2022-03-07,7.314403430130759,4.869644430026675,5.640078439428577,2.4234025090175684,5.980813845927305,9.930224051570184,8.805935
2022-03-08,7.306970698876868,5.001719006347049,5.791257270983411,2.4770410448061213,6.140466620953117,10.127651670893052,8.627678
2022-03-09,7.306970698876868,5.399762464373071,6.236379732279641,2.623095590009584,6.600991146206074,10.965212228951913,8.881444
2022-03-10,7.306970698876868,5.088385411672383,5.888762663027042,2.5198744064500525,6.242036194073284,10.306509947355304,9.477315
2022-03-11,7.306970698876868,4.990271828160942,5.7781808303062405,2.5659846197260303,6.1544953204480555,10.123118846705827,9.01125
2022-03-12,7.306970698876868,5.0072714985373254,5.79766991444245,2.5900929618368154,6.1770709303781794,10.144284382328944,8.877845
2022-03-13,7.306970698876868,4.892128426147471,5.669448919318939,2.499042915971314,6.031272783907713,9.87769212710167,8.921278
2022-03-14,7.306970698876868,5.098999291387864,5.901065516804062,2.4964288632079676,6.2660439640152745,10.369357828598604,8.700063
2022-03-15,7.306970698876868,5.069233260938437,5.86874087126887,2.4713199224015567,6.256286366366252,10.271066828182333,9.018094
2022-03-16,7.306970698876868,5.326532743742362,6.1589725031626115,2.5806921345030966,6.541090205739944,10.749326160174263,9.058995
2022-03-17,7.306970698876868,5.3505540118728785,6.188334836790793,2.5700744523849237,6.522787612336959,10.702897767592868,9.536234
2022-03-18,7.306970698876868,5.516780748478963,6.376813256178117,2.6193643963036854,6.712769877973906,10.918431717561885,9.584822
2022-03-19,7.374940748447849,5.558606404464805,6.423054513236621,2.6466963590858517,6.794083173223486,11.037947860649439,9.90891
2022-03-20,7.217933080497779,5.427103130276725,6.274238610134176,2.5902117658032164,6.641771089829048,10.790953518811504,10.043385
2022-03-21,7.173153387199468,5.482354137030451,6.336362213699615,2.5877440038731536,6.703841445313251,10.720509316254846,9.791356
2022-03-22,7.399197416178072,5.950239885665881,6.86788284211701,2.666829666905117,7.142406324550572,11.07610716952664,9.849143
2022-03-23,7.485831802735626,5.854030017789155,6.760018836144314,2.698082230045017,7.052086989437859,11.212394942889201,10.2184725
2022-03-24,7.670677267818085,5.967447584988765,6.8861566290497995,2.764763542144757,7.187417124177319,11.50318098951462,10.360981
2022-03-25,7.7237698800204075,5.898148551790006,6.809751693741971,2.7839162167471567,7.11712933784382,11.586703279232934,10.617929
2022-03-26,7.75825593550651,5.893846577990915,6.804084596399151,2.79635674607219,7.1179399439291675,11.640954347431427,10.599345
2022-03-27,8.142140936196038,6.1221212729071235,7.060091899253076,2.934839751484132,7.395248796760333,12.244856552893985,10.695971
2022-03-28,8.191137769555107,6.082875714775067,7.013999290385378,2.932031840576038,7.332015384897036,12.321934586033573,11.204191
2022-03-29,8.242520291874373,6.1776699763004155,7.119253033360242,2.9590363184747925,7.439032245140853,12.402766082550617,11.265577
2022-03-30,8.180024456781874,6.180554245373307,7.123860804564373,3.0179356827444996,7.464849744761054,12.304451567119784,11.442588
2022-03-31,7.922574481078075,6.112041532668829,7.051627909175163,3.0483303602228484,7.36722807957288,11.899448390987777,11.411062
2022-04-01,8.050153027268335,6.219559161292149,7.16899155968938,2.9969164297068525,7.486436277576765,12.10014695219728,11.053451
2022-04-02,7.97205481233577,6.177193962481117,7.119950668415414,2.965160617438789,7.436733653226262,11.977287722572239,11.4337435
2022-04-03,8.07105701024111,6.29151780469696,7.2467829348383335,2.9614329108859674,7.571635254498157,12.133031150741783,11.373966
2022-04-04,8.100076619015644,6.269128272268954,7.220451118374573,2.8712211022983385,7.536990960880793,12.178682927795956,11.604158
2022-04-05,7.918927803638646,6.082014221729249,7.01165404595644,2.8275217952873817,7.326466027396894,11.893711804278583,11.574311
2022-04-06,7.530189652229765,5.599763917517907,6.4662979524597475,2.5854275944387703,6.763586772756947,11.282174323855822,11.2484865
2022-04-07,7.577619822599198,5.693058287585406,6.570555545145908,2.6398331849915166,6.8711567377170875,11.356788904384423,10.481013
2022-04-08,7.379884757832717,5.563538435541441,6.41879444497983,2.564670490288417,6.709411685016466,11.045725066067519,10.642232
2022-04-09,7.372843181401861,5.648264294560788,6.510557854968545,2.561159621276638,6.804324486234616,11.177690055505728,10.445473
2022-04-10,7.372843181401861,5.561366051511114,6.414210828140673,2.5166253378554067,6.69926972410653,11.020618782511695,10.629807
2022-04-11,7.372843181401861,5.200679516460581,6.012365994919615,2.3497879190473494,6.273607485730563,10.333210870507097,10.45027
2022-04-12,7.372843181401861,5.277536745677724,6.098214848172375,2.385820337232621,6.371457676165485,10.477054803397106,9.736398
2022-04-13,7.372843181401861,5.4239451934093506,6.261746922810514,2.4538839812684907,6.577712066311388,10.754217014295632,9.904383
2022-04-14,7.372843181401861,5.264189658151208,6.0831763343596466,2.381311592146772,6.396151031225554,10.442515396447202,10.258578
2022-04-15,7.372843181401861,5.300415619150332,6.124363107726915,2.3789812596418205,6.456844867730778,10.59946418922291,9.958516
2022-04-16,7.372843181401861,5.332585468314187,6.160231946767632,2.389580413534607,6.497009104501169,10.55582290882222,10.071184
2022-04-17,7.372843181401861,5.163577521777569,5.9660753498376655,2.2920097966663735,6.292079396227292,10.371807153051648,10.129697
2022-04-18,7.372843181401861,5.311857317433009,6.136356956170359,2.3735397066206407,6.46905183759754,10.664543421711576,9.872051
2022-04-19,7.372843181401861,5.355230637789705,6.181400903677248,2.3744675827665,6.524211102789543,10.847569217916398,10.119841
2022-04-20,7.372843181401861,5.261717289758478,6.070813392490135,2.3077191625890787,6.4128086342635395,10.814574333380163,10.27684
2022-04-21,7.372843181401861,5.123646003657916,5.918574420130994,2.2090881736352563,6.219902437823626,10.580184006149926,10.187622
2022-04-22,7.372843181401861,5.061542621624369,5.845653792574246,2.24567707910439,6.149900120542359,10.379311295736533,9.87907
2022-04-23,7.372843181401861,4.971032236626369,5.749765225734278,2.1892690061744164,6.072374224625929,10.314916717151467,9.785373
2022-04-24,7.372843181401861,4.954570510389251,5.73266337143982,2.155795474701878,6.052597218718367,10.314573649295145,9.695918
2022-04-25,7.372843181401861,5.00348676856279,5.793626478430304,2.201730502160797,6.153608487185209,10.569313348804178,9.660166
2022-04-26,7.372843181401861,4.69710176122857,5.450622129001803,2.0815568871102674,5.792864786638515,9.961540612019633,9.9017105
2022-04-27,7.372843181401861,4.845754684808402,5.619695249596713,2.15340913179961,5.962953768207895,10.25878578435271,9.2841835
2022-04-28,7.372843181401861,4.866829073793451,5.641495276855093,2.1487693465025575,6.001112460018034,10.387405099799556,9.550968
2022-04-29,7.372843181401861,4.709182096998695,5.462763618513565,2.0712165398628195,5.807676744011804,10.086806988801357,9.693822
2022-04-30,7.372843181401861,4.525520592437083,5.249835528697205,1.9582678980631432,5.581906370815833,9.838773451936241,9.34372
2022-05-01,7.372843181401861,4.645338248368055,5.386693299203381,2.0003585204311403,5.721534618360982,10.055430106814145,9.039661
2022-05-02,7.372843181401861,4.677010258055545,5.424685444382314,2.0061252292094616,5.759324522311645,10.0653205861179,9.322783
2022-05-03,7.372843181401861,4.599363664732075,5.338737375601143,1.9683432534311327,5.6641588333720225,9.858503918779776,9.399405
2022-05-04,7.372843181401861,4.869128074734854,5.644392188158991,2.105154110550226,5.99281406116564,10.368153275135677,9.179974
2022-05-05,7.372843181401861,4.471302781014486,5.195858981751409,2.1031656454704613,5.52328380945855,9.54947584343248,9.710341
2022-05-06,7.372843181401861,4.392399499386695,5.105656592090447,2.0845127874564278,5.450360691418755,9.40883220895932,9.012492
2022-05-07,7.372843181401861,4.315683985094182,5.018393961350925,2.0344760660979753,5.35160568565822,9.267408239166539,8.864297
2022-05-08,7.372843181401861,4.138853763570089,4.818697337374669,1.9903515152812827,5.151859432477278,8.893635503314657,8.685776
2022-05-09,7.372843181401861,3.529863525057194,4.12026281859586,1.6743415992506834,4.462095432600429,7.861345643763718,8.354599
2022-05-10,7.372843181401861,3.6634183349411553,4.275049187221497,1.7734056604134265,4.639161896932047,8.102877072352689,7.306685
2022-05-11,7.372843181401861,3.351600728336243,3.9144231108423515,1.501592464605463,4.21121759567141,7.5722968679763945,7.641995
2022-05-12,7.372843181401861,3.2654409986105537,3.80371203805237,1.4996457608887448,4.097351354787343,7.564353663777348,6.817988
2022-05-13,7.372843181401861,3.3192134772610222,3.868730888546878,1.5586948568430472,4.179487721206284,7.640209037463974,6.565828
2022-05-14,7.372843181401861,3.403607662036805,3.9626104890564418,1.6062080693089262,4.281072543768428,7.851835139328428,6.727765
2022-05-15,7.372843181401861,3.5445135960987253,4.121699157641404,1.6500442725448605,4.4506291498829365,8.178060485131297,6.8930225
2022-05-16,7.372843181401861,3.3681291718877273,3.9205602119755794,1.5261781388920446,4.224157503522881,7.799042459355459,7.1812773
2022-05-17,7.372843181401861,3.451727202614612,4.018895424995946,1.5936628042663414,4.347048911693028,7.948601595415245,6.784019
2022-05-18,7.372843181401861,3.19646594174997,3.720188138252994,1.5913080141331286,4.027256791071004,7.4940442770434,7.018506
2022-05-19,7.372843181401861,3.3680106168338244,3.912276457316129,1.7304394367044182,4.244446942428429,7.912656549237494,6.468438
2022-05-20,7.372843181401861,3.2265593652904414,3.748889513086498,1.649219847214919,4.084863018418756,7.620233015464219,6.8462377
2022-05-21,7.372843181401861,3.2504930609804137,3.7750839227919877,1.6790462016761498,4.118142435655321,7.6862293701402855,6.6133265
2022-05-22,7.372843181401861,3.3367779718092687,3.870182628367666,1.7210327212736665,4.231186806230131,7.9090698852454855,6.676456
2022-05-23,7.372843181401861,3.212593518218784,3.7319178888211333,1.660003112453956,4.082708852353684,7.601092962493173,6.8885098
2022-05-24,7.372843181401861,3.2516941049508215,3.770949820356895,1.6588796706653794,4.128828352808048,7.74325336309749,6.643033
2022-05-25,7.372843181401861,3.219246424944134,3.7297961377558257,1.6148570488067946,4.077115089671701,7.711119067669354,6.7097645
2022-05-26,7.372843181401861,3.0986279256420373,3.572846928726087,1.5274619596367183,3.897776984377111,7.622927467423854,6.603874
2022-05-27,7.372843181401861,3.0191989191789177,3.4779525318727846,1.4909867879236236,3.793746935200725,7.474538782864774,6.2346306
2022-05-28,7.372843181401861,3.0884123518102773,3.5640034976026818,1.5222166904826202,3.885438043267942,7.581875466781848,6.047779
2022-05-29,7.372843181401861,3.1299250121078894,3.6091628784474237,1.5732980368297145,3.9380058866324497,7.696373553473632,6.220009
2022-05-30,7.372843181401861,3.3470827689055715,3.844088227204428,1.6701346843576663,4.2305769085840295,8.288190774107555,6.3061876
2022-05-31,7.372843181401861,3.3346688152321797,3.8238761808663284,1.6677397034260724,4.203567080151105,8.307173781698674,6.883448
2022-06-01,6.926119686284528,3.0912585812076694,3.5422152324300646,1.5209262476813064,3.8998208313854152,7.785686359726444,6.784508
2022-06-02,7.068248132014974,3.1620276330468857,3.6225557851928034,1.5446276183851935,3.98532587130723,7.954255413580505,6.3318443
2022-06-03,6.900129660860771,3.080110310871592,3.530418034623795,1.4976120600352927,3.881714186220622,7.754861576500677,6.426505
2022-06-04,6.938105613716851,3.1118610128150226,3.570669991178661,1.5432333575385109,3.9306647627597284,7.799902704388673,6.235707
2022-06-05,6.950966124765319,3.1049468901528208,3.5585194234023123,1.4735233880857854,3.9098590173793117,7.8151554857753815,6.3246427
2022-06-06,7.268751590880688,3.219594931211736,3.674052370220483,1.4729054952189014,4.0357954265434275,8.192059413497988,6.3110614
2022-06-07,7.216588617770938,3.178688065439589,3.622409039871724,1.4606740136081464,3.9858343280359723,8.130192265583315,6.532361
2022-06-08,7.011668769886873,3.087086947539342,3.5227171503315633,1.419168761639139,3.875547360564339,7.88715076706921,6.4170256
2022-06-09,6.990209190892038,3.073967684762767,3.5069972599081365,1.4148222562004205,3.8560337646549367,7.861698967287343,6.2833614
2022-06-10,6.7662034493689704,2.958036969354195,3.3741756130036085,1.3694512741290341,3.699885800818463,7.59602082367973,6.2583585
2022-06-11,6.617570287993428,2.847110923769864,3.2341783857375708,1.3393465435353817,3.5335110088684796,7.419737184737261,5.9034686
2022-06-12,6.612722953493489,2.6640590347532065,3.031969514591356,1.3383647458136116,3.3091175677459588,6.9405460607567395,5.5547276
2022-06-13,6.612722953493489,2.2845786409056217,2.6248314682829124,1.1720824485328474,2.867279544150883,5.870466388220716,5.1881924
2022-06-14,6.612722953493489,2.2563793283266755,2.5959086381552887,1.1629296807520335,2.846772005978603,5.781414690592901,4.410868
2022-06-15,6.612722953493489,2.3617541214984454,2.73763623778637,1.1805378486436742,2.9606783530180056,5.896958102737467,4.407875
2022-06-16,6.612722953493489,2.1193686009558435,2.4609440941648795,1.0190137697167256,2.6497392532643085,5.324486727855231,4.534526
2022-06-17,6.612722953493489,2.173690132574101,2.5386406010921374,1.1235293384627556,2.741110493558024,5.344313735139159,3.9810648
2022-06-18,6.612722953493489,2.0714477442764476,2.440672805180875,1.1229068914635572,2.627135072100481,4.952538884166171,4.0660043
2022-06-19,6.612722953493489,2.2983841380838217,2.713352179482344,1.264906685269213,2.9140856363372727,5.371646925188746,3.77501
2022-06-20,6.612722953493489,2.2707213597380385,2.6760503642816444,1.2648422069899283,2.8758564297495046,5.370944140829244,4.206498
2022-06-21,6.612722953493489,2.293605544924302,2.70353837209857,1.2627057742482681,2.9033718581912984,5.409419671722433,4.190444
2022-06-22,6.612722953493489,2.2230163604391655,2.625076339876097,1.1812310467549876,2.810262071436938,5.219016805826094,4.204976
2022-06-23,6.612722953493489,2.3593928030308184,2.7829402039128395,1.2832650405477055,2.9794335899322912,5.515922373364013,3.9868069
2022-06-24,6.612722953493489,2.367996606349877,2.7917274125505207,1.282047589723685,2.995662032317621,5.547095465237711,4.2821517
2022-06-25,6.612722953493489,2.4371340396950245,2.878915304622239,1.3458507156137616,3.083343326795963,5.613565192881467,4.441398
2022-06-26,6.612722953493489,2.3695307304694557,2.7990744487702157,1.2974122487171877,2.9974431800896486,5.495920742067177,4.518106
2022-06-27,6.612722953493489,2.337686663434566,2.7631387564015926,1.2817024306785851,2.9601385442104706,5.416793212490976,4.379489
2022-06-28,6.612722953493489,2.2512340182755817,2.6581164101349333,1.2116629639789331,2.842228454187727,5.293357007089539,4.3398266
2022-06-29,6.612722953493489,2.25850182488799,2.6717636800266114,1.233045725623992,2.852028021164179,5.252035152864051,4.173645
2022-06-30,6.612722953493489,2.254766811891494,2.669124317564416,1.2369731801336423,2.844371928261699,5.223502290436641,4.090739
2022-07-01,6.612722953493489,2.1611675333156715,2.560000310598983,1.1784978388049225,2.734999037450492,5.031960045251431,4.0271907
2022-07-02,6.612722953493489,2.1559111898592467,2.550985951498181,1.1647517480211456,2.7305024255320176,5.024451043061025,3.9289794
2022-07-03,6.612722953493489,2.170471041054698,2.56785545268581,1.162995987248289,2.745914073024643,5.042040737773374,3.9441905
2022-07-04,6.612722953493489,2.2812123558359856,2.6875095836869094,1.183268565525979,2.8699642521451123,5.282500038953453,3.9651332
2022-07-05,6.612722953493489,2.2151182839078816,2.6044005183180885,1.14113945047979,2.7845075661895295,5.267382906774298,4.1898336
2022-07-06,6.612722953493489,2.2878148078612073,2.679643539029767,1.1603270052462429,2.861890825509885,5.36909480200234,4.121484
2022-07-07,6.612722953493489,2.3781090578696924,2.780835881527978,1.2195580280411726,2.973679051671528,5.649257647139086,4.2605853
2022-07-08,6.596025999321877,2.336957131727992,2.7350455870215,1.1879611320870571,2.925500523024762,5.640789425679226,4.457811
2022-07-09,6.596546458906315,2.339617459493838,2.7368928635553957,1.1872469281822833,2.9616801871793776,5.641257440091185,4.397292
2022-07-10,6.3834418131387665,2.2529679001485117,2.6404496534882615,1.1452188996806107,2.8558114836789663,5.449589637099882,4.4314766
2022-07-11,6.119517722735479,2.132872940442951,2.508533163103907,1.0738522472951795,2.708491759768719,5.212214454488122,4.2638626
2022-07-12,5.933891867350212,2.0399358429834713,2.4075212933631076,1.0448465321723637,2.6037024737914085,5.045261083049429,4.0224695
2022-07-13,6.200245147526012,2.1658102872271767,2.5463501242349955,1.0911722524996972,2.75170344085255,5.284821441810909,3.8533177
2022-07-14,6.194212197401641,2.269612840979609,2.652440338811497,1.1291509689400223,2.8606552949051474,5.378072753610669,4.089354
2022-07-15,6.194212197401641,2.3236531408701984,2.7081672550918037,1.1280800524329098,2.920054990248886,5.4435525188610265,4.2800794
2022-07-16,6.194212197401641,2.4798452021292987,2.8602122150019347,1.2355017984858663,3.081449379357491,5.538199743470097,4.3790646
2022-07-17,6.077939925070967,2.4431583137689423,2.8172072145225124,1.2202676268384876,3.0420374177773795,5.434193050942916,4.67574
2022-07-18,6.532226702498731,2.787433139826662,3.16434267508613,1.431926867838517,3.402732034447647,5.861736134958716,4.6221876
2022-07-19,6.800912971890781,2.7979550295929068,3.2133631676516363,1.3982289141593625,3.4485436119176924,6.114604759149784,5.2410145
2022-07-20,6.75423784500584,2.723389176164266,3.115131097721008,1.3803744564874225,3.3491332124591855,6.070677263526505,5.239202
2022-07-21,6.7339567397514015,2.793471122756473,3.181881507683961,1.3788407059934076,3.415537112895856,6.051590173889522,5.170616
2022-07-22,6.604464884919399,2.750643732032359,3.147147985801186,1.3512182734274427,3.3732413750842087,5.929721655148927,5.2770314
2022-07-23,6.538649875145171,2.753332756716857,3.1409491481321234,1.3378102306663326,3.3697138554656774,5.86778112521914,5.15393
2022-07-24,6.575513418682581,2.8138533081458563,3.196358204951166,1.3453201888015844,3.440681487801555,5.902474629582273,5.164186
2022-07-25,6.2228138735594785,2.5341751326078428,2.885298965479388,1.2734671176092076,3.1423338656924162,5.570538323487925,5.3000603
2022-07-26,6.208417331726864,2.5508146656181703,2.9042695841157524,1.2705342083964615,3.1591117400002777,5.556989176992668,4.8524203
2022-07-27,6.680810708486114,2.8232017811495904,3.179730397359757,1.2692550267065137,3.455368657680995,6.001573060087263,4.8666525
2022-07-28,6.9277269679695745,3.1289387201735726,3.5967295076488615,1.3333736924262727,3.882170691558396,6.233953323815727,5.396844
2022-07-29,6.90906494482539,3.0976731909324733,3.551554264616346,1.3312075490777004,3.8297839261526083,6.21638983141567,5.711795
2022-07-30,6.87174903462803,3.0240477617301726,3.457102779595126,1.3133475694522487,3.7362581271235036,6.181270663789692,5.672776
2022-07-31,6.776579550909139,2.958642361762761,3.370205130305271,1.2995694802823523,3.6469950842143875,6.091703631799446,5.603475
2022-08-01,6.7672539633977165,2.8929597286234583,3.30680283795966,1.2638420559136139,3.584065246602624,6.082926927715296,5.52844
2022-08-02,6.688256316569014,2.8637219698817526,3.260562383422945,1.2626331928665182,3.5328714545110413,6.008579993089035,5.4286356
2022-08-03,6.642600370684127,2.8498593366408933,3.2490640850568417,1.262510536320381,3.5195439819965393,5.96561187530055,5.391578
2022-08-04,6.586763462920025,2.8417324966483952,3.245128241613875,1.267355859555979,3.519632136347434,5.913062043301306,5.3538656
2022-08-05,6.780292862844413,3.042177330937377,3.455233581780353,1.335460383368596,3.738078608905834,6.095198362975152,5.336735
2022-08-06,6.680349663329092,2.985936033931396,3.4050063824391743,1.3301663861313857,3.681659365854108,6.001138714069696,5.6675467
2022-08-07,6.740463442932173,2.994182801120505,3.4100171253888765,1.3269361250022929,3.68900101860463,6.057713303296664,5.5402617
2022-08-08,6.917715779189357,3.0996357203994807,3.5124871172450067,1.3262986638498886,3.7979630887473204,6.224530982623359,5.5745993
2022-08-09,6.735153287535395,2.951913600775909,3.340514103552286,1.2560122540125234,3.615553980499118,6.052715807921379,5.781617
2022-08-10,6.958408709560398,3.1765065642583092,3.5686734886460427,1.304914359429653,3.8510598908232203,6.262828241744333,5.5515823
2022-08-11,6.953598652557475,3.2128061793095917,3.6028510042041093,1.310549144656914,3.8849909662573263,6.258301309618786,5.9277244
2022-08-12,7.08421220313621,3.3028032829868663,3.6759042382828198,1.3318809522244155,3.962789400424873,6.38122534324653,5.98153
2022-08-13,7.09568463386116,3.3390748287190335,3.7117161977404476,1.350194080981204,4.000613690219786,6.3920227380612635,6.1733727
2022-08-14,7.056866258857968,3.2702719097393005,3.645422986998898,1.348908941849685,3.915934162756087,6.3554895809313825,6.233268
2022-08-15,6.9960777261074325,3.2105691828566205,3.581673086880585,1.3233948545059488,3.8470518864833303,6.298279546621697,6.116696
2022-08-16,6.929457243323581,3.1781506720791537,3.5501149392959266,1.3082899554613192,3.816606421337382,6.235580994103865,6.0067916
2022-08-17,6.785946903687724,3.1122415160450396,3.48146341010171,1.280516113424726,3.7437522266575836,6.100519238410346,5.9523134
2022-08-18,6.743815512426767,3.1164083050790206,3.477322059238586,1.2879891366235778,3.718050788364315,6.060868010168921,5.825191
2022-08-19,6.089936862462789,2.7486392685341814,3.097122328888831,1.1309965847046115,3.314366867501769,5.445483060687294,5.8245926
2022-08-20,6.084150751708608,2.7126967976691034,3.0691651277775267,1.1298788810784524,3.289095135075016,5.525013289265985,5.13551
2022-08-21,6.084150751708608,2.7743588809086015,3.1310515028334587,1.1574697538328473,3.3670477477084786,5.624171132344632,5.0944324
2022-08-22,6.084150751708608,2.8048948755500986,3.1749823645321045,1.1621972247367727,3.4143461613406427,5.59271111011823,5.222362
2022-08-23,6.084150751708608,2.8494613219907343,3.209925558696282,1.190228026439131,3.4633443596954407,5.6267116357350915,5.2456226
2022-08-24,6.084150751708608,2.81560637046271,3.162576102911926,1.183967888064691,3.4216278288406374,5.584574389804337,5.3502507
2022-08-25,6.084150751708608,2.860521661325251,3.199736918932118,1.2102139869719293,3.4588997332808624,5.635472351706729,5.3107257
2022-08-26,6.084150751708608,2.5927160948302252,2.937227168261789,1.2089843480331397,3.149490261219475,5.290175548275613,5.3994136
2022-08-27,6.084150751708608,2.565241114200731,2.907672938748447,1.1962633539561498,3.1196376024593477,5.236849423823662,4.8942513
2022-08-28,6.084150751708608,2.496037996747519,2.854194154563335,1.168875267613355,3.0485046449720374,5.110700005666778,4.8491497
2022-08-29,6.084150751708608,2.589444669967495,2.9625618401989464,1.2104653227663373,3.1966297482274526,5.302263646747848,4.691474
2022-08-30,6.084150751708608,2.5144618714289244,2.865533937767055,1.1835799531369509,3.093525831371229,5.178429557291715,5.012634
2022-08-31,6.084150751708608,2.5429823738866943,2.8998949044568607,1.1969199002106101,3.1349561733602447,5.239873578463699,4.8977566
2022-09-01,6.084150751708608,2.608443412571235,3.000803344964214,1.2017653090973421,3.23758890295793,5.262191398426789,4.977877
2022-09-02,6.084150751708608,2.6484685176635523,3.0736815574082543,1.2005672643500704,3.3068897581123737,5.215169460456309,5.078683
2022-09-03,6.084150751708608,2.6258819159614877,3.0450752008966293,1.1844663290488062,3.2792909590214903,5.184258081507222,5.0747557
2022-09-04,6.084150751708608,2.6413605396972106,3.066302422643229,1.198304674317991,3.306565979281989,5.2284965966447094,5.027556
2022-09-05,6.084150751708608,2.733395158704111,3.145398099133486,1.189328479279786,3.3844903423880637,5.17357113209352,5.0871778
2022-09-06,6.084150751708608,2.450450061037869,2.82805912510599,1.0709547600820175,3.0628656899634694,4.911248827252483,5.155824
2022-09-07,6.084150751708608,2.5668624419953683,2.9655781320974093,1.1304221146295244,3.2164870610067373,5.042612284022182,4.898825
2022-09-08,6.084150751708608,2.677365231181771,3.07127877937263,1.1291637944584687,3.3218779252569473,5.050021765906763,5.1062403
2022-09-09,6.084150751708608,2.8115050994749082,3.22372245133956,1.1869353889846868,3.495153610977966,5.583889816747115,5.138798
2022-09-10,6.084150751708608,2.8423622866500895,3.275119116915297,1.2270901095138658,3.5529422023995614,5.658906082471789,5.4747424
2022-09-11,6.084150751708608,2.792785359661097,3.219224356070381,1.205994996370514,3.4989813162520247,5.706004223898822,5.6178713
2022-09-12,6.229964336858013,2.7278621884474816,3.153482984508367,1.1917465266568885,3.4469917532185783,5.855239974181912,5.6011744
2022-09-13,5.640077763622132,2.521912046894567,2.945932922981467,1.1490011175160117,3.2238205178908657,5.272940941531739,5.5346766
2022-09-14,5.654107919305756,2.5983175924023443,3.026585207324382,1.1693561045022112,3.307369939033404,5.286790522745305,5.072991
2022-09-15,5.515342744930048,2.3778619075567398,2.7886628355164977,1.0979287420420567,3.065820014799667,5.149810305462813,5.213897
2022-09-16,5.541123046109347,2.392074451030832,2.798374418145548,1.096886198784133,3.055359583531325,5.175259132777506,4.8240204
2022-09-17,5.623818276135331,2.4524693202842065,2.871685440940464,1.1174517439803329,3.1323740422563677,5.256890645737906,4.7554417
2022-09-18,5.618492885453566,2.2463516266235852,2.6339792687863746,1.0273621335940477,2.880027599766091,5.075052887408927,4.864301
2022-09-19,5.618492885453566,2.2555875660741718,2.64467647581237,1.0297146065510794,2.894870715943487,5.107132665049611,4.499458
2022-09-20,5.618492885453566,2.20098134252256,2.589328038358694,1.0365105213641645,2.8346737990876867,4.933725871587682,4.589448
2022-09-21,5.618492885453566,2.133373980267197,2.5148460056929034,1.0018338468777046,2.756449925811039,4.825451141819651,4.4387946
2022-09-22,5.618492885453566,2.2643536462402163,2.6579487754682503,1.0009728740147468,2.913839101566983,5.0707691219057205,4.245691
2022-09-23,5.618492885453566,2.2997614335981273,2.688312605961327,0.9944379494415752,2.9473387754799547,5.040649558202517,4.497968
2022-09-24,5.618492885453566,2.2512704255255507,2.6349299268332653,0.976654104572322,2.8888416822269507,4.945824254033334,4.5119395
2022-09-25,5.618492885453566,2.2013867581788733,2.5862836988404787,0.9710372667422356,2.8361126802327026,4.915874647669054,4.448771
2022-09-26,5.618492885453566,2.253225481557041,2.6441969341445155,0.9915944911086723,2.9002148124548985,5.025488128367782,4.3832817
2022-09-27,5.618492885453566,2.2222537815425536,2.6119246638407683,0.9842208955798966,2.865353633318737,4.986171386556921,4.5043325
2022-09-28,5.618492885453566,2.2364370499651582,2.6327919524238985,0.9832852942018958,2.888566113859111,5.073597220026426,4.4678063
2022-09-29,5.618492885453566,2.258714971358186,2.6580524053675734,1.005589612361276,2.923009432282716,5.121557625227913,4.512763
2022-09-30,5.618492885453566,2.2389532979801636,2.6355615067793026,1.030955534515938,2.902728054617475,5.077266811261575,4.5340767
2022-10-01,5.618492885453566,2.198960541734749,2.5947696840722188,1.00673516570563,2.866116790793917,5.048297377788535,4.509567
2022-10-02,5.618492885453566,2.156785200718395,2.5487977800801467,0.983496726516758,2.812977251641801,4.98136233593807,4.4599476
2022-10-03,5.618492885453566,2.203388844340162,2.6052917613911615,0.9992890689673275,2.8804312161679557,5.131461021227182,4.361715
2022-10-04,5.806936930041173,2.2885778667033585,2.702442013572614,0.9982562488096693,2.9841649737813376,5.317480740802713,4.5127397
2022-10-05,5.757028738053735,2.2908327291609187,2.7011683992238984,0.9859895232406931,2.980115286350054,5.269502322804131,4.6527452
2022-10-06,5.703747064944277,2.2408685454798403,2.648861405499732,0.9674685640321093,2.925140898357199,5.218280731074894,4.617995
2022-10-07,5.586136669888207,2.2034271255858475,2.603931008540717,0.95546420348698,2.876391263151506,5.105217778692875,4.5883904
2022-10-08,5.555235306687404,2.202547213784519,2.600916596877949,0.954778225074458,2.8716491321790647,5.075511313661543,4.5101056
2022-10-09,5.5617820796692,2.221332025518087,2.626373315986987,0.9738137008016842,2.8906312096277134,5.081805023974947,4.47355
2022-10-10,5.477326637280617,2.1382464382286703,2.5361056874251244,0.9515199257427308,2.794810801349673,5.000615018193217,4.498972
2022-10-11,5.457011940714422,2.120784074203724,2.5148589267667516,0.950788660717978,2.77364776633753,4.981085836676627,4.393856
2022-10-12,5.451914861373887,2.1351454279392694,2.5319950464934573,0.9547612383091926,2.7878946531536415,5.006649757107836,4.3638067
2022-10-13,5.451914861373887,2.1438431067112864,2.538939914500186,0.9297319154394866,2.78523638076224,5.0648630614736225,4.4006095
2022-10-14,5.451914861373887,2.137927811138928,2.5353066127970787,0.920142762495872,2.7804743157642773,5.01242035067322,4.386987
2022-10-15,5.451914861373887,2.116445418561305,2.5088940971902933,0.9241247424975308,2.7525029771561904,4.984255912279033,4.3916907
2022-10-16,5.451914861373887,2.1500256132375135,2.549791314683322,0.942815422303219,2.7985407776917968,5.035012256722655,4.336717
2022-10-17,5.451914861373887,2.1854754486258137,2.5910449380947354,0.9415133666122604,2.840988248881056,5.109751680260756,4.4210973
2022-10-18,5.451914861373887,2.1573145491028005,2.5579817603365718,0.9266539956006506,2.8061553966207846,5.051823125288508,4.4938207
2022-10-19,5.451914861373887,2.1265191353197945,2.521205993019595,0.9091759153513668,2.7636641419368444,4.998353441185378,4.435944
2022-10-20,5.451914861373887,2.119946046513141,2.514131925880519,0.9077249844368671,2.758010252056164,4.977000256831664,4.359808
2022-10-21,5.451914861373887,2.1396244275739424,2.53782045458264,0.9192986491285761,2.7833825954813283,5.009401217876193,4.3534565
2022-10-22,5.451914861373887,2.1520439738013377,2.553487145717606,0.9287363008040254,2.802219300130178,5.020548537256726,4.3994884
2022-10-23,5.451914861373887,2.209497245927829,2.6225822757822908,0.962443078180568,2.883798684858041,5.115511901429486,4.436105
2022-10-24,5.451914861373887,2.160141145145594,2.5674328159992434,0.9614395772156126,2.8255621818488477,5.052254412158431,4.575802
2022-10-25,5.451914861373887,2.284311515103718,2.7180989687077686,1.0397816016150687,3.0102971867869313,5.249810464754829,4.503607
2022-10-26,5.624430491007617,2.365327155341832,2.819440667705896,1.1118523845910875,3.120519354506982,5.429921360665694,4.8150325
2022-10-27,5.5010656211208335,2.2932548695034347,2.7353626018804116,1.0763165777029717,3.0305404075919835,5.304877484068842,5.0709157
2022-10-28,5.57866397558868,2.3369761771754303,2.7871594141430682,1.1040083836384937,3.0829313615864145,5.3835317067907225,4.921033
2022-10-29,5.636840708041495,2.395454017779556,2.8570072034544927,1.1483669491507433,3.15979938031492,5.442500466670606,5.026091
2022-10-30,5.587113720795821,2.3639582886602866,2.8200782172028345,1.1473269141630111,3.116705311687834,5.3920967553212735,5.1856103
2022-10-31,5.550823329218674,2.3431221271081437,2.7956487443373117,1.138759318917172,3.0899118935293357,5.355312567894704,5.1021056
2022-11-01,5.548165220075553,2.346398343664246,2.799672808790712,1.140727157024562,3.0940713696964393,5.352618188005598,5.0526524
2022-11-02,5.4635297759796595,2.2854882323698917,2.727770265324412,1.2554494538655183,3.0361198179996687,5.266830959827156,5.06379
2022-11-03,5.477835620678316,2.3096434823913863,2.755565727751239,1.2737499354048272,3.06303772854442,5.281331275137778,4.9727993
2022-11-04,5.719526637076187,2.4987017541070955,2.9740299400912793,1.3867012905471552,3.2988762435096044,5.526311755704427,5.011966
2022-11-05,5.759816279260672,2.5184291246109725,2.993766958135698,1.4195633987544065,3.3189252672352207,5.567150005117932,5.3568377
2022-11-06,5.658923460922812,2.4586727001150805,2.922244291069453,1.418003487218722,3.2354342986157785,5.464883934270581,5.34622
2022-11-07,5.577524282335387,2.4425889197831876,2.905148087137187,1.4316807357798238,3.2177069630099187,5.382376877921129,5.1864343
2022-11-08,5.0506672075199495,2.0961466829055233,2.50342315500947,1.26167482539992,2.7825533123283286,4.848349433425347,5.160824
2022-11-09,4.365217258742932,1.792413362009131,2.1439259570747646,1.0996433000284613,2.38558251281461,4.153570571444611,4.4675994
2022-11-10,4.361843191578541,2.1173480644628615,2.5233099468223372,1.253700352217291,2.7948658405559974,4.587937798770298,3.75616
2022-11-11,4.361843191578541,2.1283423723204846,2.5326300717968273,1.2606346345536632,2.8008373392951134,4.446730838250888,4.347431
2022-11-12,4.361843191578541,2.079416692713736,2.4758237180013065,1.2577117820411559,2.741761548035326,4.386541849843779,4.300646
2022-11-13,4.361843191578541,1.9996495248976842,2.3848968373342294,1.2226710106472138,2.6461523847665553,4.260580406998316,4.213679
2022-11-14,4.361843191578541,2.0260450425864,2.42338531421468,1.2437402785999807,2.688598185190065,4.336203275362077,4.0851173
2022-11-15,4.361843191578541,2.051165512512988,2.4498735218323997,1.2534322650506373,2.718334402100115,4.411266673535938,4.149131
2022-11-16,4.361843191578541,2.046773202957329,2.4465324639780253,1.2186531956535016,2.709447122231224,4.350450242916248,4.199891
2022-11-17,4.361843191578541,2.139779855943603,2.543583299517172,1.2036390657929912,2.8048426458913007,4.359658235954305,4.110796
2022-11-18,4.361843191578541,2.14623776197165,2.552215779212453,1.2145784332371832,2.8146854508455883,4.359689418659964,4.1247416
2022-11-19,4.361843191578541,2.1732092157258096,2.579849510805666,1.2132352527325165,2.8427332712164057,4.360324510974398,4.1476974
2022-11-20,4.361843191578541,2.137242425176205,2.5440796381264423,1.177631738121193,2.7952761497823166,4.247810510600854,4.1699
2022-11-21,4.361843191578541,2.10915146295909,2.5111112696844278,1.1641038805792516,2.7546344968503136,4.119117713118735,3.9792194
2022-11-22,4.361843191578541,2.3400030867072608,2.7626013863878427,1.3320297103034626,3.010637877867875,4.234005171469474,3.8709779
2022-11-23,4.361843191578541,2.5478964412264626,2.9843547969812954,1.4826398300812451,3.2374488995501673,4.335228314704664,4.0517006
2022-11-24,4.361843191578541,2.5505287083016395,2.990842055027778,1.4772286320194754,3.2462887863838037,4.335387488946795,4.2440157
2022-11-25,4.361843191578541,2.446118841263536,2.884233870551316,1.475991142132025,3.1407736502426453,4.315338550331626,4.280032
2022-11-26,4.361843191578541,2.4792728195254248,2.9107935267289897,1.5194606494032583,3.167041914061114,4.2996644301092894,4.22553
2022-11-27,4.361843191578541,2.438886418698682,2.8674786963610845,1.490114155917095,3.1228609005599264,4.2915493248272565,4.2509475
2022-11-28,4.361843191578541,2.4100374183867954,2.835264382533305,1.4717490884569533,3.0860823342522794,4.235727159957487,4.2114725
2022-11-29,4.361843191578541,2.453336845679983,2.8800092312743084,1.5069646784121231,3.138169634558317,4.296284882290068,4.1369643
2022-11-30,4.361843191578541,2.542384396715783,2.974952699349909,1.5724736232980263,3.247653676247418,4.486904621624596,4.2631836
2022-12-01,4.361843191578541,2.4846442539432285,2.9077455466373427,1.5704059982903744,3.1776853315522198,4.437964373657699,4.496067
2022-12-02,4.385675897617107,2.5049037439333657,2.933583619674378,1.5912956994433618,3.206406299386841,4.467924810531684,4.4299393
2022-12-03,4.3353601232772165,2.457259680767352,2.8791511851761653,1.5273417456355163,3.1445339983976686,4.414036637353208,4.4801884
2022-12-04,4.389138637166952,2.4829176867736886,2.9098187562120015,1.5726541974948745,3.1813201969747786,4.471633325181278,4.3448215
2022-12-05,4.354278168077336,2.535673689369954,2.9559855477016574,1.5487531788595843,3.2231345161604716,4.434297786544152,4.442475
2022-12-06,4.384294614862055,2.5430856339367676,2.9703357782926583,1.562731380593103,3.239787029101856,4.466445172604948,4.418421
2022-12-07,4.323517220373572,2.4614342868050043,2.881819621691336,1.5614442177118466,3.145767950749046,4.4013525706277825,4.4501657
2022-12-08,4.417717558489546,2.5107417151852407,2.9395217144979244,1.5939846349758273,3.2118529075000923,4.502241070727341,4.3268557
2022-12-09,4.394431647862205,2.4556640776314946,2.879348868196762,1.585579334486217,3.149704153098883,4.477301815509612,4.4617414
2022-12-10,4.393823940645954,2.4504038842690434,2.8712818989000612,1.5853599760147352,3.142142795286917,4.476650924495988,4.402214
2022-12-11,4.383357554166254,2.4485044041742094,2.867133856721053,1.5815820209753055,3.1241763970549052,4.4654414303023096,4.408318
2022-12-12,4.4142157350246185,2.4526209049393035,2.875926018608322,1.592720614042511,3.1329848954588866,4.498490647907939,4.395286
2022-12-13,4.551246801108735,2.5077753051694787,2.9443335794270533,1.6421834546967307,3.2106660264649496,4.645251043802575,4.425997
2022-12-14,4.559004958252962,2.4976381181976897,2.930118353695742,1.6449838451597207,3.1796783195784757,4.65356016873871,4.5659704
2022-12-15,4.4499184148209885,2.430769144135758,2.8518485470299533,1.605607881230613,3.0934163955661553,4.536728382225744,4.5240574
2022-12-16,4.2729140362678795,2.2978401648043247,2.6892713199137837,1.5417162424828175,2.9119748300509434,4.347156581842146,4.388069
2022-12-17,4.309424132553917,2.324930623345564,2.722650222424923,1.5403961765783358,2.9458677940454976,4.3862589811773995,4.0844975
2022-12-18,4.299396725169247,2.3188044708618856,2.7154257291178543,1.5234690481710091,2.936286511294201,4.375519491000435,4.127083
2022-12-19,4.295596494582751,2.282540479374186,2.6751989738363133,1.4719707242052606,2.889730821633718,4.296739507651171,4.111121
2022-12-20,4.295596494582751,2.3562975784775686,2.763653596352611,1.5173686868000849,2.9853447186664215,4.416420230562557,4.045138
2022-12-21,4.295596494582751,2.3482760410042105,2.7548900347463157,1.4987839127749039,2.9745837558161856,4.397840021001341,4.1944385
2022-12-22,4.295596494582751,2.3501870090252126,2.7581216655455214,1.515524431776235,2.9810958089878667,4.394951854016343,4.1799507
2022-12-23,4.295596494582751,2.348850155926349,2.757747400222844,1.5219084830595668,2.980383726224571,4.384941855918584,4.195122
2022-12-24,4.295596494582751,2.3541811236854038,2.763026182594089,1.5179361748621798,2.985217928575772,4.400599584632595,4.1946936
2022-12-25,4.295596494582751,2.351934861100084,2.7600977153849224,1.514247664814481,2.9893305866344,4.398482592203842,4.1990957
2022-12-26,4.295596494582751,2.3660203405290936,2.776896283044329,1.5433306973952248,3.0118889855966775,4.4217286810952015,4.223027
2022-12-27,4.295596494582751,2.3358265274187984,2.742082661947426,1.5183617638494313,2.9711172699311,4.364429855868723,4.263393
2022-12-28,4.295596494582751,2.3067266746882296,2.7063838084478022,1.481759703861165,2.9277704711545365,4.322854754808737,4.1961923
2022-12-29,4.295596494582751,2.321680564551463,2.724528726434476,1.4726801113422,2.9452930934023254,4.345823280609033,4.119483
2022-12-30,4.295596494582751,2.3189650328723026,2.7217073229534416,1.4468599998219038,2.9426388060140085,4.338651741341318,4.1470766
2022-12-31,4.295596494582751,2.3104161757084123,2.7121486243940844,1.4516834859937937,2.9382422101288617,4.320421725356895,4.151995
2023-01-01,4.295596494582751,2.320510135731849,2.72348006509115,1.449740438366228,2.9505737113951613,4.341652473576703,4.1586995
2023-01-02,4.295596494582751,2.335229377327537,2.7425995658795745,1.5227830962254887,2.9804370667564233,4.356124117121577,4.17943
2023-01-03,4.295596494582751,2.3435678094133023,2.754209159027322,1.538327777079001,2.989112865212132,4.3567830967168355,4.245881
2023-01-04,4.295596494582751,2.356623089012809,2.766049433565254,1.536384729033578,3.007587109029838,4.402508345033953,4.254205
2023-01-05,4.295596494582751,2.3334141128075783,2.7371715361448805,1.513456406309432,2.9811872615896418,4.397612825080883,4.3489003
2023-01-06,4.295596494582751,2.3732656127812493,2.7848458684212276,1.5457114189496342,3.0287906248168484,4.429595957544024,4.3266077
2023-01-07,4.290159853933484,2.373809179594889,2.7879162364018293,1.5444309722279699,3.031593766302528,4.428108443547375,4.3843713
2023-01-08,4.334177810454168,2.4294615923665766,2.853883803969325,1.573596892406803,3.1008416139477117,4.475888219126261,4.378026
2023-01-09,4.346891423169906,2.498822757467541,2.936969717897596,1.619257478540215,3.187135996535345,4.489688407774899,4.4625454
2023-01-10,4.410824425842593,2.506507212863817,2.9408815101510433,1.626915733380458,3.194054982153327,4.559085139429175,4.5543075
2023-01-11,4.5314019955192375,2.603951860911554,3.052300069169487,1.6626061906848157,3.3109598435865624,4.689967812974354,4.5970106
2023-01-12,4.748946139829019,2.657899263928856,3.115206779348599,1.8045009706951505,3.394421612406054,4.92610410703981,4.764639
2023-01-13,5.010710462064668,2.7175561842670195,3.174352045321449,1.8758818853038655,3.4602558975636133,5.21024008340197,4.910681
2023-01-14,5.256825669233038,2.752875871740979,3.217064368693794,1.8937993221226874,3.5205963859252645,5.477389010102624,5.062257
2023-01-15,5.2382081320505804,2.7469082821615594,3.2086940954109293,1.8807946864310119,3.507338020458687,5.457180359135959,5.3348947
2023-01-16,5.312321806768479,2.7536665297816705,3.2072534579163205,1.8701020349696234,3.5165025741158553,5.537628251989156,5.329546
2023-01-17,5.3000008798046725,2.73692378933372,3.189006725732718,1.8498726139205146,3.5025613823522677,5.524254211913475,5.383384
2023-01-18,5.188748538601073,2.6242987897449677,3.0567231222046285,1.790629396037855,3.373778491050391,5.403493666393082,5.364395
2023-01-19,5.28745374703646,2.6833473228486517,3.1204274404705536,1.834411577665266,3.4460143538014956,5.510634577201069,5.1847906
2023-01-20,5.669239294943328,2.8715946615158474,3.3341270407172083,1.8325085383786013,3.6787454811695044,5.925049195274649,5.307975
2023-01-21,5.698027157959569,2.845446342320365,3.312402467254646,1.8398501665969522,3.6523709158082114,5.9562975384381565,5.6825213
2023-01-22,5.6800887084726615,2.842846024453644,3.308310419783514,1.8341294097785719,3.6486538853150985,5.936825947037463,5.6101522
2023-01-23,5.729550653333857,2.851697261803331,3.3210712060869927,1.8499033348617606,3.6723712631416356,5.9905153660679105,5.605709
2023-01-24,5.661139151959831,2.7656846600876226,3.233409409129169,1.8280862004864211,3.5729136185197645,5.916257069537595,5.644895
2023-01-25,5.763758990573726,2.8291698403298264,3.303874354460631,1.8608127269278523,3.6585416533768362,6.027647150622049,5.459113
2023-01-26,5.751264999709668,2.8507694355507804,3.324013648566787,1.8590417987447319,3.672572495375876,6.014085208960114,5.621008
2023-01-27,5.769066126753984,2.871453306060497,3.3455257700522862,1.8753415744752588,3.6964548928453027,6.033408036365077,5.5828614
2023-01-28,5.755714340906072,2.83771540804589,3.311798819914422,1.84171554301538,3.661535740857287,6.018915025291395,5.595864
2023-01-29,5.928321126725084,2.9192656164773307,3.404879010127449,1.8915611138994313,3.772824279113409,6.206273541525455,5.5452256
2023-01-30,5.7092622030057685,2.8088100477604137,3.2799605210301963,1.820748796782607,3.6324560518829023,5.9684927596371224,5.7819576
2023-01-31,5.779771163605664,2.8480263820885394,3.3237894736721323,1.8475177070272824,3.6836975328168156,6.045027368140541,5.532103
2023-02-01,5.925954195719748,2.91416009461963,3.399779159506238,1.8865501174868773,3.7778036437016116,6.203703600391824,5.614589
2023-02-02,5.867652824040289,2.871513061362537,3.353460619100359,1.885940519028542,3.744951006976047,6.140419390860931,5.821581
2023-02-03,5.853133327148018,2.8893690152513516,3.3698790957593836,1.8990814132369105,3.7638125229793693,6.12465917180016,5.7942095
2023-02-04,5.827930426391599,2.862001344749005,3.341196150656969,1.9007843113538718,3.7353571030200374,6.097302445331576,5.8415294
2023-02-05,5.733415433584577,2.812611672405945,3.2854207768929085,1.853497908654183,3.670346974358727,5.994709756419569,5.829076
2023-02-06,5.6919355908401315,2.773967647097764,3.238121097922232,1.8172143863933123,3.628107128831158,5.949684802553181,5.7096367
2023-02-07,5.807656554815976,2.875684621891435,3.345369230342084,1.8728839646469586,3.7496141381000343,6.075295759448744,5.6581473
2023-02-08,5.740167277106061,2.8095487476263536,3.2656049400113596,1.8166905253646084,3.6771505328484184,6.002038637526742,5.848109
2023-02-09,5.7345245841316865,2.6336363950886925,3.0729900448923004,1.8154896773893774,3.4653224843503523,5.6978776096246335,5.768781
2023-02-10,5.7345245841316865,2.6305480557433447,3.060598026865182,1.7797656876794126,3.4554348900107943,5.653012113369506,5.42112
2023-02-11,5.7345245841316865,2.6519975272534912,3.0829685586939064,1.7873814919686795,3.4816830617825056,5.714369939712363,5.3528376
2023-02-12,5.7345245841316865,2.6049861786353663,3.0308299590506422,1.7596380715123543,3.4255378879011245,5.695047532068575,5.427442
2023-02-13,5.7345245841316865,2.5803114123469966,3.0064196444111855,1.774325783005271,3.406919161223583,5.69487509081573,5.3586364
2023-02-14,5.7345245841316865,2.6903192793501014,3.1252991095815728,1.8119970372737209,3.53076655327153,5.803897432270854,5.3320513
2023-02-15,5.7345245841316865,2.885994759452546,3.3461657655401202,1.8114967901600114,3.7817386375672615,6.358710641751307,5.500903
2023-02-16,5.7345245841316865,2.775519783496823,3.2244166902870095,1.722810338673989,3.651713231451618,6.146251635984598,5.94315
2023-02-17,5.7345245841316865,2.8371747712778603,3.298661128986531,1.7924082888189088,3.744116143332015,6.423675289669965,5.769771
2023-02-18,5.742072729413549,2.8287332202169293,3.2898734372881036,1.8272712750418336,3.7391852326327526,6.438998948401138,5.972105
2023-02-19,5.663402224675437,2.772924302085367,3.2289516063176285,1.8267603549915497,3.6807966429128047,6.346235879377733,5.9726353
2023-02-20,5.788341475080683,2.7595150795364054,3.221568550189134,1.9406711688416867,3.6903483192391233,6.493555775482917,5.9071717
2023-02-21,5.701775303596585,2.731463651753732,3.18320934528468,1.9446301172252185,3.6331785859111756,6.391482820722265,5.99177
2023-02-22,5.6419300632943985,2.680476205163248,3.1283108118046568,1.9010834387365216,3.579690318750357,6.320917217771073,5.8646283
2023-02-23,5.58848430461515,2.6352552339731323,3.080124626742888,1.8602186033645518,3.5301007406801626,6.257897614155112,5.820877
2023-02-24,5.420814162948309,2.53632722192208,2.970561540095691,1.7833415039448763,3.4068390586476234,6.06019244606856,5.8083053
2023-02-25,5.414791758073683,2.521358473942459,2.9551141574764688,1.7892157205108032,3.4008416996441126,6.053091308233936,5.6392565
2023-02-26,5.502816017374454,2.569354504546981,3.009118122517043,1.8291867380831346,3.466730182613208,6.156883331974354,5.6260633
2023-02-27,5.4878961597657865,2.55387612742315,2.9925992454205312,1.8139900817591272,3.446684668110246,6.139290733175393,5.7653933
2023-02-28,5.4116019745127435,2.5056203221514193,2.9391280544018348,1.7741468916288197,3.3878074258387434,6.049329710296192,5.733466
2023-03-01,5.406261027846176,2.551517182237387,2.9923179892821867,1.8031354664269117,3.45593666048684,6.176404021739774,5.6496058
2023-03-02,5.406261027846176,2.526318016690294,2.964488574564018,1.8009107757478087,3.417907129890329,6.1337289584754,5.8337183
2023-03-03,5.406261027846176,2.4099063820644617,2.8320228842446724,1.717925028307839,3.263208065919878,5.843600404172572,5.7655544
2023-03-04,5.406261027846176,2.407213019764342,2.829150782930574,1.7149970646472632,3.255826595386046,5.841710497301668,5.4909854
2023-03-05,5.406261027846176,2.4093529389213817,2.832422589867413,1.7130140796488484,3.2597365341747984,5.863074231861231,5.4711943
2023-03-06,5.406261027846176,2.40920020805924,2.831967623388326,1.7140937836755323,3.255131485048434,5.857225211772399,5.47757
2023-03-07,5.406261027846176,2.3960063015588986,2.8158558434322547,1.7097539286125316,3.233795571130113,5.801860710118268,5.4567714
2023-03-08,5.406261027846176,2.3484101823707317,2.7605573414569333,1.7080702152892984,3.1632062430481485,5.671150209525861,5.421845
2023-03-09,5.406261027846176,2.20810875630296,2.5996095635226926,1.6180548993206827,2.9773193506187257,5.32318228290217,5.292235
2023-03-10,5.406261027846176,2.197437017705362,2.5868718422653596,1.6424150841053835,2.9571166560297417,5.287393964649611,4.9598284
2023-03-11,5.406261027846176,2.2581925791097497,2.6537887804825973,1.6737353216857136,3.0254835784220524,5.3894456259059815,4.9008584
2023-03-12,5.406261027846176,2.4221154087497148,2.841069755434924,1.7710368300320514,3.2424488689636997,5.807245157190154,5.013315
2023-03-13,5.406261027846176,2.5907066531443728,3.037063202430758,1.8541398774041764,3.462931261237054,6.330211709191511,5.4008327
2023-03-14,5.406261027846176,2.63535208294571,3.0888294523509767,1.8523695183708322,3.5267290082582448,6.472040281954408,5.76062
2023-03-15,5.406261027846176,2.57699851356618,3.0246549389532715,1.8232878391281746,3.435798894688323,6.37128730024634,5.868675
2023-03-16,5.543273300142364,2.6256532955885965,3.0815917191136055,1.8712364781074728,3.5024958975234504,6.547625795867163,5.6739426
2023-03-17,6.049294644912065,2.8354298862692886,3.3228243034599068,2.041924754961341,3.776791301240267,7.17535928741449,5.7823224
2023-03-18,5.949582960870086,2.788196040311548,3.2693315416500353,2.0082905699467375,3.71107827812257,7.05166430648881,6.239828
2023-03-19,6.175884132409766,2.857427579337603,3.3508265147832663,2.0846252096202855,3.8030518472179864,7.332397380255804,6.1226354
2023-03-20,6.127185833771373,2.8072675203614597,3.2959553852592847,2.082893381944348,3.726995117561219,7.271985969168254,6.255408
2023-03-21,6.208091655698894,2.8820222704917637,3.378165296141768,2.1582201137490507,3.8261895678837097,7.372351693678493,6.09025
2023-03-22,6.022227963954525,2.7837849181961998,3.2680361723195737,2.0808008927419546,3.7126392851739456,7.141782462440631,6.2884836
2023-03-23,6.238769641571346,2.8974226157706346,3.395779983966284,2.169892748848378,3.860337126902307,7.410408273528318,6.1250963
2023-03-24,6.0567995422500545,2.802134944041398,3.2889977622105313,2.0953063465296355,3.743225286091443,7.184669127749096,6.4030886
2023-03-25,6.056576098930911,2.7952743960914446,3.281689147079891,2.08605698102993,3.733483591435894,7.184392056694778,6.2095747
2023-03-26,6.162914132453844,2.845720587614359,3.3387480816898942,2.083947947933083,3.7950149204425423,7.3163070503295335,6.178261
2023-03-27,5.983823694914067,2.75619875735815,3.2378391383704956,1.9942240494985262,3.677212111545937,7.094140480820464,6.2884064
2023-03-28,6.011482932740052,2.810320828875115,3.296465329512975,1.9921046615696898,3.7378694178256806,7.1284525575951,6.0748196
2023-03-29,6.240160092723067,2.877557844688084,3.3759695932340454,2.037460242382312,3.8268648035753823,7.412133019103066,6.193629
2023-03-30,6.171885196543412,2.86263945280565,3.357900123053674,1.990621073849611,3.800641672965389,7.327436009712935,6.326777
2023-03-31,6.2643598683316775,2.9068856762545705,3.4077850797171,2.0010061878901637,3.857121846765425,7.442153433460906,6.2829247
2023-04-01,6.263740564104588,2.9540708225525845,3.458805271476137,2.0648007832514237,3.894971046608741,7.441385140929728,6.376316
2023-04-02,6.204090662343413,2.94468001133931,3.446604091252602,2.062626424799757,3.8742124220103222,7.367387845596776,6.4038806
2023-04-03,6.124752235632495,2.929586053907182,3.427670041113991,2.077594421251513,3.8634872883418723,7.268966396945348,6.331821
2023-04-04,6.202257851029487,2.940599864483212,3.4425781558716584,2.14355805462237,3.8838056502046943,7.365114646270178,6.3446407
2023-04-05,6.201357905285536,2.94140208385085,3.4433483339897295,2.184528931096289,3.888668455249454,7.3639982818778105,6.480667
2023-04-06,6.175673445523211,2.8868657661474844,3.380890179820766,2.145664498679266,3.831952136707886,7.332136023009605,6.553095
2023-04-07,6.150070462330296,2.8752895800497797,3.3676442060320557,2.136638670334025,3.8143982719231695,7.3003749140465795,6.460935
2023-04-08,6.1557318494109,2.8527312985571247,3.341963521459819,2.1203114973493484,3.7872297719149235,7.30739801317773,6.4315233
2023-04-09,6.236252097876108,2.87069735408468,3.3621506896294404,2.1309852041677875,3.8126824785653803,7.407285552084907,6.3969636
2023-04-10,6.514236573278974,2.9597492815352875,3.462535622948862,2.128966304437486,3.927345023571207,7.752132927062063,6.450893
2023-04-11,6.633649538703281,2.953810419061927,3.4537251382364054,2.1064140206598623,3.923670669289957,7.900267593959034,6.669362
2023-04-12,6.567285226926536,2.9538678625482744,3.457715737014331,2.1350816732211024,3.9165882199844493,7.817940962191316,6.676702
2023-04-13,6.671486763740464,3.045278641647506,3.565881140825524,2.2356879244903647,4.033748899488048,7.947206297917685,6.688505
2023-04-14,6.689635463827902,3.110625281303612,3.644398306201545,2.3286750716792994,4.119813243259713,7.969719855645466,6.925803
2023-04-15,6.6540692952886005,3.0954001010573426,3.627088096329109,2.318727516893695,4.1035107610917345,7.925598853675153,7.1190395
2023-04-16,6.654486554083465,3.1146455748265485,3.6499124787583925,2.3165026330922096,4.1359833311199345,7.926116606819871,7.093981
2023-04-17,6.469886983658446,3.0617589620984567,3.589135421594332,2.28791763765279,4.055874758798849,7.697115871634883,7.177111
2023-04-18,6.668668003637095,3.1295766070876585,3.665591744340261,2.355197765817825,4.141616403900657,7.943709442243291,7.018241
2023-04-19,6.335007460972065,2.8334346768259113,3.3300838205242034,2.103666742533869,3.7770627979083966,7.529794336652921,7.16632
2023-04-20,6.216698132715236,2.81548198802377,3.3104380061652803,2.098169995651173,3.7606564871951704,7.383028295384619,6.6228
2023-04-21,6.007205824343788,2.6710901580337034,3.145204499199372,1.9899938895116807,3.5824215099667946,7.123147020983618,6.595865
2023-04-22,6.001276751343855,2.7142148131681263,3.194450202411438,1.9881175200763224,3.640332397213148,7.271485910986545,6.300634
2023-04-23,6.001276751343855,2.678907895302485,3.154271739026637,1.9707496793405006,3.603474210953271,7.21178265296541,6.4076195
2023-04-24,6.001276751343855,2.6593261398002728,3.1317709209597817,1.965459187989897,3.5833140576438387,7.19141479828407,6.3621607
2023-04-25,6.001276751343855,2.713712313457776,3.1934753492709747,2.0190478875584636,3.6540389011566803,7.397726918545912,6.330615
2023-04-26,6.001276751343855,2.6760575859163613,3.148894860757159,2.0273071533787412,3.6225632595114545,7.429524785307835,6.4548883
2023-04-27,6.001276751343855,2.7526444843613556,3.234725443503012,2.099108269976434,3.716022514416097,7.705952512028644,6.43594
2023-04-28,6.001276751343855,2.7347338654577604,3.2140441384312926,2.0892584093130018,3.6958641955729807,7.668031372708176,6.6005507
2023-04-29,6.001276751343855,2.74147466353521,3.2226507177594286,2.083197282981704,3.710196767134537,7.644696670351503,6.560197
2023-04-30,6.001276751343855,2.71576430056124,3.1919265543796618,2.081204185037315,3.6694187396880222,7.644119349854387,6.6004906
2023-05-01,5.768774659201577,2.6335005400256706,3.0995308631267315,2.06847531269463,3.569843844074547,7.338358512460371,6.4991617
2023-05-02,5.887151002008304,2.689215734479061,3.162929283016575,2.105938330175034,3.6421183977791958,7.497040325616048,6.3313313
2023-05-03,5.881365334119553,2.729355981397481,3.2090355343863823,2.119378054719015,3.6926162342180544,7.58965441544632,6.46502
2023-05-04,5.881365334119553,2.701996741029392,3.177379613931756,2.075363078599654,3.654908983177531,7.542212108718488,6.562442
2023-05-05,5.881365334119553,2.736367194088556,3.214839416213264,2.12189801909235,3.741277674632698,7.7198161723361585,6.4886765
2023-05-06,5.7554386775547295,2.6428659720255507,3.105953578258003,2.1200459398679343,3.613122431307311,7.55408590399561,6.7666464
2023-05-07,5.6744574360702575,2.6054959850344104,3.063361556560102,2.0895721027493015,3.567272259197191,7.44218853552344,6.490897
2023-05-08,5.527020395055512,2.553036393701648,3.00502158892595,2.0639635288822444,3.4869867379346413,7.238464075185167,6.409551
2023-05-09,5.517984386490534,2.549865814801206,3.0014988469571815,2.0624689546537045,3.504064799614472,7.225978457078337,6.2544127
2023-05-10,5.512754883073682,2.4858824963953445,2.9235503778733016,2.0569254053291823,3.44887109878679,7.219893931632451,6.284734
2023-05-11,5.512754883073682,2.4243683459939867,2.8528666037084545,2.006863702825858,3.371388725870037,7.053288105276547,6.271031
2023-05-12,5.512754883073682,2.423750532408889,2.8538804490741936,2.0049396287733776,3.373618369928467,7.006838405702572,6.1331515
2023-05-13,5.512754883073682,2.41540363507971,2.843653565762728,1.9726911479404663,3.3597189779743855,7.001778695719397,6.144885
2023-05-14,5.512754883073682,2.4245417234840816,2.8536934389847475,2.0095016284927802,3.3801060120910864,7.038500313146051,6.1153717
2023-05-15,5.512754883073682,2.446126380738564,2.8783290524994065,2.0226008615319944,3.4141200827598777,7.101528418228909,6.1636386
2023-05-16,5.512754883073682,2.455845408582361,2.889567810950779,2.0338761427236474,3.427054870649459,7.066649386857407,6.241492
2023-05-17,5.512754883073682,2.514696721992707,2.9603091744811296,2.0537736382358864,3.4788147111577516,7.163377459327491,6.274947
2023-05-18,5.512754883073682,2.442190315591973,2.876033426986797,2.0518182068864417,3.384030885602912,7.009884528618009,6.3303127
2023-05-19,5.512754883073682,2.4630273373486617,2.9011171038161496,2.0793995196868074,3.4118290401164724,7.028122444829744,6.215293
2023-05-20,5.512754883073682,2.4828519574235894,2.9235894303764423,2.09341020022797,3.437619249731279,7.086494864541833,6.2551475
2023-05-21,5.512754883073682,2.458508041187194,2.8970051740775387,2.0880214263421912,3.405964343995738,6.992153657932516,6.2914047
2023-05-22,5.512754883073682,2.4483342545516256,2.8838452282362286,2.059137677251533,3.390214794865986,7.01883327560962,6.233627
2023-05-23,5.512754883073682,2.484229667824813,2.924030275826167,2.0772438785706333,3.4356308373869875,7.115142794923081,6.253019
2023-05-24,5.512754883073682,2.374236758841041,2.7944911568584003,2.0752672763751105,3.287840600330511,6.879440237530128,6.3570447
2023-05-25,5.512754883073682,2.3879197679111495,2.8108280245542425,2.0916760217513457,3.3059502213821323,6.920646639614352,6.1356606
2023-05-26,5.512754883073682,2.4059750456054774,2.831140089393691,2.1029338324150304,3.332575363656845,6.982275365694511,6.1640935
2023-05-27,5.512754883073682,2.4317687911301133,2.862060475866858,2.1371668670461808,3.365575923946299,7.022298183387751,6.2295246
2023-05-28,5.512754883073682,2.495871390194501,2.9367825998550896,2.20379505160924,3.4598171200586916,7.336468837640406,6.2583156
2023-05-29,5.512754883073682,2.471322384767583,2.909354555363862,2.190239753606218,3.4272768750685505,7.25146887026438,6.5184383
2023-05-30,5.499087704056036,2.491509507046646,2.9338486294968584,2.1879217341937904,3.446715125200558,7.239793710504645,6.4583154
2023-05-31,5.409035796660866,2.4504134060670575,2.886117954170607,2.1500064331128756,3.3914581612239973,7.115105328769386,6.4805784
2023-06-01,5.334539650260671,2.4889546399515843,2.93502613078666,2.120393034955867,3.4409879688350578,7.011955653728866,6.379855
2023-06-02,5.4142473489532525,2.5350114629568425,2.9871899850919097,2.152078107696168,3.500762513885389,7.122321587240652,6.362019
2023-06-03,5.381574868247552,2.5316842418328207,2.984354046332358,2.1390902791081303,3.496922853504907,7.077082245984969,6.4906545
2023-06-04,5.389963270151106,2.507632049872435,2.9555664928764833,2.1424248017307703,3.467768477613644,7.0886968298683115,6.455409
2023-06-05,5.129372383327348,2.3746828353316283,2.8008130876901065,2.1403889624573806,3.285903529959242,6.727875102790324,6.4393816
2023-06-06,5.124513411571035,2.4639665926895757,2.9031946152450745,2.252213745321203,3.411954805442268,7.120476869995586,6.128919
2023-06-07,5.124513411571035,2.3891180315482896,2.817355184646491,2.1839735680113472,3.31757651582481,6.885976530724462,6.4088645
2023-06-08,5.124513411571035,2.3920212601771405,2.819461060241492,2.1957520959391807,3.323118584477108,6.928294143147395,6.2241373
2023-06-09,5.124513411571035,2.3851687481999924,2.8116508409621432,2.176869165515445,3.3205096988541873,6.921626927982428,6.259438
2023-06-10,5.124513411571035,2.299692750694504,2.7165342869524713,2.0428193732369753,3.186350090855612,6.757827788767861,6.2516093
2023-06-11,5.124513411571035,2.3035138649268103,2.7210273093283264,2.0278625712429723,3.1910086986612245,6.778977096607555,5.9272738
2023-06-12,5.124513411571035,2.295139172439301,2.7118099094153583,2.027114716879409,3.180769629980972,6.770822791579437,5.9366856
2023-06-13,5.124513411571035,2.294007995937295,2.710698675312358,2.0749763976770366,3.1833714709669283,6.777202465459137,5.912939
2023-06-14,5.124513411571035,2.200824748064659,2.6056192091551895,2.0076709313426595,3.0579514166072226,6.566311259555858,5.912744
2023-06-15,5.124513411571035,2.2288142822958013,2.6382835166789977,2.063571868250303,3.0996242438041075,6.6830489626043095,5.6459956
2023-06-16,5.124513411571035,2.2934753679850637,2.7122347320626914,2.1248944996761705,3.186881018217555,6.881582793787022,5.72019
2023-06-17,5.124513411571035,2.2859020984325014,2.704412918808961,2.099281022618997,3.1802895167191068,6.927834047620043,5.8888297
2023-06-18,5.124513411571035,2.2821120827308468,2.699721751794425,2.1047028597758572,3.1752645976983422,6.883376235018539,5.925134
2023-06-19,5.124513411571035,2.3012018794514257,2.722366048098036,2.102459296685166,3.2015112316523995,7.014401996438704,5.9035463
2023-06-20,5.124513411571035,2.396197015662611,2.832522162075465,2.1004618234670893,3.329064891848942,7.401912092083369,5.9704027
2023-06-21,5.407521429501189,2.7403597654972183,3.2241193910757766,2.2164626004491796,3.7620390789541025,7.839603574200635,6.2086
2023-06-22,5.388823911610157,2.7122215885367518,3.193577996567869,2.208798765979544,3.7301176632656747,7.811175389080576,6.589877
2023-06-23,5.530005447985966,3.2715643788506448,3.7884631132365265,2.266666977752826,4.369961858129768,8.025832124330071,6.552848
2023-06-24,5.502427532389459,3.5902696050305445,4.076203297346677,2.2553632003540858,4.663501696046291,7.983901913052487,6.7773848
2023-06-25,5.490920618568676,3.3901687365618742,3.9052063755593838,2.2506466875371016,4.486132541266624,7.966406271711673,6.7707653
2023-06-26,5.455154942713441,3.7023020514583895,4.1761124985420786,2.235986868996127,4.759509235907684,7.9120267640832775,6.768335
2023-06-27,5.528247162814565,3.786964665116047,4.258634773279543,2.2659462828144616,4.850530494869351,8.023158726085182,6.717416
2023-06-28,5.421249282105402,3.7078648997268324,4.173933068595104,2.2220894430384135,4.742584801714116,7.860475818838116,6.822623
2023-06-29,5.485115625134739,4.025992973260867,4.445666582853032,2.248267307074182,5.0284426739248085,7.9575805170944145,6.6096053
2023-06-30,5.488596606738156,4.577774775319544,4.872529433690661,2.2496941096559957,5.5417083934431615,7.962872854238416,6.744566
2023-07-01,5.5093089173184335,4.416950779051936,4.735298001564503,2.2475481305906495,5.417324205114598,7.994364170430488,7.1896305
2023-07-02,5.513829694449028,4.574752604053371,4.931821170544357,2.247248093472149,5.620371651510492,8.001238177269443,7.144493
2023-07-03,5.608081098829711,4.425888511575491,4.745468465587435,2.285522081690655,5.4363600846564175,8.144541336147666,7.2388077
2023-07-04,5.540945292176331,4.1810491005633335,4.5313206560916415,2.2582593041248917,5.209525120911663,8.042465725855088,7.2459655
2023-07-05,5.494191760906841,4.15922626872658,4.494678101528672,2.2392734426755028,5.166007447600269,7.971380198763641,7.124714
2023-07-06,5.391070702591065,4.105730474994799,4.363270889255468,2.197397629821655,5.016809791560187,7.8145916259879185,7.040647
2023-07-07,5.468889845916966,4.178512082319243,4.455466342517892,2.195046784543411,5.119156365341748,7.932910575021741,6.821142
2023-07-08,5.4585086777864085,4.1025979231800145,4.3960124656848,2.1435504337166025,5.056428233800937,7.917126759166668,6.930179
2023-07-09,5.437311890310515,4.003784248727066,4.289829967312099,2.096160654613903,4.94508034880834,7.884898517483584,6.901062
2023-07-10,5.432105140563984,4.122626113224419,4.396610550145351,2.1655608113004456,5.060136381691775,7.950634141060251,6.854713
2023-07-11,5.432105140563984,4.113791920703178,4.390491146007231,2.159346874437262,5.055167006913621,8.004647713880066,6.9349623
2023-07-12,5.432105140563984,4.194761593187124,4.43986252021526,2.2200626442532103,5.103568730833179,7.9406814924073155,6.9437246
2023-07-13,5.432105140563984,4.173402800907824,4.5052909941931,2.218473835549576,5.197373025175714,8.225572077667277,6.9229503
2023-07-14,5.2398016328030526,3.9929512288679776,4.288685416057886,2.139937008773845,4.955028578235429,7.927275500192792,7.2881327
2023-07-15,5.235067901194078,3.869740506414714,4.195422587016327,2.1380037509580854,4.856919269009991,7.919730108724829,7.0090795
2023-07-16,5.226211810254157,3.8117124524334955,4.129622896532431,2.134386920000829,4.78685267655729,7.90561384478859,6.972305
2023-07-17,5.20906680506598,3.718165798191126,4.051975906598758,2.1273848932660555,4.703552445623648,7.878285473946708,6.930281
2023-07-18,5.162966004620797,3.7277344844309113,4.0509856130627115,2.1085573085748446,4.698828603982515,7.804803340551925,6.8811874
2023-07-19,5.15806788368525,3.735622496825856,4.062196370601108,2.1065569140946776,4.709893455934103,7.819124135255621,6.8337398
2023-07-20,5.15806788368525,3.7380162671038537,4.0684109099255865,2.1070169437718715,4.7173698758181795,7.791004173408269,6.82384
2023-07-21,5.15806788368525,3.7400572647641197,4.071563926867772,2.122686828427773,4.750952927730299,7.816839492342197,6.8262377
2023-07-22,5.15806788368525,3.7016758006594035,4.03857335929102,2.0690319886611848,4.698696327333592,7.787318338947361,6.8507457
2023-07-23,5.15806788368525,3.7421453611175752,4.079376431860159,2.150334647028792,4.753103064049945,7.86221989355308,6.7665243
2023-07-24,5.15806788368525,3.6554841767721333,3.9817783344594466,2.0599254189318996,4.630308510322972,7.625783205275716,6.8541536
2023-07-25,5.15806788368525,3.667562613380832,3.9926086938320937,2.0480293558590486,4.641098463038724,7.638370108163566,6.6661043
2023-07-26,5.15806788368525,3.692180271063173,4.0158251182641465,2.089214034968367,4.672954693991997,7.671847928964913,6.68406
2023-07-27,5.15806788368525,3.6720510943827347,3.995643523691691,2.115303177375842,4.654641196299776,7.635698749367507,6.738856
2023-07-28,5.15806788368525,3.693671826170074,4.015598963020055,2.080189586480987,4.67387315491016,7.6621568763353975,6.713509
2023-07-29,5.15806788368525,3.704168839909303,4.024922959118606,2.0882295815440615,4.691550319302502,7.672496567478447,6.745622
2023-07-30,5.15806788368525,3.6724778709681085,3.9953412005650515,2.179131161537927,4.672464614319594,7.653072052010348,6.787601
2023-07-31,5.15806788368525,3.6444285579192806,3.954286109128393,2.1372901384174643,4.6231416805451016,7.639815625741325,6.7613726
2023-08-01,5.15806788368525,3.6819432606691107,3.996768271846067,2.1126778013312673,4.673175203436754,7.7617678627948266,6.7240057
2023-08-02,5.15806788368525,3.616373200201085,3.9283811972640437,1.9825605742615144,4.526401445541174,7.62244876861556,6.7963734
2023-08-03,5.15806788368525,3.610541067677312,3.9243721192873884,1.9498262460551576,4.504131467641906,7.625052098717775,6.6147437
2023-08-04,5.15806788368525,3.597421849118014,3.9109996926236508,1.968285498869805,4.491315514635509,7.599517115612452,6.5580115
2023-08-05,5.15806788368525,3.606302724069062,3.9165997050727936,1.9621324145982562,4.498974370246783,7.591842956862114,6.538547
2023-08-06,5.15806788368525,3.59635156725358,3.9088906710089066,1.9304645358732901,4.485773805787723,7.589984954486698,6.5572414
2023-08-07,5.15806788368525,3.6006574696276696,3.9171531811955,2.0516391853279288,4.508353190588993,7.626366830361683,6.5315022
2023-08-08,5.15806788368525,3.628923471954446,3.959378212278043,2.0608278762991197,4.568469534757255,7.780779564950022,6.564503
2023-08-09,5.15806788368525,3.6146901881056874,3.941207368065601,2.059116242282177,4.552820467370874,7.726612086172432,6.6735935
2023-08-10,5.15806788368525,3.6047801685866534,3.9287443549691097,2.000681938186304,4.514191901567588,7.690353156433646,6.6579037
2023-08-11,5.14923915879617,3.5992203865655563,3.9236153551677173,1.9764184114451535,4.506007898027606,7.684190227006723,6.6216965
2023-08-12,5.1519889559163925,3.6028479309993946,3.9269997581825002,1.9739593758616811,4.509027670404144,7.68850562953351,6.612004
2023-08-13,5.128503788957387,3.584556905433755,3.907955776823607,1.9720739484768768,4.48499883399497,7.6516478379444814,6.616495
2023-08-14,5.150078669840325,3.5958407172796223,3.9211641694686605,1.9852713147799743,4.500693362542127,7.685507665390506,6.573656
2023-08-15,5.11088446553589,3.565382908166232,3.8894046907818978,1.9742052794200284,4.459030407866425,7.623995993949111,6.596343
2023-08-16,5.032673977322663,3.5200113737122245,3.8380019811518524,1.804770848422912,4.373981240413657,7.5012520112803776,6.5221195
2023-08-17,5.0278943065750346,3.282931842421688,3.582668943550667,1.6088596335814138,4.05943609979187,6.959462203099978,6.374649
2023-08-18,5.0278943065750346,3.2357028824153424,3.5255105560434705,1.6368118387758792,4.002154446702202,6.808216871636887,5.8753138
2023-08-19,5.0278943065750346,3.2481453606824173,3.536833592873369,1.6354183435858758,4.014169432548686,6.82063926250761,5.7958117
2023-08-20,5.0278943065750346,3.27195911163534,3.558550186398745,1.649189443165748,4.041418275551796,6.8448732180362315,5.8165193
2023-08-21,5.0278943065750346,3.246026547701072,3.536248982284622,1.6236144724727817,4.020457736328664,6.828156389973947,5.865231
2023-08-22,5.0278943065750346,3.200360844291269,3.497871630675147,1.6164830191244983,3.9739476913816802,6.806444703187776,5.835423
2023-08-23,5.0278943065750346,3.272725411160861,3.5676316279729274,1.689273349191735,4.057177674586642,6.907181384319482,5.7467203
2023-08-24,5.0278943065750346,3.238567969901938,3.5317488517053524,1.691568532455047,4.018385238825215,6.838168921161666,5.88067
2023-08-25,5.0278943065750346,3.224507666842635,3.5167948060159517,1.674764538936821,4.00170369965811,6.808347437830598,5.820966
2023-08-26,5.0278943065750346,3.2146186932647356,3.5077003289251034,1.65878005717561,3.990107442483673,6.7979502020970495,5.7971735
2023-08-27,5.0278943065750346,3.232214077012419,3.524278196852793,1.7214060399562097,4.015874232564227,6.819264785662709,5.7776375
2023-08-28,5.0278943065750346,3.225356436118465,3.5192885193294083,1.662304883308765,4.004016967044,6.8218466186628035,5.8206773
2023-08-29,5.0278943065750346,3.3851435265601113,3.7006066204216292,1.946744881342257,4.234771914911787,7.24445492133081,5.7994833
2023-08-30,5.0278943065750346,3.273385235277579,3.599162806110543,1.8715773167735215,4.1413567872114685,7.13679430251148,6.1442447
2023-08-31,5.0278943065750346,3.1387366321400623,3.447354641734316,1.802393613921413,3.9639451095776432,6.777782906323137,6.045086
2023-09-01,5.0278943065750346,3.0470128836663797,3.364476156424652,1.7373084704792343,3.878700735420256,6.741827628853641,5.7915773
2023-09-02,5.0278943065750346,3.053474639077723,3.373761008214779,1.6996837251148262,3.876898351958671,6.760893530709979,5.7285986
2023-09-03,5.0278943065750346,3.060430140201876,3.3788524974084067,1.7086185546097272,3.8804994062554385,6.787552313110503,5.755216
2023-09-04,5.0278943065750346,3.04522293963007,3.3636688201269362,1.6887815420750407,3.8618348675519285,6.747380974827799,5.7562003
2023-09-05,5.0278943065750346,3.045330520523626,3.3657141757615907,1.6748464650969015,3.860585142543711,6.738959827348269,5.728854
2023-09-06,5.0278943065750346,3.0505345426372377,3.369211316418495,1.6831255100768407,3.8607953360644096,6.729477927271143,5.7263436
2023-09-07,5.0278943065750346,3.0660517379789103,3.3892136081632285,1.6880438313999988,3.8866905525699744,6.8676524620296036,5.719904
2023-09-08,5.0278943065750346,3.044628376243621,3.3597728860208926,1.6844370791067638,3.8571159875168752,6.770958453820898,5.7933455
2023-09-09,5.0278943065750346,3.043076330771132,3.3582528787415975,1.6834534648733748,3.8556237768266484,6.76873189979729,5.736272
2023-09-10,5.0278943065750346,3.0121103309866104,3.331028468743964,1.6604195810020677,3.819747775492566,6.751465945160732,5.737709
2023-09-11,5.0278943065750346,2.923979197320391,3.239478829995797,1.6109909645245655,3.7109344233218318,6.573838720433579,5.6768975
2023-09-12,5.0278943065750346,3.0942540351481287,3.3994995126290477,1.72698014579433,3.8843282922788775,6.753778634654584,5.4768124
2023-09-13,5.0278943065750346,3.1217004481013513,3.4329208716206914,1.7366526859642724,3.9268080625065656,6.854675414966039,5.6360855
2023-09-14,5.0278943065750346,3.218546152895867,3.52035396141737,1.8054265078597664,4.021802868446981,6.934680871795576,5.7101254
2023-09-15,5.0278943065750346,3.314120026585232,3.598671354773592,1.8809220272250364,4.113369531769492,6.952887636436435,5.788759
2023-09-16,5.0278943065750346,3.289332208871287,3.578194041805628,1.8618227253653916,4.090042216420936,6.94433308801843,5.8620224
2023-09-17,5.0161533780625005,3.2395243819975,3.537857418900885,1.8225585812526333,4.041590018012166,6.934207911350317,5.8393087
2023-09-18,5.058137631120484,3.3234732548088397,3.611625898629892,1.8832172104883484,4.126276147718802,6.995246506357023,5.790538
2023-09-19,5.139330196976726,3.355981371219943,3.6515564376203673,1.8948571042031757,4.172472322283671,7.113288989592307,5.864579
2023-09-20,5.122756717070368,3.318120096485328,3.618891600227251,1.867068876406977,4.128156283872958,7.089193494453689,5.922124
2023-09-21,5.022191908366928,3.2259712709346173,3.528663478656037,1.8104267553430047,4.030968091955589,6.942986940862831,5.846823
2023-09-22,5.024683794026337,3.2188751280295294,3.5234199819542242,1.8087992974262943,4.025663655590951,6.946609646064952,5.7248907
2023-09-23,5.0248993805833155,3.2235567910638108,3.5271916011542825,1.8071584705524484,4.031778075867193,6.9469226680164144,5.7394247
2023-09-24,4.965689621175472,3.175128066776719,3.4784420762044532,1.785864572218546,3.975438662931593,6.860840236870233,5.747486
2023-09-25,4.973930364648254,3.2328771183758156,3.5260598905090133,1.7888282315115431,4.027629948672831,6.872821300788098,5.6811705
2023-09-26,4.958174990080266,3.272353094279329,3.5545014342744894,1.7831620483076502,4.055775434829719,6.849915195516826,5.713853
2023-09-27,4.9849933959793296,3.4256233673763243,3.6788857247889895,1.7928068841320695,4.183458528686776,6.888904948137945,5.7205095
2023-09-28,4.980244497787504,3.5483990086927744,3.795130534871754,1.7910990144108254,4.3152612980130804,7.063893281490043,5.7621207
2023-09-29,4.954429987220948,3.5059865675009765,3.75896289969926,1.7818150637024224,4.281678749924861,7.032492896995562,5.94371
2023-09-30,4.963882845053803,3.5010869480683904,3.759622242699367,1.7852146968640703,4.282134048026458,7.046606325340398,5.959009
2023-10-01,5.144968255717319,3.6201115640741617,3.881574975709181,1.8503403951521151,4.421363293038362,7.3169763031102955,5.971546
2023-10-02,5.058943420155648,3.6267803972266246,3.8551340900493924,1.8194023562149075,4.381966841967124,7.188536826725043,6.1937914
2023-10-03,5.045800774933753,3.4569356124743518,3.722268153389785,1.814675725039642,4.2445994548403165,7.168914177707856,6.014094
2023-10-04,5.108432796081218,3.4668257746704825,3.713719270994044,1.812948902721259,4.237176587487569,7.262427201092348,5.9665546
2023-10-05,5.042999928168463,3.4281887808831626,3.6700683390261957,1.7946831257228189,4.202586448643247,7.164732644965745,5.9666567
2023-10-06,5.136164666440041,3.4481145858052495,3.703202524420398,1.7943876421201752,4.242402279009098,7.303832662905761,5.874721
2023-10-07,5.141636779779699,3.44447395668067,3.7014981911296756,1.7908426277462741,4.23917902951212,7.312003168156299,5.981744
2023-10-08,5.134130701912854,3.419166158632246,3.680907796270583,1.7734866286451363,4.217466939385491,7.300796252213513,5.961423
2023-10-09,5.075158722833556,3.3106115282568607,3.5872901577172294,1.7033242613158996,4.106961440378271,7.212747876982986,5.9517226
2023-10-10,5.039556308952152,3.239085350496839,3.525544405967585,1.701193451861862,4.043227260334278,7.159591680001217,5.790889
2023-10-11,4.947811140476652,3.146578719720841,3.4353772486382717,1.713586269774039,3.9767189671532073,7.0226112552530395,5.74709
2023-10-12,4.927035914299149,3.139614278481956,3.426262855166493,1.713129473810571,3.963322504158414,6.991592784461505,5.6947207
2023-10-13,4.946820313581412,3.1742267246050395,3.457501013964892,1.7376451973575744,3.9989395871412396,7.021131539863367,5.63149
2023-10-14,4.942119482052146,3.1476196298696952,3.435784286399863,1.7164794657746005,3.976747960133888,7.018042650032316,5.6731133
2023-10-15,4.942119482052146,3.167543887329664,3.46160460534121,1.7222657416017764,4.004391406890549,7.105447257306786,5.6732745
2023-10-16,4.942119482052146,3.366310736713481,3.6616040643532273,1.8418750694003054,4.223388164232567,7.454134428784329,5.7031693
2023-10-17,4.942119482052146,3.3198109056390503,3.621109115302289,1.8076900719887508,4.173173395581782,7.425015827569821,5.913763
2023-10-18,4.923872504332483,3.3206180776451393,3.619341164436567,1.8055094862880714,4.165083692245558,7.403500509148856,5.8223267
2023-10-19,4.991438974910799,3.3413146938332123,3.6479774074909384,1.8285663914120782,4.20067704506287,7.510353661679426,5.7987413
2023-10-20,5.148342728239289,3.5011124498534594,3.804913702338448,1.8860546806158385,4.373690714586606,7.758488934902561,5.848029
2023-10-21,5.188025089908764,3.5438723846003817,3.8461057443004174,1.9005939828030012,4.424102376824651,7.821245085827714,6.019859
2023-10-22,5.201132573968049,3.5412566406803805,3.8464207901001526,1.9053964608721923,4.430690801618707,7.841974358430892,6.1001797
2023-10-23,5.710724065500424,3.7936605225606246,4.139604612044828,2.0921067365636605,4.776325327432631,8.647868594420048,6.1760297
2023-10-24,5.848713041797713,3.7294565762901013,4.110375469961036,2.0896277585758174,4.751213814966132,8.86609186482861,6.6413903
2023-10-25,5.945201710006884,3.749848475200145,4.142220086810926,2.106956417337569,4.792606893553294,9.018683706871148,6.7183423
2023-10-26,5.8870868177460975,3.7571029661483486,4.139935295362522,2.052325809364649,4.782618460634014,8.926777853518375,6.7634344
2023-10-27,5.8459977425658884,3.716868436746145,4.099781534562363,1.988314299684234,4.727582340895143,8.861797366163454,6.7586536
2023-10-28,5.875635562925814,3.719410289181639,4.106406674074988,2.0331697018246495,4.742190300226063,8.908668101515724,6.6681786
2023-10-29,5.949850514041209,3.761479477057501,4.1528016206639045,2.04192005373858,4.795468050927482,9.026035650924056,6.6894712
2023-10-30,5.943125532562864,3.777972113045092,4.165807702601918,2.0397443801680533,4.81032931859103,9.015400592476489,6.7674456
2023-10-31,5.969999635373706,3.770369183972959,4.163394552667522,2.0469571817638332,4.814138797983223,9.057900375089941,6.7952795
2023-11-01,6.0995205707713644,3.8367823839031234,4.238561410407679,2.0909836165053686,4.898773159120808,9.262731435207789,6.8121967
2023-11-02,6.018522536196916,3.758679252658338,4.160401103204463,2.0634509657224194,4.806328923677268,9.134637188477853,6.936948
2023-11-03,5.982373420532144,3.7918270853017377,4.183619056851437,2.051163248089027,4.832498436657321,9.077469262910478,6.7935405
2023-11-04,6.041166169234543,3.8354328746636352,4.229035795138117,2.0711479332372202,4.88624281228169,9.170447062565414,6.8448505
2023-11-05,6.032640026354204,3.8794159409721085,4.264933051795804,2.0682497479209556,4.924793146080953,9.156963503187066,6.9276347
2023-11-06,6.036612910679607,3.891231053503111,4.275364223093788,2.069600200895612,4.949881704411656,9.163246724661278,6.9980693
2023-11-07,6.095583838789515,3.884716658960692,4.279006136499251,2.089645452345561,4.95163724190645,9.256506697277079,7.0483866
2023-11-08,6.132413393206152,3.877288392574105,4.278330449590873,2.1021644630298613,4.959016207580047,9.31475071022921,7.0350933
2023-11-09,6.308830373967153,4.20713466266637,4.584183460535372,2.1621316850617784,5.27824904632428,9.593745471898686,7.0559697
2023-11-10,6.411005289355095,4.176729977406165,4.576736421455774,2.1968627285856543,5.268460814830136,9.755330268385558,7.569141
2023-11-11,6.380313886411636,4.138360065361179,4.540158312468426,2.1864301831082167,5.233616937796934,9.70679322631474,7.525052
2023-11-12,6.3715398417469356,4.1265092820751335,4.528958627980873,2.183447731632988,5.2208557260953325,9.692917382912194,7.47657
2023-11-13,6.27066705630445,4.113220462278282,4.502315312242748,2.1491593048867985,5.177423701381923,9.533392169555283,7.4552064
2023-11-14,6.118359169650083,3.983987098044463,4.371304131729851,2.0973871862573112,5.037568869354346,9.292524971649726,7.392781
2023-11-15,6.503641796243224,4.173879925599626,4.590571704198141,2.0953905062039393,5.283665501800228,9.901830265842317,7.1797485
2023-11-16,6.218686442051461,3.984608851705902,4.388559288219079,1.998965627541971,5.058550341546974,9.451187406046412,7.5310273
2023-11-17,6.296235155704457,4.002291765028192,4.415230992233878,1.9987819170783916,5.080065145007154,9.573826489948718,7.1932683
2023-11-18,6.290370083540612,4.003704912368183,4.415523059991761,2.0008987760553194,5.076480778733956,9.564551233805647,7.212391
2023-11-19,6.4219730065803615,4.095473196749196,4.5121455730734805,2.047806653049331,5.182663856140331,9.772674602958517,7.206879
2023-11-20,6.4359297479243525,4.111669676243876,4.527812103014759,2.0577237143620115,5.191041969364408,9.794746571636473,7.3647156
2023-11-21,6.15104928072995,3.933186667663678,4.33443862454929,2.0557784350585653,4.96882716006537,9.344222053095827,7.3736315
2023-11-22,6.4274462131632,4.1620343273492875,4.569014139665084,2.118837993405867,5.228231292099242,9.781330188196087,7.0422907
2023-11-23,6.407571462295164,4.1559744718652665,4.560879153936439,2.1319125992608137,5.224240310771316,9.749899389917289,7.438421
2023-11-24,6.480584993564999,4.197918803536724,4.606980939715902,2.1438150901665525,5.278099551894096,9.865367117672683,7.4365354
2023-11-25,6.490525596886835,4.201998713335335,4.611904413546448,2.1536435746461455,5.288315958339167,9.881087289870733,7.5182843
2023-11-26,6.433805797740639,4.162429775012496,4.5702755067147685,2.1466103345975998,5.237791011201991,9.791387702262043,7.5357695
2023-11-27,6.3972551328314085,4.108950930598507,4.520183701391063,2.1451950467289596,5.1789210108158255,9.733584416926572,7.455841
2023-11-28,6.495859358715969,4.15906015287599,4.577209441133879,2.1452563429522753,5.240293129472521,9.889521660601655,7.359585
2023-11-29,6.500086600601368,4.134790834851133,4.557507167657354,2.14288330468317,5.220490643906999,9.89620733209057,7.4461403
2023-11-30,6.478342257109612,4.160093705756564,4.575603473651761,2.1268193717602606,5.235122417460886,9.861819678319753,7.4114943
2023-12-01,6.638861890370926,4.241819531367951,4.668503566365378,2.1614116376396386,5.343268065753879,10.115673767911131,7.440518
2023-12-02,6.767012264601403,4.369237035197632,4.794222770185311,2.189158595463098,5.479175828404261,10.318336756190316,7.5989003
2023-12-03,6.850614559066766,4.424424726262825,4.852930066425369,2.187439322900301,5.542217145476076,10.450550237010091,7.8088636
2023-12-04,7.181551820792042,4.5630601185464865,5.019192711371892,2.386080184051436,5.741545028849139,10.973910692525202,7.9018536
2023-12-05,7.528143692853152,4.707234941712602,5.191126437996385,2.3747937001720905,5.923567036000563,11.522028791159736,8.173424
2023-12-06,7.4752018136082015,4.61766749670819,5.107626387018709,2.3154718747705103,5.822937998748285,11.43830372175681,8.422921
2023-12-07,7.395360654027435,4.755685360210927,5.215481875840076,2.3375031133469064,5.94222377770078,11.312038800969633,8.257387
2023-12-08,7.546072027367417,4.793071755790072,5.268830629565287,2.3976375325219292,6.022515946651897,11.550380801205689,8.478623
2023-12-09,7.468458755958078,4.753250149846513,5.223988792280671,2.3948961534650395,5.967173125350376,11.427639361795064,8.593897
2023-12-10,7.4800985194268845,4.7698592804466236,5.239602271500009,2.396307207462255,5.984673550082204,11.446046499553388,8.508993
2023-12-11,7.056340115630337,4.5098103021201466,4.959660991205242,2.2628838515449234,5.655223498703497,10.775893437334556,8.539474
2023-12-12,7.097290391634404,4.491816267828102,4.950643727872833,2.275777338025081,5.646562487469661,10.840654586234324,8.046731
2023-12-13,7.33001206516831,4.619369580508791,5.092206359928067,2.349051416838392,5.799531373056647,11.208691912602209,8.021634
2023-12-14,7.353518189830691,4.694662432391959,5.159072462359365,2.3564524878471733,5.869755838328886,11.245865781937923,8.241547
2023-12-15,7.17273516800815,4.531970952771116,4.996259956060102,2.299531663980704,5.682755462780379,10.959966266834943,8.357831
2023-12-16,7.2228771773604645,4.552383998924021,5.020784998516243,2.315319233266141,5.7155022907445705,11.039263479511112,8.0674925
2023-12-17,7.076169030491367,4.477339222187872,4.935962709313005,2.269127126819833,5.620028459584961,10.807251771581946,8.115213
2023-12-18,7.291086965980749,4.557301770838982,5.034821624225826,2.2669754693493402,5.72357477818022,11.147133756843797,7.977564
2023-12-19,7.227658324795295,4.4902533811671805,4.968879664882178,2.2454420875283647,5.6516703084540065,11.046824797506428,8.113312
2023-12-20,7.4604464928182335,4.575319592740029,5.073731855834175,2.316567333284667,5.761460376641976,11.414967659002842,8.002171
2023-12-21,7.493591090502761,4.630918649545554,5.12604937067177,2.3266942124805774,5.823682273742296,11.467384526524222,8.144353
2023-12-22,7.516465840308098,4.74547111031798,5.227498644678708,2.333683279903275,5.944576553964898,11.503559944033947,8.246268
2023-12-23,7.468971344543447,4.713293328914013,5.193643495610484,2.3191719853129094,5.8985650875935445,11.428450076762207,8.453012
2023-12-24,7.35306563995872,4.630563854614668,5.107582184569522,2.283758580099231,5.799900599328969,11.245151051118995,8.382091
2023-12-25,7.446382585598714,4.659969448449386,5.145505882369673,2.2815854255154204,5.85039758318422,11.392726928894614,8.232593
2023-12-26,7.268861667204232,4.567588281593823,5.042296857918998,2.2260060372556483,5.741349985446403,11.111986100183511,8.301234
2023-12-27,7.427331591701626,4.817236290017061,5.289823874749459,2.2736859219761554,6.032516694488653,11.36259833075619,8.150176
2023-12-28,7.279719636243715,4.791990232520731,5.274541436653397,2.229272945558554,5.986570654092031,11.129157068484783,8.583167
2023-12-29,7.1941470390547355,4.67048115659379,5.14956819756865,2.203526157439955,5.844667893630803,10.993828473130975,8.455037
2023-12-30,7.2069688550422,4.848034467875402,5.299894505201294,2.2073839412442244,5.998898361182424,11.014105557736228,8.291239
2023-12-31,7.199721816937939,4.716425682343602,5.184938514841527,2.2052034773961338,5.881047833895649,11.052532651642423,8.309692
2024-01-01,7.199721816937939,4.887177250858463,5.371432590381231,2.2708043439832184,6.072007249848846,11.55767504783567,8.27791
2024-01-02,7.199721816937939,4.764992582467964,5.266320133184831,2.182856154437639,5.966685641088701,11.754225327607843,8.576448
2024-01-03,6.8719247227799345,4.4216638784188715,4.921507848529319,1.9978420431213313,5.5559446144435825,11.20265540415973,8.600908
2024-01-04,7.0743280537051625,4.5375828505785645,5.0485879357268155,2.0431071507641123,5.696782766737896,11.550489469903109,8.075637
2024-01-05,7.073309196149808,4.5338679100037425,5.045126480580415,2.0406058902771074,5.691602196724252,11.548738708947182,8.298663
2024-01-06,7.043781931883772,4.490821916411895,5.003016637600328,2.036416497864758,5.643838061980948,11.497995676094249,8.294805
2024-01-07,7.037369961274475,4.4474477612575125,4.963076489258954,2.0326126087943353,5.595256037085232,11.486976876879872,8.219004
2024-01-08,7.500444581742545,4.810180814589165,5.342451775331779,2.166509466144519,6.010808068085264,12.282779897589922,8.161626
2024-01-09,7.367974088793181,4.6713161677130115,5.202537266412593,2.1282059575660943,5.866845795016943,12.055126404718692,8.643854
2024-01-10,7.450409467441025,4.965646465328114,5.548580511023091,2.1520419391715255,6.159483146590903,12.196792615113882,8.585893
2024-01-11,7.401217361227582,5.230843329517825,5.804511867851094,2.137818165858795,6.419564450960596,12.112255107267018,9.125943
2024-01-12,6.858326687453685,4.968144054370315,5.535588146680915,1.9808426982126237,6.132517355702026,11.179286322332691,9.218433
2024-01-13,6.868409515692451,4.954952562230484,5.541567639290397,1.9790526932943706,6.1351743713105895,11.196613759824462,8.772608
2024-01-14,6.694727274279548,4.7746750335448205,5.343069341732712,1.8988001653891464,5.920184233131856,10.898137115798114,8.867556
2024-01-15,6.815305947004106,4.855799027399226,5.4298930763072155,1.927445109104497,6.009564818518285,11.105354304646003,8.55145
2024-01-16,6.807557096860135,4.929262799021131,5.520661912732557,1.9835172067581894,6.105689138574944,11.272702299962509,8.681492
2024-01-17,6.807557096860135,4.852196315990767,5.432127031371464,1.9405716010166953,5.994074568605546,11.17051959616493,8.876442
2024-01-18,6.807557096860135,4.713661713941239,5.285016744052359,1.8974584601611413,5.8325754743192455,10.792591767041412,8.725872
2024-01-19,6.807557096860135,4.751483770252081,5.326499597540523,1.9129986327761068,5.885952965538365,10.878990572126105,8.49243
2024-01-20,6.807557096860135,4.738651020367882,5.309080044110554,1.8986397518527303,5.871772436363696,10.890125555791128,8.580345
2024-01-21,6.807557096860135,4.719720187186964,5.287099207252645,1.8877594055292406,5.84864005467573,10.86069072443541,8.550779
2024-01-22,6.807557096860135,4.44002873161259,4.982268025188107,1.7826162551635798,5.541639413898036,10.330180940353578,8.5129795
2024-01-23,6.807557096860135,4.316215073227605,4.845192706379782,1.7810617952960326,5.39855887220079,10.422711127206657,8.061737
2024-01-24,6.807557096860135,4.33520110219292,4.861440477511573,1.8292258132934864,5.423757487987151,10.474848240339115,7.925624
2024-01-25,6.807557096860135,4.310570019784065,4.837710814706084,1.8310696027615312,5.3922485543493925,10.439270926601292,7.943048
2024-01-26,6.807557096860135,4.408380755875299,4.943921121110928,1.8707479881253728,5.515126096824103,10.928840731570718,7.895982
2024-01-27,6.807557096860135,4.461492375808251,4.999003528162377,1.8846870320023539,5.57252224041906,11.010320355865137,8.141166
2024-01-28,6.807557096860135,4.420023183188011,4.942609017157523,1.834314690231047,5.513957094323182,10.986285261323038,8.175501
2024-01-29,6.807557096860135,4.467061474616967,5.002890977069911,1.8672079438568001,5.583307486744477,11.318631664093841,8.137827
2024-01-30,6.807557096860135,4.453596964503929,4.99705484097862,1.8657965086144066,5.56950374119007,11.223652721210957,8.349119
2024-01-31,6.742403153737664,4.39460660156248,4.9310708926901805,1.8479392952453941,5.486377667387809,11.120491708589611,8.358198
2024-02-01,6.822340541436119,4.44259277541608,4.982585311582305,1.8698483144065154,5.543706777643349,11.259205413045903,8.201879
2024-02-02,6.837831804348382,4.46545358492685,5.005696566210424,1.8740941170996814,5.565422285532771,11.286087032262403,8.291765
2024-02-03,6.812077947475672,4.486803098202803,5.023607732060505,1.8670355709056845,5.586980175959964,11.241397340014638,8.31053
2024-02-04,6.745486697563077,4.398453777246571,4.934357202746298,1.8487844244483902,5.490061049059639,11.125842998706664,8.289928
2024-02-05,6.758909909235819,4.428457567621959,4.964040870724212,1.8524634213509565,5.521361458719741,11.14913554673648,8.220999
2024-02-06,6.82489810010986,4.470586442871127,5.009856116855894,1.8705492830471226,5.575562551914047,11.263643808675125,8.252896
2024-02-07,7.012841890737239,4.5377371228538825,5.090415926489923,1.9220603997926675,5.66903026162285,11.589778392749777,8.427444
2024-02-08,7.157674314486684,4.614209025042929,5.175892887442656,1.9203260287383448,5.774839843533148,11.841102786271316,8.62485
2024-02-09,7.4371018670872315,4.754718885031008,5.333949518426739,1.9619091919171852,5.941281073128538,12.325986773555465,8.703175
2024-02-10,7.528473842506912,4.753825233286646,5.339964910402036,1.942368380557824,5.949354644815537,12.484542311586809,8.969667
2024-02-11,7.611199422189463,5.086009077127573,5.673846865838397,2.164850641996453,6.288534574067088,12.628093724248373,9.033355
2024-02-12,7.856029624835863,5.187541440267962,5.793122502047357,2.187449399596006,6.431596696667752,13.052940773326114,9.142029
2024-02-13,7.823428547386893,5.073442110818052,5.68203970741212,2.111896390666379,6.301988320912422,12.996368903329873,9.559299
2024-02-14,8.144730754573633,5.302117944807239,5.928921079498292,2.109506233195186,6.556991702944774,13.553915789100197,9.458135
2024-02-15,8.156132394679092,5.356233610984994,5.981948371147083,2.0337674676200397,6.596333773959655,13.573700680566997,9.887251
2024-02-16,8.190526175435835,5.3429210627023265,5.972177918667271,2.0610791836404836,6.5946879005504275,13.63338309461019,9.967478
2024-02-17,8.115756268259915,5.303552756479484,5.928281355792584,2.0103063464415953,6.539698991685113,13.503636434307072,9.954421
2024-02-18,8.189168851336381,5.424687472891817,6.050483197108318,2.033411003601096,6.66899640164928,13.631027924826329,9.870682
2024-02-19,8.133955707517984,5.475456976910372,6.093530624375514,2.0518089429329285,6.716869917810476,13.53521790861105,10.097343
2024-02-20,8.207828968864877,5.570344238503329,6.189437546864804,2.0502880212981958,6.795625523159402,13.66340752686302,10.201946
2024-02-21,8.143688786225072,5.502357502781869,6.11985076279407,2.0178789914985376,6.720348995672626,13.552106387683178,10.342925
2024-02-22,8.054376625140971,5.478220375252986,6.0883351972019195,2.018783208279524,6.684481865326889,13.397125502424263,10.213827
2024-02-23,7.977313328567712,5.405697887276987,6.013317026378017,1.9877922583143766,6.61541246295825,13.263399524153286,10.170143
2024-02-24,8.101361690272395,5.515749275454752,6.128112797313627,2.033568114581399,6.740838536809231,13.478658003440529,10.051449
2024-02-25,8.125513469328544,5.649328388622285,6.2541151496949725,2.1114072392842202,6.864939819085754,13.52056767864573,10.260697
2024-02-26,8.547616553546506,5.838850461348336,6.476637008534497,2.109525578355438,7.102166850584268,14.253031798881429,10.501707
2024-02-27,8.93072613450685,6.01753860919232,6.680801543205252,2.16404024872507,7.338023272417491,14.917831130648146,10.842282
2024-02-28,9.750361618486187,6.402632329039966,7.121908472000891,2.1799100380529155,7.782326731575524,16.340124027255715,11.189178
2024-02-29,9.548553941825213,6.29762118081111,7.005155116921743,2.329977056627928,7.694961193893012,15.98993251424688,11.840944
2024-03-01,9.737983905263697,6.4509599611825825,7.166213988217626,2.468350590943622,7.900687736934342,16.31864591605912,11.711813
2024-03-02,9.679101809089783,6.42150701844718,7.133414402676624,2.7392507050296526,8.130537180295503,16.216469183269233,12.051479
2024-03-03,9.846092681141608,6.320352707890344,6.983427116816206,2.7355023447370996,8.044325058353609,16.506245067138607,12.394716
2024-03-04,10.63015591875033,6.48819378748101,7.14174138940908,2.7512255405097603,8.231560641851658,17.866809674719864,12.511547
2024-03-05,9.943435823568372,6.022409236141671,6.554082297547743,2.352062431768261,7.5196221202086715,16.67516195303712,13.128577
2024-03-06,10.293094749273239,6.375512756530949,6.893799221259577,2.4298200397386367,7.899513195857695,17.281916540159717,12.494665
2024-03-07,10.41598817937531,6.520683012932764,7.070513957301643,2.5218156630813495,8.096194090536137,17.495170399062356,13.214304
2024-03-08,10.619464417434656,6.564135018270745,7.122099775838443,2.547918887748726,8.158874370996415,17.848258164444985,13.418918
2024-03-09,10.648208858788301,6.563092799061146,7.106893452334425,2.5467730553320376,8.154411303468796,17.89813732391329,13.554828
2024-03-10,10.731367464278048,6.481262843211417,7.008701271642207,2.4559286781511114,8.04175083213926,18.04244073177646,13.620144
2024-03-11,11.195098095963969,6.784483877235269,7.344663123714297,2.8900633075565816,8.484975501909373,18.84714021984208,13.554128
2024-03-12,11.09944881399768,6.4491646009442025,7.018179961506114,2.7236006740731122,8.197475159124144,18.68116237701396,14.294494
2024-03-13,11.349340005765665,6.479971244912157,7.0690709352400765,2.715876783495305,8.260426597365967,19.114793150525774,14.009415
2024-03-14,11.082677300872843,6.36382762969686,6.9631548961930285,2.6303815993223694,8.115512227465928,18.652059782598684,14.1852045
2024-03-15,10.802875557493252,6.139108058656456,6.700854963007935,2.516654417535104,7.806463549916358,18.16652657990316,13.7909355
2024-03-16,10.16234919631408,5.760366281840057,6.291563051451952,2.363242397620331,7.328928834536154,17.05503792750109,13.327445
2024-03-17,10.627670727161213,5.999842859089562,6.538641285411443,2.3612702051539465,7.609268889718358,17.862499252795914,12.51589
2024-03-18,10.517629220608535,5.953880820467732,6.495529155769133,2.3347011370479036,7.555785623507401,17.671547473848264,12.996812
2024-03-19,9.658088878785513,5.423701317234417,5.912705756126213,2.1474200784002915,6.871544089355335,16.180008860616322,12.719913
2024-03-20,9.64820809003345,5.953959762250133,6.528238608594653,2.3427662574358727,7.603793324352343,17.73577909173769,11.496387
2024-03-21,9.64820809003345,5.8469012276602355,6.450476707363213,2.2648546613988185,7.52622146261876,17.115277956472944,12.72775
2024-03-22,9.64820809003345,5.849228689590163,6.4981492044994935,2.2100450703284964,7.549978094883842,16.67876492593956,12.534327
2024-03-23,9.64820809003345,5.85010109896333,6.495245841299449,2.207950845561731,7.647368770719126,16.726934591021152,12.136296
2024-03-24,9.64820809003345,6.1657546796122,6.8415467782815105,2.340756152978998,8.050845245060996,17.564883703784936,12.191335
2024-03-25,9.64820809003345,6.20743463544447,6.884973151847394,2.351664346354422,8.164811567075876,18.266735048345076,12.734444
2024-03-26,9.64820809003345,6.363740619848094,7.014352128920567,2.313002343588794,8.300940516218299,18.293425456513816,13.1868725
2024-03-27,9.64820809003345,6.586130034489387,7.351973797083748,2.5880551223532584,8.648229157234955,18.147993669706107,13.217298
2024-03-28,9.64820809003345,6.75977712907666,7.56218516010328,2.721116821616624,8.886278628516555,18.50481127757688,13.093244
2024-03-29,9.522494146134482,7.617492576983805,8.471991431753125,2.967725425674889,9.838200142815666,18.270256411509965,13.357587
2024-03-30,9.486650837821827,7.255356224413695,8.091196720890926,2.964773950031139,9.437372511921167,18.197889616607043,13.417443
2024-03-31,9.701805754738233,7.754169317983596,8.688135213437729,3.0208063457876864,10.092945390326964,18.632283930266592,13.2994175
2024-04-01,9.493764684233364,7.374950369913314,8.278177023128368,2.8634197815321736,9.65411553687649,18.212252777908898,13.831326
2024-04-02,8.947773432417808,7.619964126361711,8.521217270186348,3.0684328302382284,9.850950518155942,17.10990732772052,13.355275
2024-04-03,9.015578482007651,7.0538174082916365,7.90855095200991,2.83741665866239,9.22116154919152,17.246805220675103,12.685265
2024-04-04,9.344040163597974,7.431396318276652,8.370444843435745,2.840701323007742,9.7251186985687,17.909963431278577,12.632923
2024-04-05,9.257472521084217,7.3699133459359345,8.301570072765497,2.838006043846983,9.647082676112833,17.735185276617955,12.961641
2024-04-06,9.24868829316995,7.703648009264084,8.670857076186474,2.939154752676872,10.045508770935486,18.013113627316145,12.878723
2024-04-07,9.24868829316995,7.638715810797112,8.59799395098896,2.927310388922998,9.98678150342632,18.12561871305575,13.108701
2024-04-08,9.527771909459121,7.699171294649831,8.658756144713962,2.9829512215784586,10.098981845409357,18.719483562140653,13.3111515
2024-04-09,9.210337865586355,7.427058190086774,8.37212486445998,2.825669225782818,9.756313145002736,18.064632529673663,13.935971
2024-04-10,9.402536173198019,7.178118085352884,8.089695270535707,2.8030823239907523,9.4754209494072,18.461127642656766,13.33824
2024-04-11,9.324833341079644,7.180791966221127,8.079989408658012,2.8006936793211077,9.455755605479048,18.300830294725404,13.443935
2024-04-12,8.960954177285315,6.2739972831819415,7.0852888235946665,2.6888984120716346,8.354728868403745,17.550164487959776,13.311194
2024-04-13,8.56518333787866,5.840401448132502,6.591335157009172,2.570198209388164,7.6998477532230565,16.733707914799865,12.369289
2024-04-14,8.556640189421556,6.165425659206646,6.975034938879985,2.636781544726858,8.132264996901549,17.19168915141591,11.560998
2024-04-15,8.556640189421556,5.953394440227473,6.741530813925464,2.548440842203158,7.87107938933655,16.58405473868305,12.056091
2024-04-16,8.556640189421556,5.863048280372754,6.627507429256088,2.562225124271133,7.7580368633539765,16.678866428197896,11.749619
2024-04-17,8.556640189421556,5.616377365317423,6.352547657412988,2.5598002731718323,7.456086148561801,16.0161591861839,11.71943
2024-04-18,8.556640189421556,5.7400993290562266,6.477451328813262,2.6586893957894353,7.650975258788029,16.60017202886153,11.316915
2024-04-19,8.556640189421556,5.745552093097127,6.479465710959869,2.626541597300108,7.641064969187079,16.687603555114652,11.662017
2024-04-20,8.556640189421556,5.880440758824398,6.632895280016443,2.8292359578787987,7.850298422728108,16.980460910872154,11.658793
2024-04-21,8.556640189421556,5.872530239420179,6.623216704358406,2.760587451645202,7.826519359031852,16.97629201190275,12.023895
2024-04-22,8.556640189421556,6.009990344157614,6.7680483423028654,2.8680968521361456,8.002136168186075,17.47451452157424,11.977179
2024-04-23,8.556640189421556,6.002252431215646,6.765072969463168,2.7773693108166704,7.984228099192179,17.35820430883634,12.254259
2024-04-24,8.556640189421556,5.830506022920901,6.580953649091555,2.638446239152835,7.759789426693381,16.794084934028188,12.225214
2024-04-25,8.556640189421556,5.8550220876381625,6.608286680563676,2.6336213566133546,7.79066779105868,16.85384896441924,11.865985
2024-04-26,8.556640189421556,5.797847392898123,6.547441895144996,2.656539188574193,7.748077324410751,16.659904114295255,11.914675
2024-04-27,8.556640189421556,5.8801892553652895,6.654142572156125,2.6540606499186525,7.839363960787724,16.5761657637757,11.860019
2024-04-28,8.556640189421556,5.87225069316538,6.647955830411463,2.618545009708314,7.82826391403862,16.494344167656216,12.028264
2024-04-29,8.556640189421556,5.8712643278553465,6.639112061993104,2.5889877492123454,7.812387903793188,16.68668361803177,12.017192
2024-04-30,8.556640189421556,5.547875467834458,6.281263727898845,2.424122674161472,7.388845284880642,15.844375499147711,11.9630165
2024-05-01,8.556640189421556,5.3960662145645495,6.12300821521632,2.3733096103901716,7.215533368619,15.228470045218247,11.266385
2024-05-02,8.556640189421556,5.450718030376518,6.180268753753868,2.3991126100360187,7.280942555443327,15.43920786312548,11.013537
2024-05-03,8.556640189421556,5.606176122698463,6.357627894262938,2.52685929870272,7.557674843331586,16.443140081043317,11.110415
2024-05-04,8.556640189421556,5.609474448444445,6.363217010780131,2.579100098225841,7.575071587311586,16.70184986427748,11.652681
2024-05-05,8.556640189421556,5.6119977858843955,6.368812607770613,2.6101378600241336,7.586303563922368,16.733361669072973,11.760482
2024-05-06,8.556640189421556,5.53341694644637,6.2775891638572725,2.631869682791766,7.4866651106217,16.508272576334658,11.812641
2024-05-07,8.556640189421556,5.489048970685176,6.223318881790928,2.6197611991705068,7.421821973512659,16.287034855928113,11.614291
2024-05-08,8.556640189421556,5.469736764172412,6.014094268874292,2.499205632088334,7.379167857007917,15.987452215428965,11.445504
2024-05-09,8.556640189421556,5.567009261699925,6.11189186888029,2.5348964440832256,7.513921193636799,16.485097068756183,11.272661
2024-05-10,8.556640189421556,5.362381464863067,5.89163183697079,2.386369810270953,7.234854844993815,15.887594916042648,11.545351
2024-05-11,8.556640189421556,5.400148156314294,5.9269847984995465,2.401174823294188,7.279599701971146,15.89469343652964,11.077356
2024-05-12,8.556640189421556,5.425261254212518,5.957089370039666,2.4185708346183947,7.315481094672031,16.06154530451941,11.097983
2024-05-13,8.556640189421556,5.453785185622603,5.997249202467901,2.442417474832158,7.367429500207224,16.44819304580188,11.177675
2024-05-14,8.556640189421556,5.33116887197924,5.867955162653785,2.3977379625597806,7.2079574590747235,16.084236484609345,11.321644
2024-05-15,8.556640189421556,5.649009501744179,6.211007440934243,2.5830129784525493,7.638445279479726,17.313908803035545,11.064251
2024-05-16,8.426722851858418,5.608915359924777,6.164820005790265,2.482867190849733,7.561703067062964,17.054503823546327,11.765664
2024-05-17,8.646880735685388,5.820671686695886,6.386049182786671,2.4803560445765513,7.802755455656322,17.523428024903804,11.496906
2024-05-18,8.631853695398224,5.79857747369892,6.363526556822509,2.5207431327624406,7.79127841799406,17.491421050183142,11.953934
2024-05-19,8.550589762316093,5.827848981815969,6.3877133949390235,2.5683311067961223,7.766409754300517,17.318333589024423,12.0158
2024-05-20,9.18506255978306,6.239909276642964,6.828919024423986,2.735620849535176,8.349029239804727,18.669724279315876,11.873418
2024-05-21,9.026850593802074,6.308912264150274,6.914984883187639,2.719068658050357,8.376282558974607,18.33274215335199,13.46224
2024-05-22,8.900102901458409,6.165535526385032,6.766777366658132,2.6384263527993266,8.19527718749773,18.06277668687263,13.610368
2024-05-23,8.75659778237027,6.138560784204661,6.744883932040048,2.635909587910514,8.167978009455418,17.757118432695663,13.390587
2024-05-24,8.83112423289175,6.116362818545697,6.717773382664411,2.5979476928248424,8.143495347685487,17.915856158209763,13.379914
2024-05-25,8.922158857814823,6.160848715619686,6.764611664724257,2.612632999392667,8.181243678433542,18.10975540214768,13.321875
2024-05-26,8.822034191679442,6.179226958007064,6.790884968297381,2.662159947369727,8.194757654813337,17.896495457512554,13.413005
2024-05-27,8.931858608604328,6.270519593292794,6.888544239444196,2.70646717439303,8.312164124046069,18.130415226375156,13.473848
2024-05-28,8.803414083003357,6.184325068579536,6.796531300886596,2.6728574886867946,8.188135974443865,17.856835029927524,13.683129
2024-05-29,8.71107280060587,6.091377101862786,6.695737903984333,2.6212772272992613,8.075222674852364,17.660153736369626,13.468012
2024-05-30,8.805451241574984,6.1153014679572015,6.718206868268757,2.611096208234147,8.104587936747771,17.861173950869723,13.260448
2024-05-31,8.699164290593293,6.084159733475247,6.688116624221145,2.608548165961902,8.056749143123232,17.634789120635872,13.290578
2024-06-01,8.729458995544789,6.135979946332694,6.745084819054965,2.6417012498086776,8.127642221883356,17.69931498920296,13.225963
2024-06-02,8.731451096962125,6.1115787363363845,6.717580608320921,2.619547084580663,8.091699060479307,17.703558043884176,13.363134
2024-06-03,8.860967407637487,6.150624783231612,6.755483683873756,2.6111141558186555,8.138454340471169,17.979420604889324,13.288193
2024-06-04,8.852530931952112,6.264379560548423,6.873972650526073,2.640257315798423,8.282058232250812,18.437151020140742,13.344669
2024-06-05,8.913200021595507,6.333165131313295,6.94884684485983,2.6773654540198173,8.386623143960627,18.58842448449421,13.575801
2024-06-06,8.871775165009389,6.291626058800103,6.901675094933899,2.641444174823797,8.322657984133714,18.497608619113414,13.767834
2024-06-07,8.69901387917584,6.0661302847844025,6.661009398757708,2.63889771332942,8.031764834250323,18.118865118545706,13.631061
2024-06-08,8.69657175367065,6.062697032972508,6.658076110876172,2.595119210342874,8.00635088007037,18.113511714596406,13.20764
2024-06-09,8.736369457984622,6.096880556067882,6.694987408706805,2.6218460391652325,8.050677859798679,18.20076034444536,13.200482
2024-06-10,8.719662041008235,6.0602745407666765,6.654027726347262,2.591706207602378,7.997601086687334,18.164132558791916,13.284809
2024-06-11,8.459622244604592,5.835129269157136,6.410114959991631,2.473142700362785,7.703607090801835,17.594049010991455,13.180869
2024-06-12,8.570742680682633,5.9237076945217035,6.505119388605824,2.5131013845912067,7.819293404852668,17.837656913348756,12.652838
2024-06-13,8.56260522417758,5.786712475386104,6.358859541099655,2.3953780282210646,7.644044284143947,17.443064570919667,12.857399
2024-06-14,8.56260522417758,5.6970715549588995,6.261362006133769,2.348383100491295,7.559214215737611,17.25110391779804,12.548621
2024-06-15,8.56260522417758,5.764683935715899,6.338165389739584,2.387134198041827,7.659549487142107,17.300138909278864,12.492641
2024-06-16,8.56260522417758,5.771410732841041,6.342820501280862,2.3778402994575716,7.692733529134976,17.414289277090614,12.698196
2024-06-17,8.56260522417758,5.679152976826101,6.237527792975807,2.333103187053103,7.562001173745637,17.375885331587195,12.829553
2024-06-18,8.56260522417758,5.483974470390677,6.020640687708395,2.1731631708868435,7.345852566873989,17.0285305586794,12.569109
2024-06-19,8.56260522417758,5.522444676837804,6.068617506315763,2.172007983471649,7.406746240640356,16.973902331223233,12.34141
2024-06-20,8.56260522417758,5.4844329388746935,6.024972322567073,2.1757360227578904,7.363654763898302,16.947005664131648,12.4844
2024-06-21,8.56260522417758,5.456179347410974,5.998918491565187,2.1399779326343267,7.325821218205489,16.75866773291094,12.393359
2024-06-22,8.56260522417758,5.445476567314537,5.98525253727603,2.1878130112335468,7.321106338057751,16.788654543913548,12.34105
2024-06-23,8.56260522417758,5.345091848763022,5.877536374545708,2.1291612505840427,7.18568251720375,16.510673148009555,12.323537
2024-06-24,8.56260522417758,5.166382591561133,5.69588199284789,2.039214631198883,6.950935796022705,15.750516859959696,12.077025
2024-06-25,8.56260522417758,5.265291366217043,5.798198870111229,2.1700652046920927,7.094805631347233,16.149542340950692,11.691174
2024-06-26,8.56260522417758,5.204403159751073,5.735349642926412,2.091197744397873,7.010517964427798,15.895227624078903,11.933544
2024-06-27,8.56260522417758,5.293180414900237,5.832355885706259,2.1699076864192204,7.141314935016015,16.103980427510596,11.793422
2024-06-28,8.56260522417758,5.223098950802269,5.754132771102073,2.1528425124743444,7.031707628351425,15.763676035831681,12.035277
2024-06-29,8.56260522417758,5.300504238817675,5.830726188346001,2.126745916985869,7.113191086270672,15.91325849485852,11.801008
2024-06-30,8.56260522417758,5.3559881959040405,5.893512958429848,2.195164131038245,7.203698790940915,16.3791618214985,11.848014
2024-07-01,8.56260522417758,5.325801789611033,5.864705164391771,2.1467515388526244,7.164830198076371,16.421467684305107,12.107199
2024-07-02,8.56260522417758,5.372103988662769,5.9075922595759325,2.1321016985059225,7.205254218704779,16.2150142123596,12.106556
2024-07-03,8.56260522417758,5.140183107584674,5.662916023658477,2.1305711170040533,6.918278916704344,15.719677372863067,12.019419
2024-07-04,8.56260522417758,4.727541018933952,5.224567258438661,1.8999921151358405,6.381609985667675,14.908701628422293,11.606121
2024-07-05,8.56260522417758,4.652126143702387,5.139878579760639,1.8729019809010603,6.227532563290593,14.803448100996855,10.82436
2024-07-06,8.56260522417758,4.781124914456076,5.27806597203196,1.9666585343494045,6.409943857603819,15.22301990720698,10.609682
2024-07-07,8.56260522417758,4.582779279070053,5.064997399451583,1.8024896336264342,6.132974376087956,14.59818999415462,10.941479
2024-07-08,8.56260522417758,4.680046735190283,5.172790354473547,1.9169301381898303,6.284097781283928,14.819130846517474,10.439048
2024-07-09,8.56260522417758,4.747906671335637,5.240671728089235,1.9014035066065256,6.372525804774812,15.171559636326052,10.723474
2024-07-10,8.56260522417758,4.7868709447598405,5.289612480288585,1.952923520017419,6.436139931064264,15.08393250556016,10.905243
2024-07-11,8.56260522417758,4.783567830361301,5.288359379624269,1.989839715613257,6.440753665310498,14.986752664721639,10.977329
2024-07-12,8.56260522417758,4.997916103901233,5.514326641089448,2.107700264093703,6.6483457930615115,15.135274768660254,10.964971
2024-07-13,8.56260522417758,5.063737389983993,5.5828643908245965,2.1440193643895817,6.731503831184065,15.47911000832267,11.12509
2024-07-14,8.56260522417758,5.076351964229652,5.595972892887619,2.1509141252117465,6.761304986515459,15.893068689183318,11.309722
2024-07-15,8.56260522417758,5.386044034265977,5.927092584862331,2.278220840624059,7.13040284625479,16.925122503038203,11.552966
2024-07-16,8.59615336111897,5.305196680801794,5.849774629824649,2.207319915646997,7.044860637714286,17.011850407214094,12.337543
2024-07-17,8.470138878216419,5.182197473271547,5.721022864147219,2.142173571177362,6.890764972189358,16.749656116182933,12.271348
2024-07-18,8.457206905283103,5.203246797594002,5.742177134811845,2.1814243033635763,6.931410286088044,16.72274938851207,12.053718
2024-07-19,8.799476557038513,5.36752089306764,5.921612419366714,2.230446920949948,7.14137646134836,17.434897894564052,12.134499
2024-07-20,8.8567845055427,5.394937464049833,5.951158761436466,2.2528138060430742,7.175552586389755,17.55413580533675,12.503476
2024-07-21,8.984591947242382,5.446254988952834,6.007205748251517,2.2820211103217427,7.245920372879413,17.820061268759357,12.562797
2024-07-22,8.906325910029112,5.3119909453013125,5.866598406922025,2.199773883563973,7.085738637449303,17.657215388162655,12.682172
2024-07-23,8.702958061878991,5.116869710016544,5.659242683672704,2.0933138128251354,6.868982029821465,17.234074936180537,12.409399
2024-07-24,8.631000256273794,4.9833011005017624,5.516730726492695,2.0913792908205853,6.734973650958349,17.08435500314616,12.360062
2024-07-25,8.684892063796696,4.987371450841213,5.520873022952318,2.1026633192353836,6.714618547816077,17.19648485036375,12.017352
2024-07-26,8.952283359656677,5.150642754732142,5.696831480399594,2.167371244970961,6.94168281672054,17.752837323799103,11.7171545
2024-07-27,8.949184200444124,5.244712128232543,5.799052880754154,2.1666212573413204,7.053740158225256,17.74638894817759,12.101635
2024-07-28,8.992507659151329,5.418363776635926,5.98369928377476,2.177105409937305,7.257214463404272,17.836529754219892,12.076645
2024-07-29,8.807496293924196,5.50830042627466,6.071828870221201,2.1323331908459844,7.371124495426811,17.451582700068787,12.179133
2024-07-30,8.731904483707192,5.442374869512917,6.002785854523531,2.130172477434942,7.281478105829163,17.29430099668122,12.228594
2024-07-31,8.535937620104717,5.263687704762919,5.815958711452588,2.0421559934136675,7.064006244106152,16.886559881633453,12.085524
2024-08-01,8.621174802810817,5.282232767346056,5.837968260607525,2.0373812653167795,7.081955657886728,17.06391026111617,11.846605
2024-08-02,8.135029285237069,4.929234485782542,5.46444571500219,1.8890822649248853,6.625625246899444,16.052403732166244,11.826238
2024-08-03,8.127314251738078,4.789673455380425,5.318085074331126,1.8096430351423793,6.454661430749623,15.858177601441406,11.06139
2024-08-04,8.127314251738078,4.484083583238434,4.9907139902567055,1.6599396021166553,6.063673595749857,15.193275092035343,10.819016
2024-08-05,8.127314251738078,4.103594409724434,4.578942258498336,1.5542391535149318,5.595065357645306,14.121208949550537,10.165585
2024-08-06,8.127314251738078,4.207174637803569,4.6902377682673055,1.5799386564236393,5.737426826367427,14.648889437585126,9.285705
2024-08-07,8.127314251738078,4.157017043692823,4.636884929702216,1.5677676212182254,5.6538033391613345,14.413668515417367,9.528376
2024-08-08,8.127314251738078,4.6601296595436805,5.182042013839675,1.7571204546463886,6.317732197426926,16.12754907951772,9.2151165
2024-08-09,8.127314251738078,4.595115448830031,5.111962077945076,1.7325443835587002,6.2291048809616205,15.907102347011053,10.422752
2024-08-10,8.127314251738078,4.643466763368268,5.164579123170242,1.7659210515311887,6.290194683815693,15.926152319328041,10.193934
2024-08-11,8.127314251738078,4.403421870219104,4.906641447136439,1.6506241465997396,5.992709754747963,15.347879151769927,10.234255
2024-08-12,8.127314251738078,4.584638312601781,5.104673367012922,1.7658273369743998,6.238273988807775,15.5141833614051,9.924467
2024-08-13,8.127314251738078,4.611267113882166,5.13402879944456,1.7514094381269474,6.278064082420549,15.839426810630535,10.345822
2024-08-14,8.127314251738078,4.451008190210033,4.961639794933389,1.686294535492661,6.085514224596334,15.339551434832108,10.403587
2024-08-15,8.127314251738078,4.46673827048172,4.978612016948561,1.6692550576335703,6.056429709221895,15.039765216242145,10.176241
2024-08-16,8.127314251738078,4.531147683237985,5.04816877614406,1.668485351121436,6.14024057667944,15.391397338349403,9.928066
2024-08-17,8.127314251738078,4.587144802750862,5.1085125698772345,1.6928732749546647,6.212575926292795,15.550435754483617,10.080453
2024-08-18,8.127314251738078,4.505543971905699,5.020243008910256,1.6628495159027117,6.1067259478081235,15.273498451721146,10.175863
2024-08-19,8.127314251738078,4.542113827873071,5.060776955668438,1.6623730290968481,6.158284636413435,15.538722428388706,10.075367
2024-08-20,8.127314251738078,4.4607259920182285,4.973544862052244,1.6163843260092892,6.052779838296977,15.425007896590778,10.200911
2024-08-21,8.127314251738078,4.535755912730042,5.054734354470745,1.6137631940875263,6.161087090051621,15.985811927882494,10.026525
2024-08-22,8.020600373539908,4.488483598480039,5.003854562853595,1.6119931741333777,6.101543823379391,15.781951381567406,10.306464
2024-08-23,8.488070382531694,4.7061071292064796,5.237330997083783,1.692999916699129,6.391512294292604,16.749889824548962,10.229242
2024-08-24,8.499798082324189,4.725109249501357,5.258052459515504,1.6860666399530693,6.4135729341872585,16.774172209678454,10.803154
2024-08-25,8.508924338177009,4.678560753301468,5.206214088569007,1.6535635949015115,6.34276030860665,16.79306878076408,10.817702
2024-08-26,8.33070176088894,4.559919315018983,5.0777355859196565,1.591604804254225,6.183996338710566,16.42404241715557,10.753696
2024-08-27,7.901487178262537,4.253299178949704,4.744261333635262,1.5114072302733257,5.827303244513473,15.535315120570386,10.492114
2024-08-28,7.851784116577317,4.280507046656928,4.777401400246377,1.5008526658187111,5.87169976477332,15.432400191589892,9.782654
2024-08-29,7.891998515037528,4.314007191040999,4.8139618807078435,1.5039881052879904,5.91291092965162,15.515668035011796,9.900297
2024-08-30,7.860227468742408,4.383531381374918,4.8928892550611645,1.5135711080347163,6.001754479260802,15.449882893424386,9.924996
2024-08-31,7.853373727516055,4.3801838995681805,4.889322323183432,1.5121366051918728,5.9940471043013215,15.412142272416633,9.929373
2024-09-01,7.853373727516055,4.273669198160196,4.774886942943402,1.4677846465819215,5.848363386005197,14.9758309413151,9.890223
2024-09-02,7.853373727516055,4.399495997000325,4.9101179448161325,1.5164489063448428,6.021579655898295,15.456954446790924,9.582757
2024-09-03,7.853373727516055,4.305289565740786,4.809262846922904,1.450538289797622,5.8831735596572585,15.020220260854003,9.956015
2024-09-04,7.853373727516055,4.358546430196036,4.866681572556516,1.4791484850213634,5.955761419009015,15.15146576963214,9.591519
2024-09-05,7.853373727516055,4.313111626759939,4.817484410717686,1.4452351289260403,5.8849860226620585,14.677306947225336,9.695602
2024-09-06,7.853373727516055,4.13381903550149,4.6231638264046975,1.4435078302432245,5.64255061830722,14.100529541743295,9.406785
2024-09-07,7.853373727516055,4.108845329383267,4.596744786360363,1.463153178239959,5.62339995041729,14.154453266358765,8.937193
2024-09-08,7.853373727516055,4.099647461173407,4.586801608890801,1.4908652788057817,5.62109894871163,14.343884439015902,9.043421
2024-09-09,7.853373727516055,4.195348296623445,4.688532942506619,1.5689335795415915,5.75742808610643,14.91177080929455,9.139527
2024-09-10,7.853373727516055,4.257410010094474,4.756545008098058,1.6031086725981925,5.821845386361122,15.066416778366582,9.438264
2024-09-11,7.853373727516055,4.324856424059096,4.830563722790805,1.6396087515366604,5.8752472731694825,14.989889490489853,9.546948
2024-09-12,7.853373727516055,4.31960321503631,4.824317519604591,1.6191966951379746,5.872718120686622,15.194993783802692,9.453963
2024-09-13,7.853373727516055,4.409785794153543,4.921072874432424,1.632448192332714,5.999756286059846,15.823783278097693,9.545587
2024-09-14,7.853373727516055,4.420508035951203,4.9310512055587274,1.5921820193881042,5.988112724328544,15.684999440884239,9.883111
2024-09-15,7.735267196399137,4.298287745165631,4.801339660091971,1.543406696100014,5.823132878371447,15.452380721194245,9.797185
2024-09-16,7.621691606105388,4.245075381986728,4.743596165525763,1.5398439112895783,5.752637442011343,15.213605506949675,9.500177
2024-09-17,7.883241414011924,4.356876124447634,4.864985217273024,1.5504867225929853,5.894846667099128,15.7634736456513,9.386037
2024-09-18,8.064322501473203,4.443413797944655,4.958894977940857,1.6094662826176163,6.013026359594561,16.144169270288767,9.631864
2024-09-19,8.212382188753214,4.503394822655276,5.024326571197535,1.6706041622784917,6.10712062308878,16.45544162842104,9.823357
2024-09-20,8.24353054060219,4.480670770828417,5.000018026335381,1.6516011265692345,6.103683264680878,16.520927106808106,10.104578
2024-09-21,8.262432934505771,4.549002490514064,5.073702535694463,1.6968329078984612,6.195136964521196,16.560666628211557,10.298534
2024-09-22,8.28915191797548,4.5375104853566866,5.06169041038454,1.6833196762450637,6.186532299478532,16.616840096829847,10.434742
2024-09-23,8.259465777308389,4.526183827274645,5.049426036191831,1.681067423239127,6.172852117681062,16.554429447469335,10.39946
2024-09-24,8.375587489563816,4.596434463596606,5.124841084950242,1.7084691904513551,6.2563329002545744,16.798558008925312,10.493698
2024-09-25,8.233609746103774,4.527437209860803,5.0507668379445905,1.6870732880638466,6.164779845155905,16.50007179211993,10.577345
2024-09-26,8.488007296857603,4.652503652340655,5.186760867042754,1.7264399614317802,6.329544987491189,17.034904450989163,10.350002
2024-09-27,8.564064616978637,4.718912265668517,5.257838231613673,1.7590030522881692,6.426822595644602,17.19480325380256,10.62067
2024-09-28,8.572766011849778,4.6789467463692525,5.215442410949721,1.7286452477528713,6.372887949676451,17.213097542800234,10.815751
2024-09-29,8.54056919970798,4.650986034887965,5.1852871710639805,1.7276952123817826,6.346239987557139,17.145408475055845,10.762535
2024-09-30,8.254788741143415,4.486672960099827,5.008051485633117,1.66853904256428,6.145048075540016,16.544598256855572,10.705406
2024-10-01,7.9425913566830815,4.266196584946908,4.770109674938381,1.6057076343155194,5.850947864979473,15.888250533287792,10.394739
2024-10-02,7.922870687840452,4.189919796872265,4.68680110074492,1.6017387432976404,5.755252559468951,15.846791227995615,9.868733
2024-10-03,7.936995521595449,4.206795823937397,4.705280540676265,1.6045814423088456,5.7684617602129045,15.87648575077137,9.690401
2024-10-04,7.929445189467646,4.300045610381085,4.805820792911397,1.6382513873977256,5.890162438610536,16.228207318754023,9.683426
2024-10-05,7.929445189467646,4.294314877061778,4.799559478801078,1.6366975865508846,5.90668426196376,16.217903889129026,9.91844
2024-10-06,7.929445189467646,4.3388873336807094,4.847454467244085,1.6486700793623987,5.968000009491296,16.4164273462813,9.922966
2024-10-07,7.929445189467646,4.246611181410512,4.746540451393673,1.6431624784342567,5.852568926022239,16.256844544468112,10.031969
2024-10-08,7.929445189467646,4.2549789184932605,4.756135953433997,1.6697338958684966,5.879268297414557,16.236390272943613,9.936165
2024-10-09,7.929445189467646,4.155433075346416,4.647160077471224,1.6284756900613884,5.7398096079434096,15.832914830376488,9.981015
2024-10-10,7.929445189467646,4.133153455208591,4.6228399750594065,1.6397806026956947,5.727979639499882,15.754832773129893,9.716679
2024-10-11,7.929445189467646,4.195958377759856,4.6906372665712395,1.6593469167222141,5.842200930654471,16.340082013500417,9.7289505
2024-10-12,7.929445189467646,4.233739085221654,4.731416252156298,1.6708933287226275,5.89645368934764,16.514860300771126,10.003376
2024-10-13,7.929445189467646,4.177752662471713,4.671914456280073,1.632147424013483,5.821739365647665,16.425429994027425,10.127491
2024-10-14,7.929445189467646,4.3449773810403425,4.854424072677168,1.864719717398711,6.086696989492441,17.267109609909188,10.064677
2024-10-15,8.034904111359971,4.285941621728137,4.791189624736874,1.7928320791679049,6.118587375702101,17.526107773450363,10.688469
2024-10-16,8.097825853125578,4.276664623813722,4.780035117965645,1.8453468387618943,6.117704621450158,17.6703366846028,10.722154
2024-10-17,8.074324736239328,4.289537459854268,4.794839068273139,1.8666039432221844,6.1708903898899985,17.616466917985534,10.778784
2024-10-18,8.191058886843589,4.308196915251485,4.813729633814594,1.8547193141608127,6.19672418916464,17.884044343507757,10.783086
2024-10-19,8.183945839374228,4.334122419158691,4.8400101054388145,1.8354912171952518,6.208000729618464,17.867740300081604,10.922903
2024-10-20,8.258189664212543,4.331397823901326,4.838378446523543,1.8669421602831433,6.231942066349977,18.037923090181692,10.93822
2024-10-21,8.067918984911568,4.189187776417381,4.686043921677497,1.8368439380035753,6.040892090876516,17.601784476417006,11.175568
2024-10-22,8.071787734461905,4.131831315247844,4.623202131915487,1.8056346417173015,5.96316728189819,17.610651876252273,10.868196
2024-10-23,7.982967729818812,4.0794605648761735,4.564819483990829,1.7602217032258844,5.881352984248983,17.407058692698214,10.768981
2024-10-24,8.160356533170576,4.154189116843829,4.6463485735288526,1.856555181136861,6.024388076580265,17.813669151045477,10.510361
2024-10-25,7.978794326262899,3.9970813163478645,4.476952853394726,1.7647630118185773,5.79918289650873,17.397491687427483,10.682164
2024-10-26,8.029882665075093,4.004270905691927,4.484785310302255,1.7627406499794818,5.810668900374438,17.51459685769299,10.333883
2024-10-27,8.135994902338755,4.054438522383918,4.5392883110516165,1.7844336491544968,5.887942661067191,17.75782707669201,10.443058
2024-10-28,8.361909209490898,4.102642482034646,4.591950296584708,1.83394871795175,6.003427967185801,18.27566900386057,10.58384
2024-10-29,8.681155429292685,4.292321776158617,4.797110161928267,1.903919932860697,6.27030415793582,19.007446694037263,10.855379
2024-10-30,8.635381610355534,4.188017937699646,4.684115871336665,1.893887395203577,6.130301616029977,18.90252358562475,11.245231
2024-10-31,8.393074779780575,4.070019962789166,4.556239168943519,1.8407794732786347,5.95289340192677,18.34710728491322,11.208882
2024-11-01,8.309776851688836,4.00060048242776,4.480212421967813,1.822522539080335,5.866738686285567,18.15617165901848,10.751755
2024-11-02,8.297422330041675,4.020285532944266,4.502445745362494,1.8198147203634607,5.862051560891983,18.127852854517588,10.686785
2024-11-03,8.226641940214117,3.9269325293606108,4.399550248055797,1.804301334265927,5.725888747899539,17.965609741871837,10.646326
2024-11-04,8.120520794938594,3.8613029364288307,4.328132068021936,1.8025390245778776,5.617997558027368,17.72235806802003,10.489866
2024-11-05,8.299906774549134,3.9801739243685,4.458051225211286,1.8732546764217306,5.774805486684786,18.13354697454406,10.283545
2024-11-06,9.014351595665568,4.356726265335959,4.868664313781483,2.058591227745588,6.312220509413465,19.771200164503835,10.46137
2024-11-07,9.045531418774221,4.492597535796358,5.019875237921106,2.0543766804499857,6.4321247183887555,19.842671125334096,11.571559
2024-11-08,9.119272831743691,4.5616522618821325,5.0940936110215,2.0523994540569164,6.52242662888847,20.011702439700585,11.924461
2024-11-09,9.136300496412051,4.690340675358055,5.232246502454374,2.1961628038607146,6.709722251371478,20.050732927669024,12.105293
2024-11-10,9.559650196803313,4.841368726923012,5.398291053944422,2.3863384151210303,6.941564292815466,21.0211367073075,12.485565
2024-11-11,10.51080405384255,5.1424525868534054,5.725693909804431,2.5478444024697002,7.407580028128026,23.20137527816642,12.931801
2024-11-12,10.426963627828602,4.909125272915783,5.469316124012559,2.3408626844440117,7.053152412008161,23.009196461473532,13.942537
2024-11-13,10.707275600198532,4.9350471601518215,5.488679127936995,2.3773889727230406,7.111343758446333,23.651728606198034,13.5508
2024-11-14,10.34771439112675,4.752374833669785,5.290274259809108,2.377698976955296,6.890033937603603,22.827540549596307,13.612299
2024-11-15,10.7716457846924,4.881053889726264,5.422779345268328,2.41218233165672,7.064502638521556,23.79927890117221,13.159405
2024-11-16,10.723514905817375,4.899264378539949,5.447162465924087,2.7349091393106724,7.163281878577561,23.688952782866306,13.5116415
2024-11-17,10.638048767639171,4.684210561786042,5.197294689310962,2.508424651738563,6.907591248090941,23.4930473690711,13.717314
2024-11-18,10.710294525417527,4.749026160910988,5.271732774133419,2.564360141002867,7.024387701668546,23.658649025982537,13.437056
2024-11-19,10.92871541299393,4.738035723192367,5.242488320104326,2.496085774746961,6.982784565618427,24.15931413932344,13.784836
2024-11-20,11.151886943294706,4.758898060292192,5.250772884744249,2.4939802939054716,6.956699776442974,24.670868105852204,13.698156
2024-11-21,11.613215952246545,5.0725804618740575,5.6078043642569115,2.7321390557999643,7.4394309413702135,25.728326982748584,13.714624
2024-11-22,11.679912018636783,5.116502829390389,5.656973887231294,2.7651242387184642,7.506043535896998,25.881207435236302,14.667385
2024-11-23,11.537924545213619,5.166616887346147,5.729474454570162,2.869353002689326,7.627464926259409,25.555742753642008,14.685827
2024-11-24,11.566362482272092,5.110620393194418,5.679339414789032,2.8974952090529134,7.598875802298707,25.620928327660923,14.820935
2024-11-25,10.993037494223762,4.875364906962856,5.424509804003577,2.769375062368963,7.275859492619528,24.306750600084513,14.763387
2024-11-26,10.8709799157326,4.8892005300255725,5.4384464238355275,2.7657604559439446,7.258056888814209,24.026969405836663,14.436395
2024-11-27,11.329538532996311,5.128058940857462,5.699159981147551,2.901480045416608,7.620077880086437,25.078078857088375,14.194754
2024-11-28,11.296967278435291,5.051237602958615,5.616833948613466,2.865918802317202,7.512024354262104,25.00341958080112,15.187234
2024-11-29,11.505061998664814,5.340110701514813,5.913414627135374,2.904256701692705,7.877618908759174,25.48041436216832,14.99326
2024-11-30,11.388172848654209,5.321149585400929,5.904372411225178,2.9491084998145065,7.874524998503944,25.212480858747334,15.233404
2024-12-01,11.479135230149378,5.798038235043881,6.375757458348782,2.97740823272426,8.452991996541291,25.420985706585483,15.375805
2024-12-02,11.31947069799334,6.186777958296247,6.738820276743522,3.0094984925292336,8.875811035688379,25.05500216750673,15.588265
2024-12-03,11.326498228548854,6.343467020282215,6.973559762366526,3.2630727161602415,9.151472443819802,25.071109920627315,15.489538
2024-12-04,11.648237800869959,6.4182578884537005,7.039567685789864,3.256504881191677,9.269413483293738,25.808603803285077,15.508053
2024-12-05,11.454169636113516,6.4959960046812855,7.117405963074316,3.253010604944895,9.347913928766323,25.363760700983793,16.152552
2024-12-06,11.778806093891149,6.636873861272594,7.297584196992213,3.409498789561452,9.599470132488321,26.107894862737258,15.958411
2024-12-07,11.783135387654593,6.52488816880206,7.177129875143757,3.3494013748788527,9.456316579411666,26.117819998912086,16.617796
2024-12-08,11.925170073540608,6.618523463110661,7.284971684534683,3.4244447246839695,9.590656824313207,26.443391083130855,16.57098
2024-12-09,11.486162760704893,5.629296671526518,6.267701605427245,3.056097760550441,8.333481465016714,25.437097221240062,16.703695
2024-12-10,11.41044555070511,5.454684463254785,6.059389654672968,2.8683058226198788,8.07224770204432,25.263538306989343,15.55704
2024-12-11,11.928262044456844,5.784739628539712,6.4095904704307145,3.0280940168989963,8.540093504921987,26.450480160385727,15.286567
2024-12-12,11.79466859060836,5.867886073645875,6.497040441516134,3.026063562561,8.633297104848939,26.144256376685718,16.101294
2024-12-13,11.954104186859622,6.028492045820924,6.65218539139886,3.0635404509409367,8.826426310492588,26.509716491997644,16.116095
2024-12-14,11.950825147694347,5.829531873223645,6.460944349804354,3.062713937301883,8.591006383561888,26.50219994566764,16.307013
2024-12-15,12.2983391615281,5.9644500969106495,6.605018218579015,3.150308216515643,8.785401871153669,27.298772175923354,16.163715
2024-12-16,12.486710652700753,5.89946193082994,6.550260640152834,3.1977890786876726,8.720322452484004,27.73055811569048,16.584532
2024-12-17,12.490949975544419,6.048786643471426,6.675415209148944,3.1988576411457705,8.864314857851845,27.740276991678027,16.71603
2024-12-18,11.808380693262821,5.426332017663061,6.054765280224273,3.1960609071516113,8.03842260136234,26.17568896436084,16.588673
2024-12-19,11.49156725149971,5.112525242955595,5.735301116922512,2.929467068977266,7.598450640420983,25.44948793776647,15.437183
2024-12-20,11.536354062722891,5.162295615624156,5.7867684222163085,2.99783899046018,7.68371322683705,25.552149216291593,14.701091
2024-12-21,11.475360905524747,5.149087283925813,5.771036821771874,3.03945660626805,7.65900279990701,25.412339927217175,14.868002
2024-12-22,11.464276263726534,5.046121411591256,5.658479170985718,2.9722864271477016,7.510558257291131,24.852415300737135,14.591273
2024-12-23,11.464276263726534,5.154237448511258,5.763730275585791,3.067033177035372,7.670882585230047,24.76794602540004,14.302073
2024-12-24,11.464276263726534,5.30283398586394,5.931694754372878,3.1270562125320347,7.886475661913403,25.768940815150767,14.629904
2024-12-25,11.464276263726534,5.322469308973255,5.9546958173623485,3.0990370469626947,7.916460500058735,25.965437786779663,15.058286
2024-12-26,11.464276263726534,5.10279028461631,5.720915729568167,2.919916440628449,7.584041495058421,25.004461212272734,15.121693
2024-12-27,11.464276263726534,5.066457718772147,5.677538585303264,2.943887784308075,7.528337651336017,24.61304367054722,14.447578
2024-12-28,11.464276263726534,5.1458938940185455,5.7601656927035245,3.0068835204352977,7.636459877107158,24.863671853112727,14.332287
2024-12-29,11.464276263726534,5.070369065557793,5.67687157781303,2.928391754698138,7.518824537712558,24.453993410650593,14.54866
2024-12-30,11.464276263726534,5.053175449583532,5.654236509813092,2.960269196542023,7.499051044953544,24.20762154226618,14.311295
2024-12-31,11.464276263726534,5.049067064086474,5.654977435677479,2.897652937685087,7.505974114897413,24.399332124274228,14.273904
2025-01-01,11.464276263726534,5.119499747169134,5.730043430117,3.0001158540818986,7.601599774437648,24.66837140033755,14.291312
2025-01-02,11.464276263726534,5.1772102483300895,5.801935291660497,3.074686226012782,7.706242410767524,25.32689977809772,14.449166
2025-01-03,11.464276263726534,5.326926191537695,5.955422060632853,3.1517232002005278,7.960323703109105,25.64924485070197,14.829444
2025-01-04,11.464276263726534,5.285036034753726,5.915106865845144,3.1855613389475517,7.924838185649332,25.668413122239876,15.294517
2025-01-05,11.464276263726534,5.265194726367353,5.896367689252577,3.135025621248,7.964948086064669,25.703822438857195,15.388667
2025-01-06,11.88878981497705,5.309883087325623,5.960419706767437,3.1365967287573966,8.06500044518352,26.73204483097994,15.383534
2025-01-07,11.297720470915696,4.946152379574786,5.5747459602479745,2.8504880367493275,7.499733732843673,25.337037878560647,15.75675
2025-01-08,11.086721854266678,4.864808328362654,5.485250406087437,2.833887820416792,7.384483622096754,24.839052263465643,14.632584
2025-01-09,10.811067255191462,4.819191299806382,5.427963578551062,2.756934463518557,7.299531348526636,24.18846905239951,14.384758
2025-01-10,11.049573625593721,4.90689096459303,5.5248912846338865,2.9309587652860127,7.448327323656766,24.75137824442175,13.997199
2025-01-11,11.0344956217437,4.868510069090947,5.476756320489759,2.874493434331287,7.413932183495208,24.715792602880644,14.295107
2025-01-12,11.024563632981819,4.802999434653972,5.408429044152774,2.9173207344490684,7.343357989176799,24.70131128242281,14.30439
2025-01-13,11.024563632981819,4.698642256683394,5.28398542971059,2.7942694133411234,7.1879035013666,24.700483842581736,14.264506
2025-01-14,11.024563632981819,4.795495856076212,5.3932403512971785,2.8541905332108537,7.363703410865603,25.23066067505216,13.949464
2025-01-15,11.024563632981819,5.015052592919938,5.629349339217631,2.994829465816532,7.729611851317588,26.269647619361557,14.305476
2025-01-16,10.959642503787755,5.159503158910053,5.798972626621854,2.9919884864202606,7.8512757359241405,26.13153214911854,15.169628
2025-01-17,11.389522729783767,5.509657486543029,6.18723255240894,3.279577677388465,8.392648076672662,27.209709925891943,14.923669
2025-01-18,11.423702908501973,5.2895941964348046,5.9428482556573945,3.0092545834106246,8.053161434439074,27.295436356740947,15.677754
2025-01-19,11.087750601695545,5.014260005630485,5.633819739195839,2.783490484492051,7.6323789475194115,26.452837068410016,15.232592
2025-01-20,11.185111681461889,5.097469102025181,5.728268933829669,2.8529564013138637,7.7589566606856355,26.697028756001863,14.689757
2025-01-21,11.603384128585851,5.215856166806122,5.847919648196088,2.8687233874212543,7.927634614941842,27.74609374782153,14.914836
2025-01-22,11.34368266826254,5.076992142998608,5.694651137762794,2.8664578998983368,7.720173975296714,27.09473789992351,15.309568
2025-01-23,11.370698556471975,5.105231138942321,5.727340963979088,2.870742485607199,7.773225794509741,27.16249567471339,14.924899
2025-01-24,11.466977665546711,5.173865980345761,5.804919363891842,2.895013683713236,7.860388011812232,27.403971151329028,15.143437
2025-01-25,11.454815468284155,5.270542646209274,5.921606545586887,2.8919476904567434,8.015338010035775,27.373467332265662,15.160596
2025-01-26,11.228625790939534,5.082305380963887,5.70909442356348,2.834927070707237,7.728832676881286,26.806163319198408,15.233939
2025-01-27,11.176461614796473,5.030355260039466,5.649496436732293,2.821776896537847,7.652466746969117,26.67533136965271,14.828777
2025-01-28,11.095969182682598,4.909828044394074,5.508584874981717,2.80148539421042,7.453343545299546,26.47344923529457,14.687926
2025-01-29,11.352033951448787,5.090879557921628,5.71343576741574,2.7988247136051347,7.7140649757691655,27.11568365764204,14.36011
2025-01-30,11.455761480280882,5.391772165444721,6.0716354185310415,2.821676170756902,8.183118167277264,27.37584023759166,14.65792
2025-01-31,11.212813062013192,5.289973046433163,5.962209465612074,2.7619263919350603,8.044954957972545,26.766502705323845,15.13328
2025-02-01,11.026551278272224,5.049721542995948,5.693105548841529,2.716117901141669,7.676582854763882,26.299341749885105,15.040402
2025-02-02,10.719416515913405,4.8005662836299265,5.410316026730422,2.6405823852066845,7.264613556475637,25.529019383726258,14.4498205
2025-02-03,10.709238667553487,4.858618696256195,5.458158002321885,2.737552313632293,7.319475827721271,26.51793241801074,13.630456
2025-02-04,10.709238667553487,4.648272963217685,5.223262988361918,2.7349506435153645,6.991634363118346,25.559997285078556,13.882367
2025-02-05,10.709238667553487,4.66283948507147,5.251231363273644,2.7176297744609004,7.029769639114647,25.257673501368057,13.256229
2025-02-06,10.709238667553487,4.583021478494861,5.153469726362572,2.624569628110634,6.918143390672281,25.238407942183684,13.301582
2025-02-07,10.709238667553487,4.535719847538206,5.094353440470044,2.6425988631625326,6.851335842973841,25.231209740646353,13.069379
2025-02-08,10.709238667553487,4.55957914956931,5.125127434752973,2.679208988743277,6.88593931938225,25.21531204235312,12.959846
2025-02-09,10.709238667553487,4.6054194826179815,5.182692750801581,2.688735377247405,6.954879746487335,25.21519932112433,12.996013
2025-02-10,10.709238667553487,4.8716757493579905,5.505729002920994,2.727156162965028,7.355292415376236,25.468352033901677,13.00956
2025-02-11,10.709238667553487,4.810025592555855,5.4395551366894885,2.724641645220683,7.269846925271641,25.031790297358643,13.257845
2025-02-12,10.709238667553487,4.917007628643898,5.55675572971955,2.7836974593874215,7.441747054186565,25.57763355821592,13.024606
2025-02-13,10.709238667553487,4.969303928220725,5.622511109532674,2.883109790941926,7.504460955803133,25.254263681092112,13.47216
2025-02-14,10.709238667553487,4.959338875782038,5.608414233563011,2.8442564954496197,7.502012346814657,25.485241558757206,13.293058
2025-02-15,10.709238667553487,5.128221649684491,5.802701903844783,3.039825264352814,7.7230664130581275,25.508215501116574,13.4451885
2025-02-16,10.709238667553487,4.9381423800886886,5.5931163698121455,2.8620551960928657,7.459133892028717,25.12216867440298,13.449295
2025-02-17,10.709238667553487,4.86606303409084,5.511681971450412,2.7878216030882323,7.369056598337627,25.033805724575952,13.208134
2025-02-18,10.709238667553487,4.997389752416475,5.664182968472476,2.947358928758267,7.534970738208414,24.98822410380679,13.310064
2025-02-19,10.709238667553487,5.121086618203415,5.801062123140438,3.0610967973743795,7.7129555583011316,25.256023759620525,13.206938
2025-02-20,10.709238667553487,5.092392062448641,5.767328480880619,2.974708042643137,7.680854800841191,25.704306764579744,13.416366
2025-02-21,10.709238667553487,4.982377827883369,5.646963047586531,2.9128465495376172,7.512087217424034,25.131877368968688,13.549348
2025-02-22,10.709238667553487,4.9546774453969915,5.614795261230292,2.867264693062834,7.495487759345107,25.24297929915196,13.208998
2025-02-23,10.709238667553487,5.0190632903100845,5.689342271310985,2.864531072042469,7.599822174652775,25.16035124607262,13.427115
2025-02-24,10.196495680459812,4.464698596010688,5.076613617994068,2.5660899349976884,6.871521890340604,23.917529578433886,13.558175
2025-02-25,10.186725493490009,4.382666703755844,4.988749140196554,2.5458425689887787,6.76261679624258,23.15250067030565,12.461458
2025-02-26,10.186725493490009,4.4599934433936115,5.081146084494673,2.391969985641784,6.852556012433955,21.983696008511735,12.220571
2025-02-27,10.186725493490009,4.518401855084015,5.1444928045648,2.3652179877827573,6.926508670629341,22.117881702577286,11.700674
2025-02-28,10.186725493490009,4.674512521357212,5.325444542113707,2.2987723499583037,7.132404077190357,22.032295817521547,11.707138
2025-03-01,10.186725493490009,4.575989902064483,5.217720403261056,2.296980333661632,7.006290215106731,22.482110265710826,11.595858
2025-03-02,10.186725493490009,4.801017158044471,5.470075432350148,2.456084343715569,7.388769650156477,24.637497382447187,11.635374
2025-03-03,10.186725493490009,4.376367827586348,5.002317979538917,2.364501882300823,6.737561405015342,22.519315191973273,12.840166
2025-03-04,10.186725493490009,4.256199325755509,4.862216314586296,2.3581907282651127,6.575023234767234,22.80390294751225,11.408193
2025-03-05,10.186725493490009,4.827021944038496,5.4612713923573155,2.862174823604145,7.298208381794825,23.680452106778425,11.47356
2025-03-06,10.186725493490009,4.8310033964377155,5.46004197309828,2.881248671491597,7.283440976583282,23.50223489810624,11.966453
2025-03-07,10.186725493490009,4.71975370469876,5.33012873680308,2.8393843905843417,7.117881470557377,22.675054293140974,11.836904
2025-03-08,10.186725493490009,4.687001352662451,5.295088318583659,2.8186276253547575,7.080668117420867,22.53122896612254,11.497763
2025-03-09,10.186725493490009,4.366491626314171,4.951168137694487,2.6182119437575517,6.60977692483334,21.09176828147758,11.562972
2025-03-10,10.186725493490009,4.139463180043937,4.720126841431509,2.616337075397168,6.282716561198209,20.528671708173146,10.728111
2025-03-11,10.186725493490009,4.295001024008676,4.898680706575885,2.6985592339764954,6.520666874389578,21.67077406550318,10.180605
2025-03-12,10.186725493490009,4.4065444898246975,5.012506676112828,2.7292587572556695,6.658686257758703,21.865468809547327,10.6276045
2025-03-13,10.186725493490009,4.155096059159755,4.7533078326666445,2.6317595019872915,6.326999273037808,21.189584682520525,10.681356
2025-03-14,10.186725493490009,4.257815720985663,4.872288709180395,2.7238578549559436,6.488738994010003,21.94938387159036,10.345893
2025-03-15,10.186725493490009,4.3427172346729,4.958859497892268,2.7568314651896193,6.6011128017762015,22.046340889889677,10.67172
2025-03-16,10.186725493490009,4.238494386282246,4.845232285401123,2.7539189342865344,6.448637126019159,21.578791549523178,10.7733965
2025-03-17,10.186725493490009,4.301192654976361,4.915888422168294,2.7857019356867427,6.547015454363249,21.957460574234734,10.52099
2025-03-18,10.186725493490009,4.256977537973589,4.864294239316539,2.7684237098421796,6.4781788913737035,21.61438441412878,10.719285
2025-03-19,10.186725493490009,4.419696057425651,5.049995363635757,2.8481389103276618,6.735994996867528,22.70667169717234,10.617322
2025-03-20,10.186725493490009,4.2772083485161465,4.894955286588829,2.754444141540947,6.532668107578645,22.002419340228734,11.192546
2025-03-21,10.186725493490009,4.201282112098181,4.818570185203428,2.6719803393910806,6.429804591214759,21.970674468937244,10.839811
2025-03-22,10.186725493490009,4.191572697663425,4.807756188775596,2.666247295110293,6.420896955252823,21.915806765088192,10.759987
2025-03-23,10.186725493490009,4.262131348194238,4.889393168709479,2.6902009703406624,6.524600922686015,22.50149742940473,10.778756
2025-03-24,10.337863739832935,4.34417443670647,4.979393274600663,2.6885873117939627,6.652529383616183,22.87542493241315,10.986141
2025-03-25,10.32710259417738,4.366208406568663,5.001401391923002,2.683400407029617,6.6788150652209035,22.850403681990272,11.25803
2025-03-26,10.270688688765851,4.2870551228012275,4.918316751585767,2.668753515577513,6.597529051030001,22.719231768354014,11.235547
2025-03-27,10.303451608801549,4.28628149036288,4.918674331789314,2.677259839149977,6.587412750214164,22.79541205371009,11.073797
2025-03-28,9.984703383311095,4.103725106542833,4.720548608394299,2.5945023944162338,6.310375130020161,22.054271104033255,11.06589
2025-03-29,9.78630979901858,3.987646234034587,4.593568086099264,2.542992943462103,6.145252951529113,21.59297378177029,10.594686
2025-03-30,9.759686194249566,3.959900053939836,4.563465991132165,2.5407927450672427,6.1178119925996475,21.531069658168644,10.321247
2025-03-31,9.777035402146673,3.883926780118188,4.48317027774127,2.5728334238220287,6.040154573699562,21.57141053734877,10.265285
2025-04-01,9.767757148334038,4.027996174354581,4.6420974782724675,2.6114838799482283,6.230954204092354,22.260375316009014,10.2843275
2025-04-02,9.767757148334038,3.8500175210364973,4.447567630810766,2.4871409555335386,5.966261942176586,21.559846595542528,10.642495
2025-04-03,9.767757148334038,3.888412976678699,4.49005803847472,2.555323641115935,6.032905774201416,21.738684229349907,10.199412
2025-04-04,9.767757148334038,3.9035274168747587,4.507197477393794,2.5560498192587375,6.057580618868547,21.917935040467093,10.317329
2025-04-05,9.767757148334038,3.883388015640969,4.484859238319545,2.577594089144105,6.026886410933883,21.82334567780585,10.37143
2025-04-06,9.767757148334038,3.5277489258713706,4.091293216142923,2.318822022366541,5.475105666009796,20.483207624623887,10.315992
2025-04-07,9.767757148334038,3.515421344026965,4.076280574266283,2.346418023020819,5.462364679602388,20.68426205851851,9.3821125
2025-04-08,9.767757148334038,3.408492515877809,3.9570638889136123,2.2940502119868658,5.276847820747609,19.929349843590483,9.390358
2025-04-09,9.767757148334038,3.7459367243967363,4.335442998783215,2.555162350277164,5.793432085624606,21.587202848344607,9.014889
2025-04-10,9.767757148334038,3.6091725629376725,4.184298473730043,2.463014554754503,5.575765972057593,20.792030191316005,9.933326
2025-04-11,9.767757148334038,3.832829250857119,4.43599402088751,2.6469873178767283,5.894296329133756,21.792560488027682,9.40592
2025-04-12,9.767757148334038,4.070276815866305,4.698707318180248,2.9053557881890315,6.232425194210052,22.286676437279677,9.809829
2025-04-13,9.767757148334038,4.024466319517725,4.646061635219308,2.8895406673950332,6.157557125314925,21.884716422190802,10.161675
2025-04-14,9.767757148334038,3.9257464161687734,4.544576024555067,2.7344549703739203,6.039283523178262,22.108781100697207,9.958249
2025-04-15,9.653104551875034,3.8808263138139774,4.494505693780136,2.732570593252352,5.965308704178075,21.857721774753,10.029164
2025-04-16,9.69686708479069,3.9020172695657243,4.518003464119217,2.7465474265169445,5.988173184732476,21.96198920440742,9.873551
2025-04-17,9.7992424790405,3.998516100486022,4.6240792976094784,2.8474475780636084,6.119013835146023,22.205907223726836,9.87517
2025-04-18,9.744887260341564,3.993063939392974,4.61753249987939,2.854678054377391,6.115551533516608,22.07640200711011,9.977323
2025-04-19,9.811640892084732,4.009320904307718,4.636265408784218,2.858496094949063,6.142895068358494,22.235446902150823,9.963345
2025-04-20,9.822868624806963,4.016649101082992,4.64417917960907,2.865239151278176,6.154392583212233,22.2621974822395,10.052464
2025-04-21,10.080079775349622,4.121615282839944,4.761980808042659,2.936161734144114,6.295007851354571,22.87502169791435,10.026326
2025-04-22,10.73464947984432,4.359030968213745,5.024441579922069,3.0771942026685903,6.668070890890161,24.4345826118754,10.187169
2025-04-23,10.7622735931819,4.341139966551741,5.005509184069706,3.0753061441692666,6.65175787320386,24.500397988409308,11.00605
2025-04-24,10.79310293668368,4.337899767379882,5.002299089009746,3.059670578288451,6.647284888564787,24.573850044937696,11.088775
2025-04-25,10.868446413864211,4.4530811195050966,5.1282295505756545,3.1930049302116488,6.808610057102663,24.753362659772453,11.065152
2025-04-26,10.863822826501686,4.344185701892771,5.0121148417199555,3.049156971484022,6.6789008529272325,24.742347208483164,11.185903
2025-04-27,10.766622936252304,4.238629331178677,4.893953085550142,2.967249281445439,6.541774634431472,24.510761407287678,11.228234
2025-04-28,10.905061454916389,4.359201241406068,5.026704894627703,3.1187582871506634,6.705303429645006,24.840601268854897,11.079997
2025-04-29,10.820432237407228,4.337202244195369,5.001077256891425,3.116720779948518,6.682767393384041,24.638966647079954,11.215387
2025-04-30,10.810717990372156,4.347979931482914,5.012354944534274,3.1335913992748745,6.685959717565,24.615821560650957,11.157577
2025-05-01,11.067678035984837,4.3682944805254325,5.039403238169616,3.0942266208467095,6.747539308609718,25.228047323412362,11.129747
2025-05-02,11.112087614027221,4.376665769288025,5.0104809294362385,3.2722232201798227,6.833221130350737,25.33385729676904,11.410651
2025-05-03,10.99487731760034,4.34323798825874,4.9690917175258775,3.269020590898103,6.762364024416969,25.054595018184532,11.475911
2025-05-04,10.820591641902023,4.279539303504742,4.898746885049446,3.21431218923133,6.663481900854454,24.639346996978187,11.340689
2025-05-05,10.871211139134184,4.302672140981848,4.924150426148511,3.2292607471992283,6.685875772294211,24.759952969630973,11.160639
2025-05-06,11.102144544410905,4.343793921805853,4.970755966547743,3.297458212291987,6.794995174158561,25.310169686513543,11.193705
2025-05-07,11.12618462765579,4.296109243268502,4.96454529506299,3.3045575435297336,6.7592252884807245,25.367448350784038,11.436444
2025-05-08,11.805780837833613,4.6266901640416105,5.342775216165419,3.5052506340994434,7.384893106349935,26.986637916555118,11.437971
2025-05-09,11.776542968239566,4.718604561456807,5.447968144157512,3.5018640114013686,7.692028356291395,26.916975744065347,12.724111
2025-05-10,11.977753434330547,5.060779026049066,5.827974449959919,3.636157874147295,8.201807321265965,27.396373151488675,13.004597
2025-05-11,11.90276733174319,4.877568752083301,5.619495935921528,3.4544856752323594,7.914449433734083,27.217713605701626,13.652059
2025-05-12,11.75605691961792,4.939657192581054,5.697047929616852,3.4730548001270907,8.010116242445081,26.868165895024305,13.394352
2025-05-13,11.902048297489776,5.117470493078244,5.8863706151487145,3.4778780036115844,8.255460547059183,27.21600142960093,13.302276
2025-05-14,11.83780057296589,4.992599925995414,5.747317667958067,3.4096304470586993,8.06937732257863,27.062925761808287,13.741781
2025-05-15,11.8642428648071,4.893198328668683,5.637764118333893,3.3555306433237924,7.925218220695183,27.125926061056575,13.534558
2025-05-16,11.832825610104083,4.886457814771658,5.631516336102671,3.353922827056188,7.9160549235006545,27.051071627588666,13.408555
2025-05-17,11.795642369159161,4.74874279354257,5.475314982736804,3.32546639260248,7.7135953677958815,26.96247998457842,13.368976
2025-05-18,12.159004058035395,4.844058682891076,5.5875060823782405,3.439694697780012,7.905244600420431,27.82821563718803,13.193355
2025-05-19,12.064962262212497,4.811908669927164,5.54382084514795,3.3307718919035914,7.8364152921132755,27.604154693291363,13.526725
2025-05-20,12.203956125568133,4.726771219878563,5.439794320948139,3.3276930253129127,7.709604029545159,27.935318018108635,13.480221
2025-05-21,12.512897462726054,4.804183554026636,5.529839292030504,3.4078299282629776,7.851276950235388,28.671394263752088,13.528894
2025-05-22,12.734815086899205,4.958207034872187,5.69322814592733,3.4676643982143753,8.106529839931321,29.200129186998637,13.814959
2025-05-23,12.252921586913422,4.727936299359328,5.439586074382294,3.3377340141265597,7.750714109099869,28.051982079519657,14.25825
2025-05-24,12.303865035215654,4.707999832206432,5.413598912479164,3.351469625428355,7.718067998704335,28.173357967099363,13.62347
2025-05-25,12.441499675298452,4.73605369986991,5.443374882194801,3.3885793221772706,7.760777814436407,28.501281085994613,13.657989
2025-05-26,12.487094502890859,4.7120723161356475,5.409802843468286,3.3853458867664425,7.71674374746146,28.609913109348486,13.785531
2025-05-27,12.433796838743428,4.797773092130329,5.490969730032844,3.378259211835188,7.830219279585825,28.482927452753213,13.81967
2025-05-28,12.306638330619755,4.7968527129929095,5.483824832505548,3.453348639062955,7.824119541696694,28.17996346065502,13.9796715
2025-05-29,12.060179270355176,4.704533221988941,5.380803192899347,3.3383146292694015,7.669902636507257,27.592757153846936,13.951996
2025-05-30,11.891319346573846,4.5753558540215415,5.247058057319571,3.2520003781620552,7.458431472322394,27.190436349653588,13.658546
2025-05-31,11.958521196331953,4.583940251603823,5.258494479637044,3.38158786798839,7.49454344384135,27.350549444026793,13.282151
2025-06-01,11.947041783623746,4.53707823275383,5.194090332577489,3.290783592832232,7.46763659783407,27.625521875437517,13.358606
2025-06-02,11.947041783623746,4.607142082973688,5.261360275933445,3.293028604856638,7.562218851814354,27.679622874479275,13.442838
2025-06-03,11.947041783623746,4.576974599050475,5.229570899750834,3.2880456746331204,7.52255279999275,27.560150138927952,13.5983305
2025-06-04,11.947041783623746,4.561299142860015,5.210249379214029,3.3018220573422865,7.498229889228955,27.37865006951537,13.534588
2025-06-05,11.947041783623746,4.320044027824866,4.928103522026242,3.068628850990588,7.122374320323752,26.546685667007235,13.501192
2025-06-06,11.947041783623746,4.433879227936878,5.05099965628578,3.1443416026837303,7.310688614263608,27.285764868717603,12.852603
2025-06-07,11.947041783623746,4.541412075915204,5.159467389140142,3.2019988211712644,7.462959248509314,27.60489865689372,13.213482
2025-06-08,11.947041783623746,4.536059845284289,5.14844997025451,3.183510119737383,7.455286915297986,27.648122794183042,13.419206
2025-06-09,11.947041783623746,4.699533730985761,5.331386073374507,3.180475851529722,7.735435671086245,28.828633164161435,13.394041
2025-06-10,11.947041783623746,4.873242221584098,5.531013529222608,3.2699616864848484,7.953602895628497,28.828396035940838,14.079306
2025-06-11,11.767877298859712,4.78375226216607,5.4351052206278165,3.2049718845071493,7.814401452683234,28.402146100656005,14.381705
2025-06-12,11.464500645890231,4.615327541578091,5.242409289916086,3.1728326372259503,7.557706247964786,27.63156518480674,14.156876
2025-06-13,11.505418731230524,4.720017218770823,5.323226263964953,3.3481768589164265,7.666863299335631,27.73549885011524,13.6572075
2025-06-14,11.43819731087384,4.575194467336722,5.175028011306392,3.2208283112180554,7.466504934588541,27.564755055212885,13.607785
2025-06-15,11.45196797495791,4.7690094020269145,5.3580367128266,3.429876092318135,7.709415580207461,27.599734257669684,13.4298
2025-06-16,11.581015898761287,4.784670253282538,5.370755081361994,3.449998844560539,7.731926945840558,27.927518214811872,13.5283165
2025-06-17,11.57002088526201,4.740373315464761,5.311408970360923,3.447154482876653,7.64844384852775,27.336067370441356,13.616793
2025-06-18,11.57002088526201,4.727678722716612,5.303143994394863,3.4263208572076085,7.641549638961431,27.421054609923893,13.375581
2025-06-19,11.57002088526201,4.954462938838599,5.500790697160216,3.690617130801638,7.897357797953695,27.357359541612002,13.428182
2025-06-20,11.57002088526201,4.786718795102381,5.345711376068252,3.524872087308449,7.668546340700415,27.00344690960732,13.467896
2025-06-21,11.57002088526201,4.727971475625294,5.284127785599354,3.480075994719219,7.559841445382054,26.700850279192185,13.098613
2025-06-22,11.57002088526201,4.630989189094098,5.18946852263645,3.391621727809779,7.425990437092256,26.396842962344664,12.777449
2025-06-23,11.57002088526201,4.754289494979779,5.337832400683037,3.4470123515901907,7.669192062954168,27.552725647289083,12.545452
2025-06-24,11.57002088526201,4.711346312190237,5.306548960649822,3.383871341308151,7.633851464010188,27.741327267414018,13.250863
2025-06-25,11.57002088526201,4.9118996747864285,5.495516179427267,3.5890084505843842,7.874818485457742,28.07043898038544,13.3542595
2025-06-26,11.57002088526201,4.945568180290578,5.521163788500679,3.5852912493866294,7.905606134165221,27.973583242095156,13.430191
2025-06-27,11.57002088526201,5.046073100925389,5.608556009286884,3.692783270962638,8.021878391978541,27.9954689502863,13.406939
2025-06-28,11.582940749005425,4.9647609269652095,5.5418737736954915,3.5971311177472494,7.9448045007519035,28.057886845576814,13.458233
2025-06-29,11.689063746915837,5.062292717813724,5.635614668335877,3.6867961946780494,8.083406953174032,28.328197030927246,13.487541
2025-06-30,11.56457432452834,5.050875859911467,5.614242119438555,3.697029737758577,8.04395817951019,28.011104964542692,13.714983
2025-07-01,11.414616729401244,4.993135566846178,5.551159592382206,3.6600637216709346,7.936191540461465,27.62914072444033,13.591086
2025-07-02,11.740562043578242,5.112850847427685,5.683307478898826,3.7339262824312565,8.154586358288089,28.459371139594985,13.305092
2025-07-03,11.816545699641289,5.03438275201571,5.623797858869432,3.7311331217321486,8.089234337264088,28.652913406055834,13.889905
2025-07-04,11.652346129163492,4.931115910000429,5.519402953473861,3.6758491851898727,7.931172706481308,28.23467369794519,13.970465
2025-07-05,11.674719963005552,4.968479724516606,5.553933163809028,3.682899190510109,7.980194435569898,28.291664022806433,13.662772
2025-07-06,11.774388137910005,4.997356187648314,5.588020082859925,3.7143046782014393,8.031955525139821,28.545531938197012,13.708587
2025-07-07,11.677100038701612,5.010992289195436,5.591016185211219,3.6836491534551388,8.02556344707162,28.297724793129635,13.878745
2025-07-08,11.747715898583849,5.051287260429371,5.632165844358622,3.705900243338848,8.09804349711421,28.477591904093657,13.7576885
2025-07-09,11.98626537831817,5.174716509986299,5.760180096985684,3.7022332660499124,8.30031528312984,29.085212413306404,13.967498
2025-07-10,12.47350430999276,5.453299173949455,6.055231956993842,3.7255115806524177,8.633192363286142,30.326278762055054,14.465553
2025-07-11,12.632638303399688,5.4463062224838525,6.045909017188559,3.8164249806863295,8.679227814763097,30.731615702472386,15.177459
2025-07-12,12.621401684662167,5.397764188658285,5.985953324773539,3.6457400338155375,8.58368861843734,30.702994655014265,15.313479
2025-07-13,12.79154623370581,5.454366212158123,6.04811215705844,3.6568136728620124,8.68239866523538,31.13637766577254,15.223695
2025-07-14,12.86674909026466,5.513061884503427,6.10541272442069,3.633914370265211,8.756360347082714,31.327929713763996,15.410239
2025-07-15,12.653107435371137,5.6172900080985695,6.174038025045814,3.630052341228767,8.842011639527582,30.78375282263001,15.540278
2025-07-16,12.745460625187496,5.901718936185291,6.422275475742552,3.884059344830951,9.16471747189623,31.018988528415317,15.631778
2025-07-17,12.80620666628566,6.106736820694578,6.647742645679146,4.001234271070956,9.45499015442717,31.17371724574041,16.152918
2025-07-18,12.67787817939549,6.1884001190062685,6.715411172858539,4.078032427668542,9.550321629885168,30.846846159576955,16.433294
2025-07-19,12.666706493676285,6.472407923624487,7.112546894401287,4.12706699515421,10.057347823266666,30.8183899104584,16.508438
2025-07-20,12.604989663872184,6.727870670280707,7.368721573218755,4.307581423011939,10.413630338986623,30.66118820368255,16.679562
2025-07-21,12.616901265343312,6.710121835722039,7.338980761384053,4.303517547337373,10.353553731901625,30.69152917602013,17.041111
2025-07-22,12.883444892393952,6.779294954061753,7.451896067663502,4.389867083426442,10.511232356533112,31.37045503833471,17.00642
2025-07-23,12.75867249030935,6.490709537469138,7.116298089911593,4.347531982894155,10.066247927503255,31.052640912149194,17.194986
2025-07-24,12.7162535932204,6.5822064770438535,7.19374558373681,4.333139310774951,10.164322781241221,30.9445938460634,16.798233
2025-07-25,12.637883448323679,6.6329777422394995,7.2560448403686655,4.306548430840758,10.281568496389012,30.744973628813305,16.923746
2025-07-26,12.672397351664276,6.655256692258863,7.276159523565818,4.318258949699688,10.31017938503824,30.832884392727973,16.991064
2025-07-27,12.825890990541904,6.821204386256959,7.424084828102081,4.314572407154326,10.532353664967255,31.22385437402338,17.05221
2025-07-28,12.682756973833424,6.618678246081333,7.178693485111569,4.262613739728797,10.198262934963132,30.85927120216921,17.462387
2025-07-29,12.66867853349182,6.600377160542955,7.155655988408609,4.257906321552795,10.160976281741487,30.823411119581166,17.148289
2025-07-30,12.65657736448275,6.6609590861868355,7.234102168816768,4.254364097933854,10.282801469651751,30.796427891904223,17.108162
2025-07-31,12.65657736448275,6.443348964920894,6.994925869243745,4.183376489163587,9.944509585153488,30.255664485672614,17.194328
2025-08-01,12.65657736448275,6.21476494785102,6.820305853163585,4.097176216052082,9.688797471533496,29.599014832723515,16.752613
2025-08-02,12.65657736448275,6.099228147021627,6.7184143916268635,4.093294150721805,9.542059215682885,29.414496628789983,16.139025
2025-08-03,12.65657736448275,6.305520382791325,6.946361464305771,4.272908157119255,9.861831038678888,29.851751333636543,15.882016
2025-08-04,12.65657736448275,6.778736057857381,7.479459541925414,4.4944724955187665,10.572620944768595,30.07028177368658,16.272802
2025-08-05,12.65657736448275,6.6360680327936965,7.347282147655888,4.325999656751893,10.380399776200168,29.82488870677484,16.898119
2025-08-06,12.65657736448275,6.747632070924409,7.434524369390006,4.4709175525478,10.486130211942225,30.064263377990972,16.579369
2025-08-07,12.65657736448275,6.903065976821372,7.612268670771125,4.5540695591333495,10.750432256498646,30.71418571477856,16.803326
2025-08-08,12.65657736448275,6.947466866162522,7.660643890414621,4.54822212965991,10.821372804282213,30.496809262237974,17.455936
2025-08-09,12.65657736448275,6.966457272089346,7.761159472438544,4.419292756393805,10.79668051536459,30.446815643204918,17.604362
2025-08-10,12.65657736448275,6.987048917963212,7.776556563808705,4.543203082266102,10.847347329641108,31.18303945753728,18.010288
2025-08-11,12.58332867455668,7.029227226263731,7.806744273130547,4.414406166995977,10.866729111527281,31.02425464718153,18.21688
2025-08-12,12.725560158607411,7.556132360229042,8.385544381897759,4.774968291973392,11.643122929489802,31.39312730570309,18.106619
2025-08-13,13.053335582220317,7.642300937859802,8.50887139309202,4.793467561307908,11.814628130558596,32.24319891166718,19.05572
2025-08-14,12.551880455795436,7.347605857261174,8.188179749119485,4.78889718404206,11.349662058342526,30.942698325376117,19.585636
2025-08-15,12.4558564301449,7.194743518981936,8.018894223960666,4.676110490684072,11.17575347482655,30.693664175325207,18.74626
2025-08-16,12.457742866620675,7.14105838432176,7.964580851475381,4.658685591848242,11.121698618098439,30.698556218081574,18.454567
2025-08-17,12.46106066432891,7.1548530564606105,7.98999558838781,4.7090106834603525,11.142651466706068,30.707159827365583,18.430784
2025-08-18,12.339941364793185,6.950630538513154,7.760289260148429,4.548959055738531,10.833169212027137,30.393041907926975,18.516697
2025-08-19,11.99421566354621,6.622640227001691,7.394727598365902,4.3095513332135,10.33973822776888,29.496417954699158,18.083214
2025-08-20,11.982587414015441,6.906032917758962,7.725309141729927,4.304717657392413,10.773329179328382,29.86750508487012,17.311743
2025-08-21,11.982587414015441,6.789577959779911,7.589249544797453,4.195015704078048,10.588346462853307,29.398174537534995,17.957424
2025-08-22,11.982587414015441,7.456493048726871,8.362524836494869,4.7672708638466315,11.62153023762975,30.55558944107029,17.599022
2025-08-23,11.982587414015441,7.370272444344317,8.268407260085324,4.715864705335618,11.483819536623106,30.157060588781302,19.203661
2025-08-24,11.982587414015441,7.264530947081303,8.166928451603903,4.718826026451237,11.33770285796083,29.65893714384484,18.971
2025-08-25,11.982587414015441,6.727307562516958,7.569956381271176,4.338916294019782,10.5244894089769,28.783303522329426,18.806364
2025-08-26,11.982587414015441,6.923398905021597,7.8033577542549075,4.334788524126857,10.841365074113275,29.217234930252097,17.66685
2025-08-27,11.982587414015441,6.83623381740644,7.70221684355125,4.245940583310121,10.717237704011087,29.077458287499997,18.25777
2025-08-28,11.982587414015441,6.883256733295144,7.748452375343054,4.249833096488969,10.78875263640017,29.422885794748428,18.02807
2025-08-29,11.982587414015441,6.644929810064204,7.489584848994302,4.114612397317363,10.419614700222517,28.326068328596214,18.151522
2025-08-30,11.982587414015441,6.799296585190965,7.643611015681514,4.127481112305806,10.566654873943847,28.44357854934263,17.5013
2025-08-31,11.982587414015441,6.748688611018814,7.598475389313977,4.142989989466073,10.49553449536015,28.29199387631492,17.604918
2025-09-01,11.982587414015441,6.709313159204122,7.5454455449275555,4.13905045369678,10.433239834559616,28.551419536563454,17.566505
2025-09-02,11.982587414015441,6.775605469701875,7.610911856232819,4.417486226579181,10.651006920996425,29.07607681208785,17.487356
2025-09-03,11.982587414015441,6.97372230022587,7.827565640663276,4.557300345733775,10.937121122513876,29.20897202677094,17.73749
2025-09-04,11.982587414015441,6.7640186414858565,7.594365457889309,4.434431458757525,10.629462470404764,28.938300248985993,18.05602
2025-09-05,11.982587414015441,6.898107438516627,7.724131382207479,4.577706536950388,10.797267832107433,28.925032648120915,17.644556
2025-09-06,11.982587414015441,6.8035521592134725,7.627287823953059,4.496226565512671,10.673499432302732,28.805478994883615,17.702019
2025-09-07,11.982587414015441,6.874515377548516,7.701551063787692,4.552829793608807,10.783965094728577,29.045150131254143,17.588894
2025-09-08,11.982587414015441,6.778787910390026,7.6116327959839705,4.445535662406377,10.665234845654364,29.29160398166562,17.745594
2025-09-09,11.982587414015441,6.733614671933652,7.56942751969442,4.392032950132293,10.605825872696844,29.154846408783214,17.768648
2025-09-10,11.982587414015441,6.759660408503499,7.602832665553176,4.392105126795858,10.684866995420826,29.79117397579926,17.721268
2025-09-11,12.126602355373318,6.932186425126668,7.791557022998652,4.388636207639821,10.922994999666482,30.197864344333897,18.011597
2025-09-12,12.183131291982638,6.952583336655868,7.8134149051624675,4.40489168080019,11.077327608720394,30.345804435597522,18.339352
2025-09-13,12.169381368586928,6.951154893620591,7.811071681798448,4.399923576942436,11.071059368730195,30.309819336565223,18.885618
2025-09-14,12.104045240506757,6.953451563109636,7.808654337160881,4.376316414878757,11.042059354972086,30.138831303692037,18.79919
2025-09-15,12.110730997391387,6.8615321054938985,7.70792799105843,4.378732103578585,10.929296327039214,30.156328379303268,18.605032
2025-09-16,12.25568919223274,6.9238981121370635,7.776727512244645,4.431108203886815,11.025397516904595,30.535692514712995,18.42879
2025-09-17,12.22091841903125,7.030390162551341,7.87588533935587,4.418544874804322,11.171353754636296,30.44469451965481,18.504702
2025-09-18,12.28419475038188,7.097314775780357,7.943790613080905,4.441407793879608,11.263719616847572,30.610291782221235,18.699057
2025-09-19,12.141637311046887,6.910222544038238,7.757099577760784,4.38989913132717,10.991238094412008,30.237211189814715,18.759691
2025-09-20,12.147814360557405,6.872577831590479,7.7217652786211355,4.392131014561685,10.946922809231447,30.25337762555546,18.36188
2025-09-21,12.100863478740445,6.854657596107676,7.701065507262541,4.375166784989867,10.916584282113766,30.130504727489097,18.376982
2025-09-22,11.846629166266839,6.620064599680736,7.457822317005458,4.283307184596221,10.53872394859239,29.465158403049692,18.276567
2025-09-23,11.774785172837769,6.564021108249936,7.398563344889723,4.2792391400176095,10.44283853551836,29.27713844412711,17.52148
2025-09-24,11.907706820653893,6.571867528099816,7.4142538460509035,4.274662802686454,10.469816041445355,29.62500088636599,17.386421
2025-09-25,11.89638530085428,6.219520016027684,7.040631439293514,4.12829597827215,9.962800926531855,28.497886266111138,17.450127
2025-09-26,11.89638530085428,6.302732315712195,7.127973558583114,4.213561039517522,10.133653981300485,28.670797601957624,16.565353
2025-09-27,11.89638530085428,6.283935921864403,7.10907948460094,4.181951501514594,10.10916389373992,28.66658171431071,16.951962
2025-09-28,11.89638530085428,6.449819215857088,7.288914125891314,4.272399790923252,10.362127770699457,29.324307006682215,16.916178
2025-09-29,11.89638530085428,6.5659755925943974,7.416722156660744,4.308024292304449,10.530778590497553,29.890783030096213,17.363049
2025-09-30,11.89638530085428,6.4987862052109,7.348200696235601,4.30415502785246,10.44278101839642,29.81306478784798,17.657907
2025-10-01,11.89638530085428,6.804988772862272,7.681001207786545,4.539145117815987,10.924401626222437,31.01330907163829,17.501892
2025-10-02,11.89638530085428,6.867407685512906,7.754144523531257,4.555059272402776,11.114367422547396,31.525934336276492,18.327723
2025-10-03,12.04409004408625,6.934316236264704,7.830604266508525,4.6544869821823385,11.23243745352939,31.969486514202835,18.763678
2025-10-04,12.057222658631414,6.8192293738537195,7.715054471196172,4.520894879221623,11.131226811504417,32.006118420756884,18.964819
2025-10-05,12.156747542229496,6.788227790078128,7.687577424983297,4.550606321120743,11.107310521632847,32.28374412466007,18.8927
2025-10-06,12.269115904720032,6.803643690137703,7.7067405236862765,4.545463510819842,11.15751165686801,32.59719856089852,19.006254
2025-10-07,11.957474518390097,6.536528002991628,7.419424313138299,4.425867023662107,10.818644133189228,31.727868872653207,19.417986
2025-10-08,12.140113092336023,6.625760694860559,7.518234607843127,4.493355750172453,10.96860536141721,32.23734263337909,18.69068
2025-10-09,11.987508758811625,6.793395316215887,7.69169477926057,4.436965296025724,11.175091997436402,31.811650709183564,18.995846
2025-10-10,11.169158971073095,5.814855500245646,6.65875823391953,4.134568141792372,9.692470963322444,29.528848588640514,18.642763
2025-10-11,10.961963630349334,5.595489820049892,6.414620308617194,4.05800518259809,9.350333653022892,28.950872424789452,16.687847
2025-10-12,11.364764730051496,5.98786568168163,6.852564943247705,4.054170402615269,9.934077951532762,30.07449417323162,16.307844
2025-10-13,11.384070939773848,6.056394746980152,6.927214730918511,4.091308985410092,10.036569306766824,30.12835043299132,17.491436
2025-10-14,11.37327038653308,5.916591497858493,6.774437396326912,4.029681234416252,9.816806263399627,29.551776258019707,17.687365
2025-10-15,11.37327038653308,5.760615172744359,6.603508444394383,3.917455616551189,9.569186846328845,28.960080762842335,17.278664
2025-10-16,11.37327038653308,5.629224234876948,6.458504735168446,3.7906417021166896,9.344557283744777,28.278938144835966,16.81724
2025-10-17,11.37327038653308,5.541573801889547,6.3617298806066715,3.543774096784132,9.17841180755364,27.825550532853708,16.40253
2025-10-18,11.37327038653308,5.601309482805228,6.427587922473614,3.534878608604593,9.270911017175626,28.020424732274474,16.0937
2025-10-19,11.37327038653308,5.704917654954515,6.541512693958714,3.5618497895739556,9.431910692333183,28.404074305913554,16.265434
2025-10-20,11.37327038653308,5.749630540778796,6.591216737009599,3.60767936204894,9.507798537850476,28.898383825150688,16.564186
2025-10-21,11.37327038653308,5.6187524402216855,6.4469178225189,3.622694841851999,9.313138725394824,28.3218721936682,16.701551
2025-10-22,11.37327038653308,5.550341874832063,6.371373178412979,3.5674005655109884,9.204270235227114,28.118977636015906,16.340305
2025-10-23,11.37327038653308,5.650942087351649,6.4829868364474885,3.6185674308936955,9.367875558625787,28.780238579099013,16.13943
2025-10-24,11.37327038653308,5.7297108481618775,6.570523431927354,3.781674980535714,9.514726510598042,29.022286584173923,16.44073
2025-10-25,11.37327038653308,5.75848129639591,6.602389549035233,3.8174704162831774,9.56350403841754,29.185398833941402,16.710724
2025-10-26,11.37327038653308,5.976754202377066,6.84403629967717,4.1815451997313415,9.940112020816056,29.93861492769098,16.801338
2025-10-27,11.37327038653308,5.938425961996109,6.801801199555003,4.151585039176653,9.877260372265532,29.81811788139961,17.49999
2025-10-28,11.250684371121418,5.920185615826461,6.781398051293582,4.166671752381149,9.817565427721727,29.509628656673033,17.381409
2025-10-29,10.978443961700306,5.839347517012807,6.691769180822522,4.154431769134108,9.697938662162457,28.758309851413692,17.014288
2025-10-30,10.81517710772975,5.719720219047627,6.559530163870002,4.051386138704326,9.488970121997264,28.3077322296049,16.687218
2025-10-31,10.933283029646185,5.70920126849497,6.549556200747538,4.004702634112108,9.495055562636567,28.63367612259946,16.31172
2025-11-01,10.980349158463625,5.8291931101271945,6.681967019873147,4.1408392199597674,9.695331754937932,28.7635662399459,16.482052
2025-11-02,10.969926668217619,5.6819810756763145,6.518639935803952,4.020074280922354,9.529577184661772,28.89000291949175,16.647188
2025-11-03,10.969926668217619,5.190668381239857,5.965047060345775,3.7974733762295743,8.746264537302856,27.850293048512317,16.700155
2025-11-04,10.969926668217619,4.9361789195517725,5.684193086915706,3.6152937348776213,8.354107998481012,26.520001759877918,15.697161
2025-11-05,10.969926668217619,5.0385822144868,5.797932001634572,3.6806933813475906,8.54054899050036,27.147495144871904,14.685176
2025-11-06,10.969926668217619,4.882155990247617,5.623565040053225,3.561636306544648,8.292201592392802,26.473570531252918,15.161277
2025-11-07,10.969926668217619,5.477743799972101,6.302661532063701,3.8424490165873233,9.213908673060375,26.99466884608059,14.727364
2025-11-08,10.969926668217619,5.522428804270943,6.3550770198771325,3.8388054246289833,9.274403387810452,26.733644362465842,15.2839775
2025-11-09,10.969926668217619,5.654571084600196,6.500955872554417,3.952491380706503,9.50019552456383,27.363365995076418,15.166831
2025-11-10,10.969926668217619,5.567061414734588,6.412909574284617,3.742724951206285,9.387770069510902,27.69906811013738,15.721744
2025-11-11,10.969926668217619,5.386068046975077,6.2101549122907445,3.5868497835715325,9.089113699477616,26.922812422144577,15.749269
2025-11-12,10.969926668217619,5.341520881648442,6.159139024110671,3.5169275536627636,9.015785567263826,26.56465552759866,15.20356
2025-11-13,10.969926668217619,5.324429556340547,6.138712503863456,3.48009072905225,8.957176765864709,26.03553531677413,15.090576
2025-11-14,10.969926668217619,5.19539724361854,6.001391937689783,3.4764581164817976,8.73895308003823,24.699819525266033,14.595042
2025-11-15,10.969926668217619,5.420955754418799,6.25430574932624,3.630082651518666,9.082902399743261,24.971892403599796,13.978845
2025-11-16,10.969926668217619,5.16732574329412,5.970146914811649,3.499677246266681,8.694840199831058,24.616186315371575,14.2296095
2025-11-17,10.969926668217619,5.081139829621184,5.871115052112284,3.5425946320035053,8.54710204409024,24.071671898651356,13.913987
2025-11-18,10.969926668217619,5.373340216214684,6.196684184560497,3.7726811815366252,8.990287119021152,24.28438428464333,13.622445
2025-11-19,10.969926668217619,5.1063361378772,5.9041928288124605,3.519172707085797,8.587783667726704,23.904661420010697,13.950616
2025-11-20,10.969926668217619,4.928103154318619,5.699522453701268,3.4794930722502087,8.271576145556475,22.61752375340587,13.577779
2025-11-21,10.969926668217619,5.0885881756713705,5.8549880415459,3.8422580328624796,8.458888449382979,22.233843709865763,12.8177
2025-11-22,10.969926668217619,5.2008253859582725,5.960763588063712,4.007038341537099,8.59538397891352,22.13325001537908,12.64287
2025-11-23,10.969926668217619,5.130013086356306,5.902350373544498,3.8799396425980515,8.53457678437345,22.68845934224072,12.660883
2025-11-24,10.969926668217619,5.245632577722342,6.035095350911569,3.9505499841797636,8.736218542323135,23.069504791732726,12.844924
2025-11-25,10.969926668217619,5.127472438475318,5.917133568013007,3.8027852642619937,8.578656946908906,22.82351116154811,13.271013
2025-11-26,10.969926668217619,5.2577655294537395,6.058895514451096,3.9185862076376092,8.787888392985987,23.64519323815975,13.179902
2025-11-27,10.969926668217619,5.189373626180799,5.988639191803132,3.8386757151326525,8.698383474761581,23.866793074128292,13.564887
2025-11-28,10.969926668217619,5.260900339413166,6.057265863472974,3.951308073248646,8.754000708759982,23.75858942372501,13.578398
2025-11-29,10.969926668217619,5.080856424239541,5.868765086828791,3.7626233620043266,8.526041698526909,23.739080923154877,13.590721
2025-11-30,10.969926668217619,5.1679046418964765,5.952674054753054,3.8962665181575473,8.631987973519779,23.619232439755,13.458075
2025-12-01,10.969926668217619,4.976463624132606,5.736908076561034,3.7761255884430502,8.295278363515626,22.55100421478805,13.448504
2025-12-02,10.969926668217619,5.215225872942358,6.009533249293788,3.9282302946997034,8.70607204959396,23.86453188474138,12.732082
2025-12-03,10.969926668217619,5.506683072622405,6.311375973155708,4.239949119731165,9.143831436882534,24.425364633952466,13.533613
2025-12-04,10.80801199296175,5.378865048008987,6.172790273313694,4.130830544393125,8.952368755621563,24.069832165325753,14.14988
2025-12-05,10.501537131700054,5.220224129481166,5.991912108271867,4.027153980601698,8.684748987886744,23.351541209242644,13.905458
2025-12-06,10.492914651195681,5.357046204267121,6.12751830483976,4.190074174999704,8.868102063654865,23.33133278927493,13.454068
2025-12-07,10.619409933793612,5.45332668629474,6.224405743027302,4.295266496469067,8.998340924331794,23.627801137302065,13.530893
2025-12-08,10.647464141606218,5.394671181186602,6.189108610924466,4.159901136862634,8.966470465281272,23.693553093973442,13.673115
2025-12-09,10.874527150996256,5.560587083135469,6.398413891479956,4.19730734541123,9.259039511730613,24.22572403569522,13.800246
2025-12-10,10.801594574411157,5.50322900693969,6.343343239832978,4.116639604757046,9.176527004409332,24.05479026695209,14.334132
2025-12-11,10.85802272837578,5.4486548266306345,6.271495480711541,4.126421602642541,9.078068255655895,24.187041878555807,14.270082
2025-12-12,10.605549668830077,5.262170619575911,6.0552107820403895,4.179465553093452,8.848307443818392,23.59531684038931,14.1281185
2025-12-13,10.603020512428722,5.2827580592204475,6.0824829333282215,4.16610123747813,8.877198790918262,23.589388904521865,13.686815
2025-12-14,10.370652634513759,5.13129069913223,5.921119483694917,4.015580403391461,8.663663961546403,23.044784318602773,13.735546
2025-12-15,10.175040726084408,4.949902195879139,5.719127983457541,3.8632688308997056,8.37870126211978,22.586325795924154,13.438353
2025-12-16,10.1654037602614,4.998214673431478,5.767193982885618,3.9317436570178286,8.456603683633128,22.961776052744007,13.080536
2025-12-17,10.1654037602614,4.908921986819794,5.650020168541985,3.935325974747655,8.278637338472498,22.532033545305264,13.202474
2025-12-18,10.1654037602614,4.98341484816943,5.715736582262455,4.067177972035963,8.365922224397606,22.33607707967185,12.818016
2025-12-19,10.1654037602614,5.341818035483898,6.080110319725674,4.472033273904474,8.883557193118587,23.02414773721912,12.774143
2025-12-20,10.1654037602614,5.16819408017648,5.918376809031509,4.2414648774091015,8.681180982739267,23.084613308461805,13.368046
2025-12-21,10.1654037602614,5.18523057567883,5.941269193078574,4.2409826099870225,8.70472044150323,23.16719233422631,13.32846
2025-12-22,10.1654037602614,5.185394410051302,5.943118423230816,4.235195821381905,8.708066211515616,23.14545188121491,13.387984
2025-12-23,10.1654037602614,5.066180351904992,5.817756242772734,4.115054891667407,8.536984000784262,22.850777113308023,13.394473
2025-12-24,10.1654037602614,5.044445668571253,5.796901307558691,4.0852955860005435,8.494060092147787,22.897747474751156,13.202652
2025-12-25,10.1654037602614,5.1402031753109165,5.885492230800505,4.230511478444346,8.601773968209459,22.783440366572254,13.163506
2025-12-26,10.1654037602614,5.1676672634180285,5.912329150697744,4.264059968076139,8.646684795385655,22.815934563529087,13.086711
2025-12-27,10.1654037602614,5.322274810738206,6.061993348487885,4.459013735347654,8.865795211237957,22.949749514065704,13.157889
2025-12-28,10.1654037602614,5.274322099579341,5.996631002668324,4.456120130815182,8.810141123607083,22.967857928719674,13.30904
2025-12-29,10.1654037602614,5.13365709585855,5.858165385187348,4.293475337604152,8.62571047977172,22.767521152854663,13.30422
2025-12-30,10.1654037602614,5.145759310285155,5.882163924316613,4.269295533847476,8.666586561965673,23.103822572414266,13.180941
2025-12-31,10.1654037602614,5.143521475865273,5.871179179104487,4.294715273635285,8.640413015474367,22.86870974251383,13.336321
